Country,Country_UN,Admin_Name_Unicode,City,City_Unicode
Jordan,JOR,‘Ajlūn,`Ajlun,‘Ajlūn
United Arab Emirates,ARE,‘Ajmān,`Ajman,‘Ajmān
Yemen,YEM,‘Amrān,`Amran,‘Amrān
Argentina,ARG,La Pampa,25 de Mayo,25 de Mayo
Argentina,ARG,Santa Cruz,28 de Noviembre,28 de Noviembre
Denmark,DNK,Nordjylland,Aalborg,Aalborg
Switzerland,CHE,Aargau,Aarau,Aarau
Switzerland,CHE,Aargau,Aarau,Aarau
Greenland,GRL,,Aasiaat,Aasiaat
Nigeria,NGA,Abia,Aba,Aba
Iran,IRN,Khūzestān,Abadan,Abadan
Algeria,DZA,Béchar,Abadla,Abadla
Brazil,BRA,Pará,Abaetetuba,Abaetetuba
Paraguay,PRY,Caazapá,Abai,Abaí
Nigeria,NGA,Ebonyi,Abakaliki,Abakaliki
Russia,RUS,Khakasiya,Abakan,Abakan
Peru,PER,Apurímac,Abancay,Abancay
Papua New Guinea,PNG,Central,Abau,Abau
Russia,RUS,Khakasiya,Abaza,Abaza
United States,USA,Louisiana,Abbeville,Abbeville
United States,USA,South Carolina,Abbeville,Abbeville
Canada,CAN,British Columbia,Abbotsford,Abbotsford
Pakistan,PAK,Khyber Pakhtunkhwa,Abbottabad,Abbottabad
Chad,TCD,Ouaddaï,Abeche,Abéché
Côte D’Ivoire,CIV,Comoé,Abengourou,Abengourou
Nigeria,NGA,Ogun,Abeokuta,Abeokuta
United Kingdom,GBR,Ceredigion,Aberaeron,Aberaeron
United Kingdom,GBR,Aberdeen City,Aberdeen,Aberdeen
United States,USA,Washington,Aberdeen,Aberdeen
United States,USA,North Carolina,Aberdeen,Aberdeen
United States,USA,Maryland,Aberdeen,Aberdeen
United States,USA,South Dakota,Aberdeen,Aberdeen
Saudi Arabia,SAU,‘Asīr,Abha,Abha
Côte D’Ivoire,CIV,Abidjan,Abidjan,Abidjan
United States,USA,Texas,Abilene,Abilene
United States,USA,Kansas,Abilene,Abilene
Uganda,UGA,Abim,Abim,Abim
United States,USA,Virginia,Abingdon,Abingdon
India,IND,Punjab,Abohar,Abohar
Côte D’Ivoire,CIV,Comoé,Aboisso,Aboisso
Benin,BEN,Zou,Abomey,Abomey
Cameroon,CMR,Est,Abong Mbang,Abong Mbang
Argentina,ARG,Jujuy,Abra Pampa,Abra Pampa
United States,USA,New Jersey,Absecon,Absecon
United Arab Emirates,ARE,Abū Z̧aby,Abu Dhabi,Abu Dhabi
Syria,SYR,Dayr az Zawr,Abu Kamal,Abu Kamal
Nigeria,NGA,Federal Capital Territory,Abuja,Abuja
Brazil,BRA,Rondônia,Abuna,Abunã
Mexico,MEX,Guerrero,Acapulco,Acapulco
Brazil,BRA,Ceará,Acarau,Acaraú
Venezuela,VEN,Portuguesa,Acarigua,Acarigua
Mexico,MEX,Puebla,Acatlan,Acatlan
Ghana,GHA,Greater Accra,Accra,Accra
Bolivia,BOL,La Paz,Achacachi,Achacachi
Russia,RUS,Krasnoyarskiy Kray,Achinsk,Achinsk
San Marino,SMR,Acquaviva,Acquaviva,Acquaviva
Brazil,BRA,Rio Grande do Norte,Acu,Açu
United States,USA,Georgia,Acworth,Acworth
Yemen,YEM,Aḑ Ḑāli‘,Ad Dali`,Aḑ Ḑāli‘
Sudan,SDN,Blue Nile,Ad Damazin,Ad Damazīn
Saudi Arabia,SAU,Ash Sharqīyah,Ad Damman,Ad Damman
Iraq,IRQ,Al Qādisīyah,Ad Diwaniyah,Ad Diwaniyah
Syria,SYR,Rīf Dimashq,Ad Nabk,Ad Nabk
Serbia,SRB,Ada,Ada,Ada
United States,USA,Oklahoma,Ada,Ada
United States,USA,Ohio,Ada,Ada
Pitcairn Islands,PCN,,Adamstown,Adamstown
Turkey,TUR,Adana,Adana,Adana
Turkey,TUR,Sakarya,Adapazari,Adapazarı
Latvia,LVA,Ādažu Novads,Adazi,Ādaži
United States,USA,Louisiana,Addis,Addis
Ethiopia,ETH,Ādīs Ābeba,Addis Ababa,Addis Ababa
United States,USA,Texas,Addison,Addison
United States,USA,Illinois,Addison,Addison
United States,USA,Georgia,Adel,Adel
Australia,AUS,South Australia,Adelaide,Adelaide
Australia,AUS,Northern Territory,Adelaide River,Adelaide River
United States,USA,California,Adelanto,Adelanto
Yemen,YEM,‘Adan,Aden,Aden
Ethiopia,ETH,Tigray,Adigrat,Adigrat
Turkey,TUR,Adıyaman,Adiyaman,Adıyaman
Uganda,UGA,Adjumani,Adjumani,Adjumani
Nigeria,NGA,Ekiti,Ado Ekiti,Ado Ekiti
Algeria,DZA,Adrar,Adrar,Adrar
United States,USA,Michigan,Adrian,Adrian
Samoa,WSM,Tuamasaga,Afega,Afega
Turkey,TUR,Afyonkarahisar,Afyon,Afyon
Niger,NER,Agadez,Agadez,Agadez
Morocco,MAR,Souss-Massa,Agadir,Agadir
Uganda,UGA,Agago,Agago,Agago
Russia,RUS,Krasnoyarskiy Kray,Agapa,Agapa
India,IND,Tripura,Agartala,Agartala
Côte D’Ivoire,CIV,Lagunes,Agboville,Agboville
Azerbaijan,AZE,Ağcabədi,Agcabadi,Ağcabədi
Azerbaijan,AZE,Tovuz,Agdam,Agdam
Azerbaijan,AZE,Ağdam,Agdam,Ağdam
Azerbaijan,AZE,Ağdaş,Agdas,Ağdaş
France,FRA,Nouvelle-Aquitaine,Agen,Agen
Russia,RUS,Zabaykal’skiy Kray,Aginskoye,Aginskoye
Latvia,LVA,Aglonas Novads,Aglona,Aglona
Eritrea,ERI,Gash Barka,Agordat,Agordat
United States,USA,California,Agoura Hills,Agoura Hills
India,IND,Uttar Pradesh,Agra,Agra
Turkey,TUR,Ağrı,Agri,Ağrı
Greece,GRC,Dytikí Elláda,Agrinio,Agrinio
Azerbaijan,AZE,Ağstafa,Agstafa,Ağstafa
Azerbaijan,AZE,Ağsu,Agsu,Ağsu
Mexico,MEX,Sonora,Agua Prieta,Agua Prieta
Mexico,MEX,Aguascalientes,Aguascalientes,Aguascalientes
Mali,MLI,Kidal,Aguelhok,Aguelhok
Iran,IRN,Āz̄arbāyjān-e Sharqī,Ahar,Ahar
India,IND,Gujarāt,Ahmedabad,Ahmedabad
India,IND,Mahārāshtra,Ahmednagar,Ahmednagar
El Salvador,SLV,Ahuachapán,Ahuachapan,Ahuachapán
Iran,IRN,Khūzestān,Ahvaz,Ahvaz
Uruguay,URY,Maldonado,Aigua,Aiguá
United States,USA,South Carolina,Aiken,Aiken
Timor-Leste,TLS,Aileu,Aileu,Aileu
Algeria,DZA,Aïn Defla,Ain Defla,Aïn Defla
Algeria,DZA,Aïn Temouchent,Ain Temouchent,Aïn Temouchent
Timor-Leste,TLS,Ainaro,Ainaro,Ainaro
Bolivia,BOL,Cochabamba,Aiquile,Aiquile
United States,USA,New York,Airmont,Airmont
United States,USA,Washington,Airway Heights,Airway Heights
France,FRA,Provence-Alpes-Côte d’Azur,Aix-en-Provence,Aix-en-Provence
India,IND,Mizoram,Aizawl,Aizawl
Latvia,LVA,Aizkraukles Novads,Aizkraukle,Aizkraukle
Latvia,LVA,Aizputes Novads,Aizpute,Aizpute
France,FRA,Corsica,Ajaccio,Ajaccio
Libya,LBY,Al Wāḩāt,Ajdabiya,Ajdabiya
Slovenia,SVN,Ajdovščina,Ajdovscina,Ajdovščina
India,IND,Rājasthān,Ajmer,Ajmer
Congo (Kinshasa),COD,Bas-Uélé,Aketi,Aketi
Georgia,GEO,Samtskhe-Javakheti,Akhaltsikhe,Akhaltsikhe
Russia,RUS,Astrakhanskaya Oblast’,Akhtubinsk,Akhtubinsk
Japan,JPN,Akita,Akita,Akita
Mauritania,MRT,Inchiri,Akjoujt,Akjoujt
Lithuania,LTU,Akmenė,Akmene,Akmenė
Latvia,LVA,Aknīstes Novads,Akniste,Aknīste
India,IND,Mahārāshtra,Akola,Akola
United States,USA,Ohio,Akron,Akron
Turkey,TUR,Aksaray,Aksaray,Aksaray
China,CHN,Xinjiang,Aksu,Aksu
Ethiopia,ETH,Tigray,Aksum,Aksum
Nigeria,NGA,Ondo,Akure,Akure
Iceland,ISL,,Akureyi,Akureyi
Libya,LBY,Al Jafārah,Al `Aziziyah,Al ‘Azīzīyah
Kuwait,KWT,,Al Ahmadi,Al Ahmadi
Iraq,IRQ,Maysān,Al Amarah,Al Amarah
Jordan,JOR,Al ‘Aqabah,Al Aqabah,Al Aqabah
United Arab Emirates,ARE,Abū Z̧aby,Al Ayn,Al Ayn
Saudi Arabia,SAU,Al Bāḩah,Al Bahah,Al Bāḩah
Yemen,YEM,Al Bayḑā’,Al Bayda,Al Bayda
Libya,LBY,Al Jabal al Akhḑar,Al Bayda,Al Bayda
Oman,OMN,Al Buraymī,Al Buraymi,Al Buraymī
Iraq,IRQ,Al Anbār,Al Fallujah,Al Fallujah
United Arab Emirates,ARE,Al Fujayrah,Al Fujayrah,Al Fujayrah
Yemen,YEM,Al Mahrah,Al Ghaydah,Al Ghaydah
Syria,SYR,Al Ḩasakah,Al Hasakah,Al Hasakah
Yemen,YEM,Al Jawf,Al Hazm,Al Ḩazm
Saudi Arabia,SAU,Ar Riyāḑ,Al Hillah,Al Hillah
Iraq,IRQ,Bābil,Al Hillah,Al Hillah
Yemen,YEM,Al Ḩudaydah,Al Hudaydah,Al Hudaydah
Saudi Arabia,SAU,Ash Sharqīyah,Al Hufuf,Al Hufuf
Yemen,YEM,Raymah,Al Jabin,Al Jabīn
Libya,LBY,Al Buţnān,Al Jaghbub,Al Jaghbub
Kuwait,KWT,,Al Jahra,Al Jahra
Libya,LBY,Al Kufrah,Al Jawf,Al Jawf
Saudi Arabia,SAU,Ash Sharqīyah,Al Jubayl,Al Jubayl
Jordan,JOR,Al Karak,Al Karak,Al Karak
Saudi Arabia,SAU,Ar Riyāḑ,Al Kharj,Al Kharj
Qatar,QAT,Al Khawr wa adh Dhakhīrah,Al Khawr,Al Khawr
Libya,LBY,Al Marqab,Al Khums,Al Khums
Libya,LBY,Al Kufrah,Al Kufrah,Al Kufrah
Iraq,IRQ,Wāsiţ,Al Kut,Al Kut
Syria,SYR,Al Lādhiqīyah,Al Ladhiqiyah,Al Ladhiqiyah
Jordan,JOR,Al Mafraq,Al Mafraq,Al Mafraq
Yemen,YEM,Al Maḩwīt,Al Mahwit,Al Maḩwīt
Libya,LBY,Al Marj,Al Marj,Al Marj
Saudi Arabia,SAU,Ash Sharqīyah,Al Mubarraz,Al Mubarraz
Yemen,YEM,Ḩaḑramawt,Al Mukalla,Al Mukalla
Iraq,IRQ,Bābil,Al Musayyib,Al Musayyib
Syria,SYR,Al Ḩasakah,Al Qamishli,Al Qamishli
West Bank,XWB,,Al Quds,Al Quds
Syria,SYR,Al Qunayţirah,Al Qunaytirah,Al Qunaytirah
Saudi Arabia,SAU,,Al Qunfudhah,Al Qunfudhah
Saudi Arabia,SAU,Ar Riyāḑ,Al Quwayiyah,Al Quwayiyah
Saudi Arabia,SAU,Tabūk,Al Wajh,Al Wajh
Qatar,QAT,Al Wakrah,Al Wakrah,Al Wakrah
United States,USA,Alabama,Alabaster,Alabaster
Philippines,PHL,Sarangani,Alabel,Alabel
Brazil,BRA,Bahia,Alagoinhas,Alagoinhas
Costa Rica,CRI,Alajuela,Alajuela,Alajuela
United States,USA,California,Alameda,Alameda
United States,USA,Texas,Alamo,Alamo
United States,USA,Texas,Alamo Heights,Alamo Heights
United States,USA,New Mexico,Alamogordo,Alamogordo
United States,USA,Colorado,Alamosa,Alamosa
Russia,RUS,Sverdlovskaya Oblast’,Alapayevsk,Alapayevsk
India,IND,Kerala,Alappuzha,Alappuzha
Russia,RUS,Chuvashiya,Alatyr,Alatyr
Ecuador,ECU,Chimborazo,Alausi,Alausí
Oman,OMN,Ad Dākhilīyah,Alayat Samail,Alayat Samail
Romania,ROU,Alba,Alba Lulia,Alba Lulia
Spain,ESP,Castille-La Mancha,Albacete,Albacete
Australia,AUS,Western Australia,Albany,Albany
United States,USA,New York,Albany,Albany
United States,USA,California,Albany,Albany
United States,USA,Georgia,Albany,Albany
United States,USA,Oregon,Albany,Albany
United States,USA,North Carolina,Albemarle,Albemarle
United States,USA,Minnesota,Albert Lea,Albert Lea
United States,USA,Alabama,Albertville,Albertville
United States,USA,Minnesota,Albertville,Albertville
Suriname,SUR,Marowijne,Albina,Albina
United States,USA,New York,Albion,Albion
United States,USA,Michigan,Albion,Albion
United States,USA,New Mexico,Albuquerque,Albuquerque
Australia,AUS,New South Wales,Albury,Albury
United States,USA,Tennessee,Alcoa,Alcoa
Mexico,MEX,Tamaulipas,Aldama,Aldama
Russia,RUS,Sakha (Yakutiya),Aldan,Aldan
Uganda,UGA,Alebtong,Alebtong,Alebtong
United States,USA,Texas,Aledo,Aledo
Mauritania,MRT,Brakna,Aleg,Aleg
Serbia,SRB,Aleksandrovac,Aleksandrovac,Aleksandrovac
Russia,RUS,Sakhalinskaya Oblast’,Aleksandrovsk Sakhalinskiy,Aleksandrovsk Sakhalinskiy
Russia,RUS,Belgorodskaya Oblast’,Alekseyevka,Alekseyevka
Russia,RUS,Tul’skaya Oblast’,Aleksin,Aleksin
Serbia,SRB,Aleksinac,Aleksinac,Aleksinac
Brazil,BRA,Pará,Alenquer,Alenquer
Syria,SYR,Ḩalab,Aleppo,Aleppo
Canada,CAN,Nunavut,Alert,Alert
Norway,NOR,Møre og Romsdal,Alesund,Ålesund
South Africa,ZAF,Northern Cape,Alexander Bay,Alexander Bay
United States,USA,Alabama,Alexander City,Alexander City
Romania,ROU,Teleorman,Alexandria,Alexandria
Egypt,EGY,Al Iskandarīyah,Alexandria,Alexandria
United States,USA,Virginia,Alexandria,Alexandria
United States,USA,Louisiana,Alexandria,Alexandria
United States,USA,Indiana,Alexandria,Alexandria
United States,USA,Minnesota,Alexandria,Alexandria
United States,USA,Kentucky,Alexandria,Alexandria
Greece,GRC,Anatolikí Makedonía kai Thráki,Alexandroupoli,Alexandroupoli
Russia,RUS,Altayskiy Kray,Aleysk,Aleysk
Spain,ESP,Andalusia,Algeciras,Algeciras
Kazakhstan,KAZ,Aqtöbe,Algha,Algha
Algeria,DZA,Alger,Algiers,Algiers
United States,USA,Iowa,Algona,Algona
United States,USA,Illinois,Algonquin,Algonquin
United States,USA,California,Alhambra,Alhambra
Azerbaijan,AZE,Şirvan,Ali Bayramli,Ali Bayramli
Djibouti,DJI,Ali Sabieh,Ali Sabih,Ali Sabih
Serbia,SRB,Alibunar,Alibunar,Alibunar
Spain,ESP,Valencia,Alicante,Alicante
United States,USA,Texas,Alice,Alice
Australia,AUS,Northern Territory,Alice Springs,Alice Springs
India,IND,Uttar Pradesh,Aligarh,Aligarh
India,IND,West Bengal,Alipur Duar,Alipur Duar
United States,USA,Pennsylvania,Aliquippa,Aliquippa
United States,USA,California,Aliso Viejo,Aliso Viejo
South Africa,ZAF,Eastern Cape,Aliwal North,Aliwal North
India,IND,Uttar Pradesh,Allahabad,Allahabad
Burma,MMR,Magway,Allanmyo,Allanmyo
United States,USA,Michigan,Allegan,Allegan
United States,USA,Texas,Allen,Allen
United States,USA,Michigan,Allen Park,Allen Park
United States,USA,New Jersey,Allendale,Allendale
Mexico,MEX,Coahuila de Zaragoza,Allende,Allende
United States,USA,Pennsylvania,Allentown,Allentown
United States,USA,Nebraska,Alliance,Alliance
United States,USA,Ohio,Alliance,Alliance
United Kingdom,GBR,Clackmannanshire,Alloa,Alloa
United States,USA,Wisconsin,Allouez,Allouez
United States,USA,Arkansas,Alma,Alma
United States,USA,Michigan,Alma,Alma
Kazakhstan,KAZ,Almaty,Almaty,Almaty
Brazil,BRA,Minas Gerais,Almenara,Almenara
Spain,ESP,Andalusia,Almeria,Almería
Russia,RUS,Tatarstan,Almetyevsk,Almetyevsk
Panama,PAN,Bocas del Toro,Almirante,Almirante
Niue,NIU,,Alofi,Alofi
Latvia,LVA,Alojas Novads,Aloja,Aloja
Malaysia,MYS,Kedah,Alor Setar,Alor Setar
Papua New Guinea,PNG,Milne Bay,Alotau,Alotau
United States,USA,Michigan,Alpena,Alpena
United States,USA,Georgia,Alpharetta,Alpharetta
United States,USA,Texas,Alpine,Alpine
United States,USA,Utah,Alpine,Alpine
Saudi Arabia,SAU,Ash Sharqīyah,Al-Qatif,Al-Qatif
United States,USA,Illinois,Alsip,Alsip
Latvia,LVA,Alsungas Novads,Alsunga,Alsunga
Norway,NOR,Finnmark,Alta,Alta
Brazil,BRA,Mato Grosso,Alta Floresta,Alta Floresta
Argentina,ARG,Córdoba,Alta Gracia,Alta Gracia
Venezuela,VEN,Guárico,Altagracia de Orituco,Altagracia de Orituco
Brazil,BRA,Pará,Altamira,Altamira
United States,USA,Florida,Altamonte Springs,Altamonte Springs
Mexico,MEX,Sinaloa,Altata,Altata
Mongolia,MNG,Govĭ-Altay,Altay,Altay
China,CHN,Xinjiang,Altay,Altay
Switzerland,CHE,Uri,Altdorf,Altdorf
Argentina,ARG,Chubut,Alto Rio Sanguer,Alto Rio Sanguer
United States,USA,Texas,Alton,Alton
United States,USA,Illinois,Alton,Alton
United States,USA,Wisconsin,Altoona,Altoona
United States,USA,Pennsylvania,Altoona,Altoona
United States,USA,Iowa,Altoona,Altoona
United States,USA,Oklahoma,Altus,Altus
Latvia,LVA,Alūksnes Novads,Aluksne,Alūksne
United States,USA,Oklahoma,Alva,Alva
United States,USA,Texas,Alvin,Alvin
Brazil,BRA,Tocantins,Alvorada,Alvorada
India,IND,Rājasthān,Alwar,Alwar
China,CHN,Inner Mongolia,Alxa Zuoqi,Alxa Zuoqi
Lithuania,LTU,Alytaus Miestas,Alytus,Alytus
Chad,TCD,Ennedi-Est,Am Djarass,Am Djarass
Chad,TCD,Salamat,Am Timan,Am Timan
Indonesia,IDN,Maluku,Amahai,Amahai
Brazil,BRA,Amapá,Amapa,Amapá
United States,USA,Texas,Amarillo,Amarillo
Turkey,TUR,Amasya,Amasya,Amasya
India,IND,Haryāna,Ambala,Ambala
Madagascar,MDG,Antsiranana,Ambanja,Ambanja
Russia,RUS,Sakha (Yakutiya),Ambarchik,Ambarchik
Ecuador,ECU,Tungurahua,Ambato,Ambato
Madagascar,MDG,Toamasina,Ambatondrazaka,Ambatondrazaka
United States,USA,Pennsylvania,Ambler,Ambler
Indonesia,IDN,Maluku,Ambon,Ambon
United States,USA,Pennsylvania,Ambridge,Ambridge
Angola,AGO,Bengo,Ambriz,Ambriz
Georgia,GEO,Rach’a-Lechkhumi da Kvemo Svaneti,Ambrolauri,Ambrolauri
Russia,RUS,Nenetskiy Avtonomnyy Okrug,Amderma,Amderma
United States,USA,California,American Canyon,American Canyon
United States,USA,Utah,American Fork,American Fork
Brazil,BRA,São Paulo,Americana,Americana
United States,USA,Georgia,Americus,Americus
United States,USA,Iowa,Ames,Ames
Canada,CAN,Nova Scotia,Amherst,Amherst
United States,USA,Ohio,Amherst,Amherst
France,FRA,Hauts-de-France,Amiens,Amiens
United States,USA,New York,Amityville,Amityville
Jordan,JOR,Al ‘Āşimah,Amman,Amman
United States,USA,Idaho,Ammon,Ammon
Thailand,THA,Amnat Charoen,Amnat Charoen,Amnat Charoen
Iran,IRN,Māzandarān,Amol,Amol
Uganda,UGA,Amolatar,Amolatar,Amolatar
United States,USA,Mississippi,Amory,Amory
Canada,CAN,Québec,Amos,Amos
India,IND,Mahārāshtra,Amravati,Amravati
India,IND,Punjab,Amritsar,Amritsar
Netherlands,NLD,Noord-Holland,Amsterdam,Amsterdam
United States,USA,New York,Amsterdam,Amsterdam
Uganda,UGA,Amudat,Amudat,Amudat
Uganda,UGA,Amuria,Amuria,Amuria
Russia,RUS,Khabarovskiy Kray,Amursk,Amursk
Uganda,UGA,Amuru,Amuru,Amuru
Ireland,IRL,Cavan,An Cabhan,An Cabhán
Saudi Arabia,SAU,Al Jawf,An Nabk,An Nabk
Iraq,IRQ,An Najaf,An Najaf,An Najaf
Iraq,IRQ,Dhī Qār,An Nasiriyah,An Nasiriyah
Venezuela,VEN,Anzoátegui,Anaco,Anaco
United States,USA,Washington,Anacortes,Anacortes
United States,USA,Oklahoma,Anadarko,Anadarko
Russia,RUS,Chukotskiy Avtonomnyy Okrug,Anadyr,Anadyr
United States,USA,California,Anaheim,Anaheim
United States,USA,Iowa,Anamosa,Anamosa
Brazil,BRA,Goiás,Anapolis,Anápolis
Argentina,ARG,Santiago del Estero,Anatuya,Añatuya
United States,USA,Alaska,Anchorage,Anchorage
Italy,ITA,Marche,Ancona,Ancona
Chile,CHL,Los Lagos,Ancud,Ancud
China,CHN,Heilongjiang,Anda,Anda
United States,USA,Alabama,Andalusia,Andalusia
Australia,AUS,South Australia,Andamooka,Andamooka
United States,USA,California,Anderson,Anderson
United States,USA,Indiana,Anderson,Anderson
United States,USA,South Carolina,Anderson,Anderson
Uzbekistan,UZB,Andijon,Andijon,Andijon
Afghanistan,AFG,Fāryāb,Andkhvoy,Andkhvoy
Madagascar,MDG,Antsiranana,Andoany,Andoany
Peru,PER,Loreto,Andoas,Andoas
"Korea, South",KOR,Gyeongbuk,Andong,Andong
Andorra,AND,Andorra la Vella,Andorra,Andorra
United States,USA,Minnesota,Andover,Andover
United States,USA,Kansas,Andover,Andover
Brazil,BRA,São Paulo,Andradina,Andradina
United States,USA,Texas,Andrews,Andrews
Montenegro,MNE,Andrijevica,Andrijevica,Andrijevica
Madagascar,MDG,Toliara,Androka,Androka
Moldova,MDA,Anenii Noi,Anenii Noi,Anenii Noi
Turkmenistan,TKM,Ahal,Anew,Änew
Thailand,THA,Ang Thong,Ang Thong,Ang Thong
China,CHN,Heilongjiang,Angangxi,Angangxi
Russia,RUS,Irkutskaya Oblast’,Angarsk,Angarsk
Philippines,PHL,Angeles,Angeles,Angeles
France,FRA,Pays de la Loire,Angers,Angers
United States,USA,North Carolina,Angier,Angier
United States,USA,Texas,Angleton,Angleton
Mozambique,MOZ,Nampula,Angoche,Angoche
Chile,CHL,Araucanía,Angol,Angol
United States,USA,Indiana,Angola,Angola
Portugal,PRT,Azores,Angra do Heroismo,Angra do Heroísmo
Uzbekistan,UZB,Toshkent,Angren,Angren
China,CHN,Shaanxi,Ankang,Ankang
Turkey,TUR,Ankara,Ankara,Ankara
Slovenia,SVN,Ankaran,Ankaran,Ankaran
United States,USA,Iowa,Ankeny,Ankeny
China,CHN,Hubei,Anlu,Anlu
United States,USA,Michigan,Ann Arbor,Ann Arbor
United States,USA,Texas,Anna,Anna
United States,USA,Illinois,Anna,Anna
Guyana,GUY,Pomeroon-Supenaam,Anna Regina,Anna Regina
Guyana,GUY,Pomeroon-Supenaam,Anna Regina,Anna Regina
Algeria,DZA,Annaba,Annaba,Annaba
United States,USA,Maryland,Annapolis,Annapolis
France,FRA,Auvergne-Rhône-Alpes,Annecy,Annecy
United States,USA,Alabama,Anniston,Anniston
United States,USA,Minnesota,Anoka,Anoka
China,CHN,Anhui,Anqing,Anqing
"Korea, South",KOR,Gyeonggi,Ansan,Ansan
China,CHN,Liaoning,Anshan,Anshan
China,CHN,Guizhou,Anshun,Anshun
United States,USA,Connecticut,Ansonia,Ansonia
Madagascar,MDG,Antsiranana,Antalaha,Antalaha
Turkey,TUR,Antalya,Antalya,Antalya
Madagascar,MDG,Antananarivo,Antananarivo,Antananarivo
United States,USA,New Mexico,Anthony,Anthony
United States,USA,Texas,Anthony,Anthony
United States,USA,Wisconsin,Antigo,Antigo
Canada,CAN,Nova Scotia,Antigonish,Antigonish
Guatemala,GTM,Sacatepéquez,Antigua Guatemala,Antigua Guatemala
United States,USA,California,Antioch,Antioch
United States,USA,Illinois,Antioch,Antioch
Philippines,PHL,Rizal,Antipolo,Antipolo
Chile,CHL,Antofagasta,Antofagasta,Antofagasta
United Kingdom,GBR,Antrim and Newtownabbey,Antrim,Antrim
Madagascar,MDG,Antananarivo,Antsirabe,Antsirabe
Madagascar,MDG,Antsiranana,Antsiranana,Antsiranana
Madagascar,MDG,Mahajanga,Antsohihy,Antsohihy
Belgium,BEL,Flanders,Antwerpen,Antwerpen
Sri Lanka,LKA,North Central,Anuradhapura,Anuradhapura
China,CHN,Gansu,Anxi,Anxi
China,CHN,Henan,Anyang,Anyang
Lithuania,LTU,Anykščiai,Anyksciai,Anykščiai
Russia,RUS,Kemerovskaya Oblast’,Anzhero Sudzhensk,Anzhero Sudzhensk
Japan,JPN,Aomori,Aomori,Aomori
Italy,ITA,Valle d’Aosta,Aosta,Aosta
Uganda,UGA,Apac,Apac,Apac
Slovenia,SVN,Apače,Apace,Apače
United States,USA,Arizona,Apache Junction,Apache Junction
Serbia,SRB,Apatin,Apatin,Apatin
Russia,RUS,Murmanskaya Oblast’,Apatity,Apatity
Mexico,MEX,Michoacán de Ocampo,Apatzingan,Apatzingán
Latvia,LVA,Apes Novads,Ape,Ape
United States,USA,North Carolina,Apex,Apex
Samoa,WSM,,Apia,Apia
Brazil,BRA,Rio Grande do Norte,Apodi,Apodi
Bolivia,BOL,La Paz,Apolo,Apolo
United States,USA,Florida,Apopka,Apopka
Switzerland,CHE,Appenzell Innerrhoden,Appenzell,Appenzell
United States,USA,California,Apple Valley,Apple Valley
United States,USA,Minnesota,Apple Valley,Apple Valley
United States,USA,Wisconsin,Appleton,Appleton
Russia,RUS,Krasnodarskiy Kray,Apsheronsk,Apsheronsk
Brazil,BRA,Paraná,Apucarana,Apucarana
Kazakhstan,KAZ,Qaraghandy,Aqadyr,Aqadyr
Kazakhstan,KAZ,Batys Qazaqstan,Aqsay,Aqsay
Kazakhstan,KAZ,Aqmola,Aqsu,Aqsu
Kazakhstan,KAZ,Mangghystaū,Aqtau,Aqtau
Kazakhstan,KAZ,Aqtöbe,Aqtobe,Aqtobe
Brazil,BRA,Mato Grosso do Sul,Aquidauana,Aquidauana
Iraq,IRQ,Al Anbār,Ar Ramadi,Ar Ramadi
Syria,SYR,Ar Raqqah,Ar Raqqah,Ar Raqqah
Qatar,QAT,Ar Rayyān,Ar Rayyan,Ar Rayyān
Oman,OMN,Janūb al Bāţinah,Ar Rustaq,Ar Rustāq
Iraq,IRQ,Al Anbār,Ar Rutbah,Ar Rutbah
United States,USA,Alabama,Arab,Arab
Brazil,BRA,Sergipe,Aracaju,Aracaju
Brazil,BRA,Ceará,Aracati,Aracati
Brazil,BRA,São Paulo,Aracatuba,Araçatuba
Macedonia,MKD,Aračinovo,Aracinovo,Aračinovo
Brazil,BRA,Minas Gerais,Aracuai,Araçuaí
Romania,ROU,Arad,Arad,Arad
Mauritania,MRT,Nouakchott Sud,Arafat,Arafat
Brazil,BRA,Tocantins,Araguaina,Araguaína
Brazil,BRA,Minas Gerais,Araguari,Araguari
Iran,IRN,Markazī,Arak,Arak
Kazakhstan,KAZ,Qyzylorda,Aral,Aral
Serbia,SRB,Aranđelovac,Arandelovac,Aranđelovac
Trinidad And Tobago,TTO,San Juan/Laventille,Aranguez,Aranguez
United States,USA,Texas,Aransas Pass,Aransas Pass
Thailand,THA,Sa Kaeo,Aranyaprathet,Aranyaprathet
Mali,MLI,Tombouctou,Araouane,Araouane
Brazil,BRA,Alagoas,Arapiraca,Arapiraca
Brazil,BRA,Paraná,Arapongas,Arapongas
Saudi Arabia,SAU,Al Ḩudūd ash Shamālīyah,Arar,Arar
Brazil,BRA,Santa Catarina,Ararangua,Araranguá
Australia,AUS,Victoria,Ararat,Ararat
Colombia,COL,Arauca,Arauca,Arauca
Papua New Guinea,PNG,Bougainville,Arawa,Arawa
Brazil,BRA,Minas Gerais,Araxa,Araxá
Ethiopia,ETH,YeDebub Bihēroch Bihēreseboch na Hizboch,Arba Minch,Arba Minch
United States,USA,Florida,Arcadia,Arcadia
United States,USA,California,Arcadia,Arcadia
United States,USA,California,Arcata,Arcata
Russia,RUS,Arkhangel’skaya Oblast’,Archangel,Archangel
United States,USA,Pennsylvania,Archbald,Archbald
United States,USA,North Carolina,Archdale,Archdale
United States,USA,North Carolina,Archer Lodge,Archer Lodge
Brazil,BRA,Pernambuco,Arcoverde,Arcoverde
Canada,CAN,Nunavut,Arctic Bay,Arctic Bay
Iran,IRN,Ardabīl,Ardabil,Ardabil
Turkey,TUR,Ardahan,Ardahan,Ardahan
United States,USA,Minnesota,Arden Hills,Arden Hills
United States,USA,Oklahoma,Ardmore,Ardmore
Paraguay,PRY,Central,Aregua,Areguá
Norway,NOR,Aust-Agder,Arendal,Arendal
Peru,PER,Arequipa,Arequipa,Arequipa
Italy,ITA,Tuscany,Arezzo,Arezzo
Canada,CAN,Newfoundland and Labrador,Argentia,Argentia
Denmark,DNK,Midtjylland,Aarhus,Århus
Chile,CHL,Arica y Parinacota,Arica,Arica
Serbia,SRB,Arilje,Arilje,Arilje
Trinidad And Tobago,TTO,Arima,Arima,Arima
Brazil,BRA,Mato Grosso,Aripuana,Aripuana
Brazil,BRA,Rondônia,Ariquemes,Ariquemes
Colombia,COL,Bolívar,Arjona,Arjona
United States,USA,Arkansas,Arkadelphia,Arkadelphia
United States,USA,Kansas,Arkansas City,Arkansas City
United States,USA,Washington,Arlington,Arlington
United States,USA,Texas,Arlington,Arlington
United States,USA,Tennessee,Arlington,Arlington
United States,USA,Illinois,Arlington Heights,Arlington Heights
Niger,NER,Agadez,Arlit,Arlit
Belgium,BEL,Wallonia,Arlon,Arlon
United Kingdom,GBR,"Armagh, Banbridge and Craigavon",Armagh,Armagh
Russia,RUS,Krasnodarskiy Kray,Armavir,Armavir
Armenia,ARM,Armavir,Armavir,Armavir
Colombia,COL,Quindío,Armenia,Armenia
Australia,AUS,New South Wales,Armidale,Armidale
Netherlands,NLD,Gelderland,Arnhem,Arnhem
United States,USA,Missouri,Arnold,Arnold
Kazakhstan,KAZ,Qostanay,Arqalyq,Arqalyq
France,FRA,Hauts-de-France,Arras,Arras
Spain,ESP,Canary Islands,Arrecife,Arrecife
United States,USA,California,Arroyo Grande,Arroyo Grande
Paraguay,PRY,Cordillera,Arroyos y Esteros,Arroyos y Esteros
Russia,RUS,Primorskiy Kray,Arsenyev,Arsenyev
Djibouti,DJI,Arta,Arta,Arta
Armenia,ARM,Ararat,Artashat,Artashat
Cuba,CUB,Artemisa,Artemisa,Artemisa
Russia,RUS,Krasnoyarskiy Kray,Artemovsk,Artemovsk
Russia,RUS,Sverdlovskaya Oblast’,Artemovskiy,Artemovskiy
United States,USA,New Mexico,Artesia,Artesia
United States,USA,California,Artesia,Artesia
Uruguay,URY,Artigas,Artigas,Artigas
Turkey,TUR,Artvin,Artvin,Artvin
Uganda,UGA,Arua,Arua,Arua
Tanzania,TZA,Arusha,Arusha,Arusha
United States,USA,Colorado,Arvada,Arvada
Mongolia,MNG,Övörhangay,Arvayheer,Arvayheer
Canada,CAN,Nunavut,Arviat,Arviat
United States,USA,California,Arvin,Arvin
China,CHN,Inner Mongolia,Arxan,Arxan
Kazakhstan,KAZ,Ongtüstik Qazaqstan,Arys,Arys
Russia,RUS,Nizhegorodskaya Oblast’,Arzamas,Arzamas
Jordan,JOR,Al Balqā’,As Salt,As Salt
Iraq,IRQ,Al Muthanná,As Samawah,As Samawah
Oman,OMN,Masqaţ,As Sib,As Sib
Libya,LBY,,As Sidr,As Sidr
Iraq,IRQ,As Sulaymānīyah,As Sulaymaniyah,As Sulaymaniyah
Saudi Arabia,SAU,Ar Riyāḑ,As Sulayyil,As Sulayyil
Syria,SYR,As Suwaydā’,As Suwayda,As Suwayda
Nigeria,NGA,Delta,Asaba,Asaba
Afghanistan,AFG,Kunaṟ,Asadabad,Asadabad
Japan,JPN,Hokkaidō,Asahikawa,Asahikawa
India,IND,West Bengal,Asansol,Asansol
Samoa,WSM,Vaisigano,Asau,Asau
Russia,RUS,Sverdlovskaya Oblast’,Asbest,Asbest
United States,USA,Iowa,Asbury,Asbury
United States,USA,New Jersey,Asbury Park,Asbury Park
Bolivia,BOL,Santa Cruz,Ascension,Ascension
Mexico,MEX,Chihuahua,Ascension,Ascensión
Ethiopia,ETH,Oromīya,Asela,Asela
Iraq,IRQ,Dhī Qār,Ash Shatrah,Ash Shatrah
Qatar,QAT,,Ash Shihaniyah,Ash Shīḩānīyah
Yemen,YEM,Ḩaḑramawt,Ash Shihr,Ash Shihr
Russia,RUS,Chelyabinskaya Oblast’,Asha,Asha
New Zealand,NZL,Canterbury,Ashburton,Ashburton
United States,USA,North Carolina,Asheboro,Asheboro
United States,USA,North Carolina,Asheville,Asheville
Turkmenistan,TKM,,Ashgabat,Ashgabat
United States,USA,Virginia,Ashland,Ashland
United States,USA,Wisconsin,Ashland,Ashland
United States,USA,Pennsylvania,Ashland,Ashland
United States,USA,Ohio,Ashland,Ashland
United States,USA,Kentucky,Ashland,Ashland
United States,USA,Oregon,Ashland,Ashland
United States,USA,Ohio,Ashtabula,Ashtabula
Armenia,ARM,Aragatsotn,Ashtarak,Ashtarak
United Kingdom,GBR,Tameside,Ashton-under-Lyne,Ashton-under-Lyne
United States,USA,Ohio,Ashville,Ashville
United States,USA,Wisconsin,Ashwaubenon,Ashwaubenon
Russia,RUS,Tomskaya Oblast’,Asino,Asino
Eritrea,ERI,Ma’ākel,Asmara,Asmara
Ethiopia,ETH,Bīnshangul Gumuz,Asosa,Asosa
United States,USA,Colorado,Aspen,Aspen
Eritrea,ERI,Debubawī K’eyih Bahrī,Assab,Assab
Netherlands,NLD,Drenthe,Assen,Assen
Brazil,BRA,São Paulo,Assis,Assis
Cabo Verde,CPV,Santa Catarina,Assomada,Assomada
Kazakhstan,KAZ,Astana,Astana,Astana
Azerbaijan,AZE,Astara,Astara,Astara
Italy,ITA,Piedmont,Asti,Asti
United States,USA,Oregon,Astoria,Astoria
Russia,RUS,Astrakhanskaya Oblast’,Astrakhan,Astrakhan
Paraguay,PRY,Asunción,Asuncion,Asunción
Egypt,EGY,Aswān,Aswan,Aswan
Egypt,EGY,Asyūţ,Asyut,Asyut
Kyrgyzstan,KGZ,Naryn,At Bashy,At Bashy
Jordan,JOR,Aţ Ţafīlah,At Tafilah,At Tafilah
Saudi Arabia,SAU,Makkah al Mukarramah,At Taif,At Taif
Togo,TGO,Plateaux,Atakpame,Atakpamé
Turkmenistan,TKM,Lebap,Atamyrat,Atamyrat
Yemen,YEM,Shabwah,'Ataq,'Ataq
Mauritania,MRT,Adrar,Atar,Atar
United States,USA,California,Atascadero,Atascadero
Kazakhstan,KAZ,Qaraghandy,Atasu,Atasu
Sudan,SDN,River Nile,Atbara,Atbara
Kazakhstan,KAZ,Aqmola,Atbasar,Atbasar
United States,USA,Kansas,Atchison,Atchison
Canada,CAN,Alberta,Athabasca,Athabasca
Greece,GRC,Attikí,Athens,Athens
United States,USA,Texas,Athens,Athens
United States,USA,Tennessee,Athens,Athens
United States,USA,Alabama,Athens,Athens
United States,USA,Georgia,Athens,Athens
United States,USA,Ohio,Athens,Athens
Australia,AUS,Queensland,Atherton,Atherton
United States,USA,California,Atherton,Atherton
Chad,TCD,Batha,Ati,Ati
Canada,CAN,Ontario,Atikokan,Atikokan
Russia,RUS,Saratovskaya Oblast’,Atkarsk,Atkarsk
United States,USA,Texas,Atlanta,Atlanta
United States,USA,Georgia,Atlanta,Atlanta
United States,USA,Iowa,Atlantic,Atlantic
United States,USA,Florida,Atlantic Beach,Atlantic Beach
United States,USA,New Jersey,Atlantic City,Atlantic City
Mexico,MEX,Puebla,Atlixco,Atlixco
United States,USA,Alabama,Atmore,Atmore
United States,USA,Tennessee,Atoka,Atoka
Mexico,MEX,Guerrero,Atoyac,Atoyac
United States,USA,Alabama,Attalla,Attalla
Laos,LAO,Attapu,Attapu,Attapu
Malta,MLT,Attard,Attard,Attard
Canada,CAN,Ontario,Attawapiskat,Attawapiskat
United States,USA,New York,Attica,Attica
United States,USA,Indiana,Attica,Attica
United States,USA,Massachusetts,Attleboro,Attleboro
United States,USA,California,Atwater,Atwater
Kazakhstan,KAZ,Atyraū,Atyrau,Atyrau
United States,USA,Texas,Aubrey,Aubrey
United States,USA,Washington,Auburn,Auburn
United States,USA,New York,Auburn,Auburn
United States,USA,California,Auburn,Auburn
United States,USA,Alabama,Auburn,Auburn
United States,USA,Georgia,Auburn,Auburn
United States,USA,Indiana,Auburn,Auburn
United States,USA,Maine,Auburn,Auburn
United States,USA,Michigan,Auburn Hills,Auburn Hills
United States,USA,Florida,Auburndale,Auburndale
Latvia,LVA,Auces Novads,Auce,Auce
New Zealand,NZL,Auckland,Auckland,Auckland
United States,USA,New Jersey,Audubon,Audubon
Germany,DEU,Bavaria,Augsburg,Augsburg
United States,USA,Georgia,Augusta,Augusta
United States,USA,Maine,Augusta,Augusta
United States,USA,Kansas,Augusta,Augusta
Solomon Islands,SLB,Malaita,Auki,Auki
India,IND,Mahārāshtra,Aurangabad,Aurangabad
India,IND,Bihār,Aurangabad,Aurangabad
United States,USA,Colorado,Aurora,Aurora
United States,USA,Illinois,Aurora,Aurora
United States,USA,Ohio,Aurora,Aurora
United States,USA,Missouri,Aurora,Aurora
United States,USA,Georgia,Austell,Austell
United States,USA,Texas,Austin,Austin
United States,USA,Minnesota,Austin,Austin
Mexico,MEX,Jalisco,Autlan,Autlan
France,FRA,Bourgogne-Franche-Comté,Auxerre,Auxerre
Brazil,BRA,São Paulo,Avare,Avaré
Cook Islands,COK,,Avarua,Avarua
Portugal,PRT,Aveiro,Aveiro,Aveiro
United States,USA,California,Avenal,Avenal
United States,USA,Florida,Aventura,Aventura
United States,USA,Colorado,Avon,Avon
United States,USA,Indiana,Avon,Avon
United States,USA,Ohio,Avon,Avon
United States,USA,Ohio,Avon Lake,Avon Lake
United States,USA,Florida,Avon Park,Avon Park
United States,USA,Arizona,Avondale,Avondale
Ethiopia,ETH,YeDebub Bihēroch Bihēreseboch na Hizboch,Awasa,Awasa
Libya,LBY,Wādī al Ḩayāt,Awbari,Awbārī
South Sudan,SSD,Northern Bahr el Ghazal,Aweil,Aweil
Libya,LBY,Al Wāḩāt,Awjilah,Awjilah
Nigeria,NGA,Anambra,Awka,Awka
Peru,PER,Ayacucho,Ayacucho,Ayacucho
Kazakhstan,KAZ,Shyghys Qazaqstan,Ayakoz,Ayakoz
Russia,RUS,Khabarovskiy Kray,Ayan,Ayan
Colombia,COL,Córdoba,Ayapel,Ayapel
Peru,PER,Puno,Ayaviri,Ayaviri
Afghanistan,AFG,Samangān,Aybak,Aybak
United States,USA,North Carolina,Ayden,Ayden
Turkey,TUR,Aydın,Aydin,Aydın
United Kingdom,GBR,Buckinghamshire,Aylesbury,Aylesbury
Niger,NER,Tillabéri,Ayorou,Ayorou
Mauritania,MRT,Hodh el Gharbi,Ayoun el Atrous,Ayoun el Atrous
Australia,AUS,Queensland,Ayr,Ayr
United Kingdom,GBR,South Ayrshire,Ayr,Ayr
Mexico,MEX,Guerrero,Ayutla,Ayutla
Thailand,THA,Phra Nakhon Si Ayutthaya,Ayutthaya,Ayutthaya
Iraq,IRQ,Al Başrah,Az Aubayr,Az Aubayr
Qatar,QAT,Az̧ Z̧a‘āyin,Az Za`ayin,Az̧ Z̧a‘āyin
Saudi Arabia,SAU,Ash Sharqīyah,Az Zahran,Az Zahran
Jordan,JOR,Az Zarqā’,Az Zarqa,Az Zarqa
Libya,LBY,Az Zāwiyah,Az Zawiyah,Az Zawiyah
Nigeria,NGA,Bauchi,Azare,Azare
United States,USA,Texas,Azle,Azle
Ecuador,ECU,Cañar,Azogues,Azogues
United States,USA,New Mexico,Aztec,Aztec
Dominican Republic,DOM,Valdesia,Azua,Azua
Argentina,ARG,Buenos Aires,Azul,Azul
United States,USA,California,Azusa,Azusa
Vietnam,VNM,Bà Rịa-Vũng Tàu,Ba Ria,Bà Rịa
Lebanon,LBN,Baalbek-Hermel,Baalbek,Baalbek
Ecuador,ECU,Los Ríos,Babahoyo,Babahoyo
Sudan,SDN,Western Kordofan,Babanusa,Babanusa
Tanzania,TZA,Manyara,Babati,Babati
Lebanon,LBN,Mont-Liban,B'abda,B'abda
Belarus,BLR,Mahilyowskaya Voblasts’,Babruysk,Babruysk
Serbia,SRB,Babušnica,Babusnica,Babušnica
United States,USA,New York,Babylon,Babylon
Serbia,SRB,Bač,Bac,Bač
Vietnam,VNM,Bắc Giang,Bac Giang,Bắc Giang
Vietnam,VNM,Bắc Kạn,Bac Kan,Bắc Kạn
Vietnam,VNM,Bạc Liêu,Bac Lieu,Bạc Liêu
Vietnam,VNM,Bắc Ninh,Bac Ninh,Bắc Ninh
Brazil,BRA,Maranhão,Bacabal,Bacabal
Romania,ROU,Bacău,Bacau,Bacău
Serbia,SRB,Bačka Palanka,Backa Palanka,Bačka Palanka
Serbia,SRB,Bačka Topola,Backa Topola,Bačka Topola
Serbia,SRB,Bački Petrovac,Backi Petrovac,Bački Petrovac
Philippines,PHL,Bacolod,Bacolod,Bacolod
Spain,ESP,Extremadura,Badajoz,Badajoz
Canada,CAN,Nova Scotia,Baddeck,Baddeck
Taiwan,TWN,Taoyuan,Bade,Bade
Sri Lanka,LKA,Uva,Badulla,Badulla
Norway,NOR,Akershus,Baerum,Bærum
Cameroon,CMR,Ouest,Bafang,Bafang
Guinea-Bissau,GNB,Bafatá,Bafata,Bafatá
Cameroon,CMR,Centre,Bafia,Bafia
Mali,MLI,Kayes,Bafoulabe,Bafoulabé
Cameroon,CMR,Ouest,Bafoussam,Bafoussam
Turkey,TUR,Samsun,Bafra,Bafra
Congo (Kinshasa),COD,Tshopo,Bafwasende,Bafwasende
Tanzania,TZA,Coast,Bagamoyo,Bagamoyo
Russia,RUS,Buryatiya,Bagdarin,Bagdarin
Brazil,BRA,Rio Grande do Sul,Bage,Bagé
Iraq,IRQ,Baghdād,Baghdad,Baghdad
Afghanistan,AFG,Baghlān,Baghlan,Baghlan
Nepal,NPL,,Baglung,Baglung
Burma,MMR,Bago,Bago,Bago
Philippines,PHL,Baguio,Baguio City,Baguio City
Pakistan,PAK,Punjab,Bahawalpur,Bahawalpur
Argentina,ARG,Buenos Aires,Bahia Blanca,Bahía Blanca
Ethiopia,ETH,Āmara,Bahir Dar,Bahir Dar
India,IND,Uttar Pradesh,Bahraich,Bahraich
Romania,ROU,Maramureş,Baia Mare,Baia Mare
China,CHN,Jilin,Baicheng,Baicheng
Canada,CAN,Québec,Baie-Comeau,Baie-Comeau
United States,USA,Georgia,Bainbridge,Bainbridge
United States,USA,Washington,Bainbridge Island,Bainbridge Island
China,CHN,Heilongjiang,Baiquan,Baiquan
China,CHN,Inner Mongolia,Bairin Zuoqi,Bairin Zuoqi
Australia,AUS,Victoria,Bairnsdale,Bairnsdale
China,CHN,Jilin,Baishan,Baishan
Serbia,SRB,Bajina Bašta,Bajina Basta,Bajina Bašta
Albania,ALB,Kukës,Bajram Curri,Bajram Curri
Russia,RUS,Chelyabinskaya Oblast’,Bakal,Bakal
United States,USA,Louisiana,Baker,Baker
United States,USA,Oregon,Baker City,Baker City
Canada,CAN,Nunavut,Baker Lake,Baker Lake
United States,USA,California,Bakersfield,Bakersfield
Somalia,SOM,Awdal,Baki,Baki
Azerbaijan,AZE,Bakı,Baku,Baku
Malawi,MWI,Balaka,Balaka,Balaka
Azerbaijan,AZE,Balakən,Balakan,Balakən
Russia,RUS,Nizhegorodskaya Oblast’,Balakhna,Balakhna
Russia,RUS,Saratovskaya Oblast’,Balakovo,Balakovo
Mexico,MEX,Tabasco,Balancan,Balancán
Philippines,PHL,Bataan,Balanga,Balanga
Russia,RUS,Saratovskaya Oblast’,Balashov,Balashov
Panama,PAN,Panamá,Balboa,Balboa
Argentina,ARG,Buenos Aires,Balcarce,Balcarce
United States,USA,Texas,Balch Springs,Balch Springs
Latvia,LVA,Baldones Novads,Baldone,Baldone
United States,USA,Wisconsin,Baldwin,Baldwin
United States,USA,Pennsylvania,Baldwin,Baldwin
United States,USA,California,Baldwin Park,Baldwin Park
United States,USA,New York,Baldwinsville,Baldwinsville
Philippines,PHL,Aurora,Baler,Baler
Turkey,TUR,Balıkesir,Balikesir,Balıkesir
Indonesia,IDN,Kalimantan Timur,Balikpapan,Balikpapan
Turkmenistan,TKM,Balkan,Balkanabat,Balkanabat
Afghanistan,AFG,Balkh,Balkh,Balkh
Australia,AUS,Victoria,Ballarat,Ballarat
Australia,AUS,New South Wales,Ballina,Ballina
United States,USA,New York,Ballston Spa,Ballston Spa
United States,USA,Missouri,Ballwin,Ballwin
United Kingdom,GBR,Mid and East Antrim,Ballymena,Ballymena
Kazakhstan,KAZ,Qaraghandy,Balqash,Balqash
Brazil,BRA,Maranhão,Balsas,Balsas
Uruguay,URY,Artigas,Baltasar Brum,Baltasar Brum
Moldova,MDA,Bălţi,Balti,Bălți
United States,USA,Maryland,Baltimore,Baltimore
Latvia,LVA,Baltinavas Novads,Baltinava,Baltinava
Latvia,LVA,Balvu Novads,Balvi,Balvi
Kyrgyzstan,KGZ,Ysyk-Köl,Balykchy,Balykchy
Kazakhstan,KAZ,Atyraū,Balyqshy,Balyqshy
Malta,MLT,Balzan,Balzan,Balzan
Liechtenstein,LIE,Balzers,Balzers,Balzers
Iran,IRN,Kermān,Bam,Bam
Nigeria,NGA,Borno,Bama,Bama
Mali,MLI,Bamako,Bamako,Bamako
Central African Republic,CAF,Ouaka,Bambari,Bambari
Cameroon,CMR,North-West,Bamenda,Bamenda
Afghanistan,AFG,Bāmyān,Bamian,Bamian
Laos,LAO,Bokèo,Ban Houayxay,Ban Houayxay
Mali,MLI,Koulikoro,Banamba,Banamba
United Kingdom,GBR,"Armagh, Banbridge and Craigavon",Banbridge,Banbridge
Indonesia,IDN,Aceh,Banda Aceh,Banda Aceh
Indonesia,IDN,Lampung,Bandar Lampung,Bandar Lampung
Brunei,BRN,,Bandar Seri Begawan,Bandar Seri Begawan
Somalia,SOM,Bari,Bandarbeyla,Bandarbeyla
Iran,IRN,Būshehr,Bandar-e Bushehr,Bandar-e Bushehr
Iran,IRN,Hormozgān,Bandar-e-Abbas,Bandar-e-Abbas
Indonesia,IDN,Kalimantan Selatan,Bandjarmasin,Bandjarmasin
Congo (Kinshasa),COD,Kwilu,Bandundu,Bandundu
Indonesia,IDN,Jawa Barat,Bandung,Bandung
Cuba,CUB,Holguín,Banes,Banes
Canada,CAN,Alberta,Banff,Banff
Burkina Faso,BFA,Cascades,Banfora,Banfora
India,IND,Karnātaka,Bangalore,Bangalore
Central African Republic,CAF,Mbomou,Bangassou,Bangassou
Libya,LBY,Banghāzī,Banghazi,Banghazi
Thailand,THA,Krung Thep Maha Nakhon,Bangkok,Bangkok
Côte D’Ivoire,CIV,Montagnes,Bangolo,Bangolo
United Kingdom,GBR,Ards and North Down,Bangor,Bangor
United States,USA,Pennsylvania,Bangor,Bangor
United States,USA,Maine,Bangor,Bangor
Philippines,PHL,Abra,Bangued,Bangued
Central African Republic,CAF,Bangui,Bangui,Bangui
Dominican Republic,DOM,Valdesia,Bani,Baní
Libya,LBY,Mişrātah,Bani Walid,Bani Walid
Bosnia And Herzegovina,BIH,"Srpska, Republika",Banja Luka,Banja Luka
"Gambia, The",GMB,Banjul,Banjul,Banjul
Cambodia,KHM,Ratanakiri,Banlung,Banlung
United States,USA,California,Banning,Banning
Pakistan,PAK,Khyber Pakhtunkhwa,Bannu,Bannu
Taiwan,TWN,New Taipei,Banqiao,Banqiao
"Gambia, The",GMB,Central River,Bansang,Bansang
Slovakia,SVK,Banskobystrický,Banska Bystrica,Banská Bystrica
Indonesia,IDN,Jawa Timur,Banyuwangi,Banyuwangi
China,CHN,Hebei,Baoding,Baoding
China,CHN,Shaanxi,Baoji,Baoji
China,CHN,Yunnan,Baoshan,Baoshan
China,CHN,Inner Mongolia,Baotou,Baotou
Iraq,IRQ,Diyālá,Baqubah,Baqubah
Montenegro,MNE,Bar,Bar,Bar
Russia,RUS,Novosibirskaya Oblast’,Barabinsk,Barabinsk
United States,USA,Wisconsin,Baraboo,Baraboo
Dominican Republic,DOM,Enriquillo,Barahona,Barahona
Afghanistan,AFG,Lōgar,Baraki Barak,Baraki Barak
India,IND,Jammu and Kashmīr,Baramula,Baramula
Belarus,BLR,Brestskaya Voblasts’,Baranavichy,Baranavichy
Brazil,BRA,Minas Gerais,Barbacena,Barbacena
United States,USA,Ohio,Barberton,Barberton
United States,USA,Kentucky,Barbourville,Barbourville
Australia,AUS,Queensland,Barcaldine,Barcaldine
Venezuela,VEN,Anzoátegui,Barcelona,Barcelona
Spain,ESP,Catalonia,Barcelona,Barcelona
Brazil,BRA,Amazonas,Barcelos,Barcelos
Liberia,LBR,Grand Kru,Barclayville,Barclayville
Chad,TCD,Tibesti,Bardai,Bardaï
India,IND,West Bengal,Barddhaman,Barddhaman
United States,USA,Kentucky,Bardstown,Bardstown
India,IND,Uttar Pradesh,Bareilly,Bareilly
Eritrea,ERI,Gash Barka,Barentu,Barentu
United States,USA,Indiana,Bargersville,Bargersville
Italy,ITA,Puglia,Bari,Bari
Tanzania,TZA,Simiyu,Bariadi,Bariadi
Venezuela,VEN,Barinas,Barinas,Barinas
Bangladesh,BGD,Barisāl,Barisal,Barisal
Italy,ITA,Puglia,Barletta,Barletta
Russia,RUS,Altayskiy Kray,Barnaul,Barnaul
United States,USA,Georgia,Barnesville,Barnesville
United Kingdom,GBR,Barnsley,Barnsley,Barnsley
Venezuela,VEN,Lara,Barquisimeto,Barquisimeto
Brazil,BRA,Mato Grosso,Barra do Bugres,Barra do Bugres
Brazil,BRA,Maranhão,Barra do Corda,Barra do Corda
Brazil,BRA,Mato Grosso,Barra do Garcas,Barra do Garças
Brazil,BRA,Rio de Janeiro,Barra Mansa,Barra Mansa
Colombia,COL,Santander,Barrancabermeja,Barrancabermeja
Colombia,COL,Atlántico,Barranquilla,Barranquilla
Brazil,BRA,Piauí,Barras,Barras
United States,USA,Vermont,Barre,Barre
Brazil,BRA,Bahia,Barreiras,Barreiras
Brazil,BRA,Pernambuco,Barreiros,Barreiros
Brazil,BRA,São Paulo,Barretos,Barretos
United Kingdom,GBR,"Vale of Glamorgan, The",Barri,Barri
Canada,CAN,Ontario,Barrie,Barrie
United States,USA,New Jersey,Barrington,Barrington
United States,USA,Illinois,Barrington,Barrington
United States,USA,California,Barstow,Barstow
Guyana,GUY,Cuyuni-Mazaruni,Bartica,Bartica
Turkey,TUR,Bartın,Bartin,Bartın
United States,USA,Oklahoma,Bartlesville,Bartlesville
United States,USA,Tennessee,Bartlett,Bartlett
United States,USA,Illinois,Bartlett,Bartlett
United States,USA,Illinois,Bartonville,Bartonville
United States,USA,Florida,Bartow,Bartow
Mongolia,MNG,Sühbaatar,Baruun Urt,Baruun Urt
Belarus,BLR,Minskaya Voblasts’,Barysaw,Barysaw
United States,USA,Colorado,Basalt,Basalt
Congo (Kinshasa),COD,Équateur,Basankusu,Basankusu
Moldova,MDA,Basarabeasca,Basarabeasca,Basarabeasca
Philippines,PHL,Batanes,Basco,Basco
United States,USA,Kansas,Basehor,Basehor
Switzerland,CHE,Basel-Stadt,Basel,Basel
Congo (Kinshasa),COD,Tshopo,Basoko,Basoko
Iraq,IRQ,Al Başrah,Basra,Basra
Togo,TGO,Kara,Bassar,Bassar
"Gambia, The",GMB,Upper River,Basse Santa Su,Basse Santa Su
Saint Kitts And Nevis,KNA,Saint George Basseterre,Basseterre,Basseterre
Guadeloupe,GLP,,Basse-Terre,Basse-Terre
Guadeloupe,GLP,,Basse-terre,Basse-terre
France,FRA,Corsica,Bastia,Bastia
United States,USA,Texas,Bastrop,Bastrop
United States,USA,Louisiana,Bastrop,Bastrop
Equatorial Guinea,GNQ,Litoral,Bata,Bata
Russia,RUS,Sakha (Yakutiya),Batagay,Batagay
Philippines,PHL,Batangas,Batangas,Batangas
Brazil,BRA,São Paulo,Batatais,Batatais
United States,USA,New York,Batavia,Batavia
United States,USA,Illinois,Batavia,Batavia
Russia,RUS,Rostovskaya Oblast’,Bataysk,Bataysk
Australia,AUS,New South Wales,Batemans Bay,Batemans Bay
United States,USA,South Carolina,Batesburg-Leesville,Batesburg-Leesville
United States,USA,Arkansas,Batesville,Batesville
United States,USA,Indiana,Batesville,Batesville
United States,USA,Mississippi,Batesville,Batesville
United Kingdom,GBR,Bath and North East Somerset,Bath,Bath
United States,USA,New York,Bath,Bath
United States,USA,Maine,Bath,Bath
Australia,AUS,New South Wales,Bathurst,Bathurst
Canada,CAN,New Brunswick,Bathurst,Bathurst
Ethiopia,ETH,Āmara,Bati,Bati
Kyrgyzstan,KGZ,Batken,Batken,Batken
Turkey,TUR,Batman,Batman,Batman
Algeria,DZA,Batna,Batna,Batna
Serbia,SRB,Batočina,Batocina,Batočina
United States,USA,Louisiana,Baton Rouge,Baton Rouge
Cameroon,CMR,Est,Batouri,Batouri
Cambodia,KHM,Battambang,Battambang,Battambang
Sri Lanka,LKA,Eastern,Batticaloa,Batticaloa
United States,USA,Michigan,Battle Creek,Battle Creek
United States,USA,Washington,Battle Ground,Battle Ground
United States,USA,Missouri,Battlefield,Battlefield
Malaysia,MYS,Johor,Batu Pahat,Batu Pahat
Georgia,GEO,Ajaria,Batumi,Batumi
Brazil,BRA,Ceará,Baturite,Baturité
Indonesia,IDN,Sulawesi Tenggara,Baubau,Baubau
Timor-Leste,TLS,Baucau,Baucau,Baucau
Nigeria,NGA,Bauchi,Bauchi,Bauchi
Bolivia,BOL,El Beni,Baures,Baures
Brazil,BRA,São Paulo,Bauru,Bauru
Latvia,LVA,Bauskas Novads,Bauska,Bauska
Dominican Republic,DOM,Yuma,Bavaro,Bávaro
Ghana,GHA,Upper East,Bawku,Bawku
United States,USA,Georgia,Baxley,Baxley
United States,USA,Minnesota,Baxter,Baxter
United States,USA,Texas,Bay City,Bay City
United States,USA,Michigan,Bay City,Bay City
United States,USA,Florida,Bay Harbor Islands,Bay Harbor Islands
United States,USA,Alabama,Bay Minette,Bay Minette
United States,USA,Mississippi,Bay Saint Louis,Bay Saint Louis
United States,USA,Ohio,Bay Village,Bay Village
Cuba,CUB,Granma,Bayamo,Bayamo
China,CHN,Inner Mongolia,Bayan Obo,Bayan Obo
Mongolia,MNG,Bayanhongor,Bayankhongor,Bayankhongor
Turkey,TUR,Bayburt,Bayburt,Bayburt
Somalia,SOM,Bay,Baydhabo,Baydhabo
Kazakhstan,KAZ,Aqtöbe,Bayghanin,Bayghanin
Kazakhstan,KAZ,Qyzylorda,Baykonur,Baykonur
Philippines,PHL,Nueva Vizcaya,Bayombong,Bayombong
United States,USA,New Jersey,Bayonne,Bayonne
United States,USA,Texas,Baytown,Baytown
United States,USA,New York,Bayville,Bayville
Afghanistan,AFG,Panjshir,Bazarak,Bāzārak
United States,USA,Illinois,Beach Park,Beach Park
United States,USA,New Jersey,Beachwood,Beachwood
United States,USA,Ohio,Beachwood,Beachwood
United States,USA,New York,Beacon,Beacon
United States,USA,Illinois,Beardstown,Beardstown
United States,USA,Nebraska,Beatrice,Beatrice
United States,USA,South Carolina,Beaufort,Beaufort
South Africa,ZAF,Western Cape,Beaufort West,Beaufort West
United States,USA,Texas,Beaumont,Beaumont
United States,USA,California,Beaumont,Beaumont
United States,USA,Wisconsin,Beaver Dam,Beaver Dam
United States,USA,Kentucky,Beaver Dam,Beaver Dam
United States,USA,Pennsylvania,Beaver Falls,Beaver Falls
United States,USA,Ohio,Beavercreek,Beavercreek
United States,USA,Oregon,Beaverton,Beaverton
Serbia,SRB,Bečej,Becej,Bečej
Algeria,DZA,Béchar,Bechar,Béchar
United States,USA,West Virginia,Beckley,Beckley
United Kingdom,GBR,Bedford,Bedford,Bedford
United States,USA,Virginia,Bedford,Bedford
United States,USA,Texas,Bedford,Bedford
United States,USA,Indiana,Bedford,Bedford
United States,USA,Ohio,Bedford,Bedford
United States,USA,Ohio,Bedford Heights,Bedford Heights
Australia,AUS,Queensland,Bedourie,Bedourie
United States,USA,Texas,Bee Cave,Bee Cave
United States,USA,Arkansas,Beebe,Beebe
United States,USA,Indiana,Beech Grove,Beech Grove
Israel,ISR,Southern,Beer Sheva,Beer Sheva
United States,USA,Texas,Beeville,Beeville
Iran,IRN,Khūzestān,Behbehan,Behbehan
China,CHN,Heilongjiang,Beian,Beian
China,CHN,Guangxi,Beihai,Beihai
China,CHN,Beijing,Beijing,Beijing
China,CHN,Liaoning,Beipiao,Beipiao
Mozambique,MOZ,Sofala,Beira,Beira
Lebanon,LBN,Beyrouth,Beirut,Beirut
Zimbabwe,ZWE,,Beitbridge,Beitbridge
Portugal,PRT,Beja,Beja,Beja
Tunisia,TUN,Béja,Beja,Béja
Algeria,DZA,Bejaïa,Bejaia,Béjaïa
Indonesia,IDN,Jawa Barat,Bekasi,Bekasi
Hungary,HUN,Békés,Bekescsaba,Békéscsaba
Madagascar,MDG,Toliara,Bekiy,Bekiy
United States,USA,Maryland,Bel Air,Bel Air
Serbia,SRB,Bela Crkva,Bela Crkva,Bela Crkva
Serbia,SRB,Bela Palanka,Bela Palanka,Bela Palanka
Cameroon,CMR,Est,Belabo,Bélabo
Russia,RUS,Rostovskaya Oblast’,Belaya Kalitva,Belaya Kalitva
Macedonia,MKD,Debarca,Belcista,Belčišta
United States,USA,Michigan,Belding,Belding
Russia,RUS,Bashkortostan,Belebey,Belebey
Somalia,SOM,Hiiraan,Beledweyne,Beledweyne
Brazil,BRA,Pará,Belem,Belém
Argentina,ARG,Catamarca,Belen,Belen
United States,USA,New Mexico,Belen,Belen
Paraguay,PRY,Concepción,Belen,Belén
United Kingdom,GBR,Belfast,Belfast,Belfast
United Kingdom,GBR,Belfast,Belfast,Belfast
India,IND,Karnātaka,Belgaum,Belgaum
Russia,RUS,Belgorodskaya Oblast’,Belgorod,Belgorod
Serbia,SRB,,Belgrade,Belgrade
United States,USA,Montana,Belgrade,Belgrade
Belize,BLZ,Belize,Belize City,Belize City
United States,USA,California,Bell,Bell
United States,USA,California,Bell Gardens,Bell Gardens
Argentina,ARG,Córdoba,Bell Ville,Bell Ville
Canada,CAN,British Columbia,Bella Bella,Bella Bella
Uruguay,URY,Artigas,Bella Union,Bella Unión
Paraguay,PRY,Amambay,Bella Vista,Bella Vista
United States,USA,Arkansas,Bella Vista,Bella Vista
United States,USA,Texas,Bellaire,Bellaire
India,IND,Karnātaka,Bellary,Bellary
United States,USA,Ohio,Bellbrook,Bellbrook
United States,USA,South Dakota,Belle Fourche,Belle Fourche
United States,USA,Florida,Belle Glade,Belle Glade
United States,USA,Florida,Belle Isle,Belle Isle
United States,USA,Minnesota,Belle Plaine,Belle Plaine
United States,USA,Ohio,Bellefontaine,Bellefontaine
United States,USA,Missouri,Bellefontaine Neighbors,Bellefontaine Neighbors
United States,USA,Pennsylvania,Bellefonte,Bellefonte
Canada,CAN,Ontario,Belleville,Belleville
United States,USA,Illinois,Belleville,Belleville
United States,USA,Washington,Bellevue,Bellevue
United States,USA,Wisconsin,Bellevue,Bellevue
United States,USA,Nebraska,Bellevue,Bellevue
United States,USA,Pennsylvania,Bellevue,Bellevue
United States,USA,Ohio,Bellevue,Bellevue
United States,USA,Kentucky,Bellevue,Bellevue
United States,USA,California,Bellflower,Bellflower
United States,USA,Washington,Bellingham,Bellingham
Switzerland,CHE,Ticino,Bellinzona,Bellinzona
United States,USA,New Jersey,Bellmawr,Bellmawr
United States,USA,Texas,Bellmead,Bellmead
Colombia,COL,Antioquia,Bello,Bello
United States,USA,Vermont,Bellows Falls,Bellows Falls
United States,USA,Illinois,Bellwood,Bellwood
United States,USA,New Jersey,Belmar,Belmar
United States,USA,North Carolina,Belmont,Belmont
United States,USA,California,Belmont,Belmont
Belize,BLZ,Cayo,Belmopan,Belmopan
Brazil,BRA,Minas Gerais,Belo Horizonte,Belo Horizonte
Russia,RUS,Amurskaya Oblast’,Belogorsk,Belogorsk
United States,USA,Wisconsin,Beloit,Beloit
Russia,RUS,Kareliya,Belomorsk,Belomorsk
United States,USA,Ohio,Belpre,Belpre
Slovenia,SVN,Beltinci,Beltinci,Beltinci
United States,USA,Texas,Belton,Belton
United States,USA,Missouri,Belton,Belton
United States,USA,South Carolina,Belton,Belton
United States,USA,Illinois,Belvidere,Belvidere
United States,USA,Minnesota,Bemidji,Bemidji
Tunisia,TUN,Ben Arous,Ben Arous,Ben Arous
Tunisia,TUN,Médenine,Ben Gardane,Ben Gardane
United States,USA,Texas,Benbrook,Benbrook
United States,USA,Oregon,Bend,Bend
Moldova,MDA,Bender,Bender,Bender
Australia,AUS,Victoria,Bendigo,Bendigo
Slovenia,SVN,Benedikt,Benedikt v Slovenskih Goricah,Benedikt v Slovenskih Goricah
Italy,ITA,Campania,Benevento,Benevento
China,CHN,Anhui,Bengbu,Bengbu
Indonesia,IDN,Bengkulu,Bengkulu,Bengkulu
Angola,AGO,Benguela,Benguela,Benguela
Egypt,EGY,Al Qalyūbīyah,Benha,Benha
Congo (Kinshasa),COD,Nord-Kivu,Beni,Beni
Egypt,EGY,Al Minyā,Beni Mazar,Beni Mazar
Morocco,MAR,Béni Mellal-Khénifra,Beni Mellal,Béni Mellal
Algeria,DZA,Béchar,Beni Ounif,Béni Ounif
Egypt,EGY,Banī Suwayf,Beni Suef,Beni Suef
United States,USA,California,Benicia,Benicia
Nigeria,NGA,Edo,Benin City,Benin City
United States,USA,South Carolina,Bennettsville,Bennettsville
South Africa,ZAF,Gauteng,Benoni,Benoni
United States,USA,Illinois,Bensenville,Bensenville
Liberia,LBR,Montserrado,Bensonville,Bensonville
South Sudan,SSD,Unity,Bentiu,Bentiu
Brazil,BRA,Rio Grande do Sul,Bento Goncalves,Bento Gonçalves
United States,USA,Louisiana,Benton,Benton
United States,USA,Arkansas,Benton,Benton
United States,USA,Illinois,Benton,Benton
United States,USA,Michigan,Benton Harbor,Benton Harbor
United States,USA,Arkansas,Bentonville,Bentonville
China,CHN,Liaoning,Benxi,Benxi
Serbia,SRB,Beočin ,Beocin,Beočin
Montenegro,MNE,Berane,Berane,Berane
Albania,ALB,Berat,Berat,Berat
Sudan,SDN,River Nile,Berber,Berber
Central African Republic,CAF,Mambéré-Kadéï,Berberati,Berbérati
Azerbaijan,AZE,Bərdə,Barda,Bərdə
Ukraine,UKR,Zaporiz’ka Oblast’,Berdyansk,Berdyansk
United States,USA,Ohio,Berea,Berea
United States,USA,Kentucky,Berea,Berea
Ghana,GHA,,Berekum,Berekum
Egypt,EGY,Al Baḩr al Aḩmar,Berenice,Berenice
Canada,CAN,Manitoba,Berens River,Berens River
Russia,RUS,Permskiy Kray,Berezniki,Berezniki
Italy,ITA,Lombardy,Bergamo,Bergamo
Norway,NOR,Hordaland,Bergen,Bergen
United States,USA,New Jersey,Bergenfield,Bergenfield
Russia,RUS,Chukotskiy Avtonomnyy Okrug,Beringovskiy,Beringovskiy
United States,USA,California,Berkeley,Berkeley
United States,USA,Illinois,Berkeley,Berkeley
United States,USA,Missouri,Berkeley,Berkeley
United States,USA,Michigan,Berkley,Berkley
Germany,DEU,Berlin,Berlin,Berlin
United States,USA,New Hampshire,Berlin,Berlin
United States,USA,New Jersey,Berlin,Berlin
Bolivia,BOL,Tarija,Bermejo,Bermejo
Switzerland,CHE,Bern,Bern,Bern
United States,USA,New Mexico,Bernalillo,Bernalillo
United States,USA,New Jersey,Bernardsville,Bernardsville
United States,USA,Indiana,Berne,Berne
Macedonia,MKD,Berovo,Berovo,Berovo
Australia,AUS,South Australia,Berri,Berri
United States,USA,Michigan,Berrien Springs,Berrien Springs
United States,USA,Colorado,Berthoud,Berthoud
Cameroon,CMR,Est,Bertoua,Bertoua
United States,USA,Pennsylvania,Berwick,Berwick
United States,USA,Illinois,Berwyn,Berwyn
Madagascar,MDG,Mahajanga,Besalampy,Besalampy
France,FRA,Bourgogne-Franche-Comté,Besancon,Besançon
United States,USA,Alabama,Bessemer,Bessemer
United States,USA,North Carolina,Bessemer City,Bessemer City
Kazakhstan,KAZ,Aqmola,Bestobe,Bestobe
Bolivia,BOL,Potosí,Betanzos,Betanzos
South Africa,ZAF,Mpumalanga,Bethal,Bethal
United States,USA,Illinois,Bethalto,Bethalto
Namibia,NAM,//Karas,Bethanie,Bethanie
United States,USA,Oklahoma,Bethany,Bethany
United States,USA,Pennsylvania,Bethel Park,Bethel Park
South Africa,ZAF,Free State,Bethlehem,Bethlehem
United States,USA,Pennsylvania,Bethlehem,Bethlehem
United States,USA,Iowa,Bettendorf,Bettendorf
United Kingdom,GBR,East Riding of Yorkshire,Beverley,Beverley
United States,USA,Massachusetts,Beverly,Beverly
United States,USA,California,Beverly Hills,Beverly Hills
United States,USA,Michigan,Beverly Hills,Beverly Hills
United States,USA,Ohio,Bexley,Bexley
United Kingdom,GBR,Bexley,Bexleyheath,Bexleyheath
Guinea,GIN,N’Zérékoré,Beyla,Beyla
Azerbaijan,AZE,Beyləqan,Beylaqan,Beyləqan
Kazakhstan,KAZ,Mangghystaū,Beyneu,Beyneu
Russia,RUS,Tverskaya Oblast’,Bezhetsk,Bezhetsk
France,FRA,Occitanie,Beziers,Béziers
India,IND,Bihār,Bhagalpur,Bhagalpur
Nepal,NPL,,Bhairawa,Bhairawa
India,IND,Rājasthān,Bharatpur,Bharatpur
India,IND,West Bengal,Bhatpara,Bhatpara
India,IND,Gujarāt,Bhavnagar,Bhavnagar
India,IND,Chhattīsgarh,Bhilai,Bhilai
India,IND,Rājasthān,Bhilwara,Bhilwara
Nepal,NPL,,Bhimphedi,Bhimphedi
South Africa,ZAF,Eastern Cape,Bhisho,Bhisho
India,IND,Mahārāshtra,Bhiwandi,Bhiwandi
India,IND,Haryāna,Bhiwani,Bhiwani
India,IND,Madhya Pradesh,Bhopal,Bhopal
India,IND,Odisha,Bhubaneshwar,Bhubaneshwar
India,IND,Gujarāt,Bhuj,Bhuj
India,IND,Mahārāshtra,Bhusawal,Bhusawal
Indonesia,IDN,Papua,Biak,Biak
Poland,POL,Podlaskie,Bialystok,Białystok
France,FRA,Nouvelle-Aquitaine,Biarritz,Biarritz
Australia,AUS,Tasmania,Bicheno,Bicheno
Nigeria,NGA,Niger,Bida,Bida
India,IND,Karnātaka,Bidar,Bidar
United States,USA,Maine,Biddeford,Biddeford
Switzerland,CHE,Bern,Biel,Biel
Germany,DEU,North Rhine-Westphalia,Bielefeld,Bielefeld
Vietnam,VNM,Đồng Nai,Bien Hoa,Biên Hòa
Gabon,GAB,Moyen-Ogooué,Bifoum,Bifoum
United States,USA,California,Big Bear Lake,Big Bear Lake
Canada,CAN,Ontario,Big Beaver House,Big Beaver House
United States,USA,Minnesota,Big Lake,Big Lake
United States,USA,Michigan,Big Rapids,Big Rapids
United States,USA,Texas,Big Spring,Big Spring
United States,USA,Virginia,Big Stone Gap,Big Stone Gap
Canada,CAN,Saskatchewan,Biggar,Biggar
Tanzania,TZA,Kagera,Biharamulo,Biharamulo
India,IND,Karnātaka,Bijapur,Bijapur
Iran,IRN,Kordestān,Bijar,Bijar
Montenegro,MNE,Bijelo Polje,Bijelo Polje,Bijelo Polje
India,IND,Rājasthān,Bikaner,Bikaner
Russia,RUS,Khabarovskiy Kray,Bikin,Bikin
Ukraine,UKR,Kyyivs’ka Oblast’,Bila Tserkva,Bila Tserkva
India,IND,Chhattīsgarh,Bilaspur,Bilaspur
Spain,ESP,Basque Country,Bilbao,Bilbao
Turkey,TUR,Bilecik,Bilecik,Bilecik
Azerbaijan,AZE,Biləsuvar,Bilasuvar,Biləsuvar
Russia,RUS,Chukotskiy Avtonomnyy Okrug,Bilibino,Bilibino
United States,USA,Montana,Billings,Billings
Australia,AUS,Queensland,Biloela,Biloela
United States,USA,Mississippi,Biloxi,Biloxi
Chad,TCD,Wadi Fira,Biltine,Biltine
Central African Republic,CAF,Ombella-Mpoko,Bimbo,Bimbo
Zimbabwe,ZWE,Mashonaland Central,Bindura,Bindura
Congo (Kinshasa),COD,Mongala,Binga,Binga
United States,USA,New York,Binghamton,Binghamton
Turkey,TUR,Bingöl,Bingol,Bingöl
Indonesia,IDN,Sumatera Utara,Binjai,Binjai
Malaysia,MYS,Sarawak,Bintulu,Bintulu
Uganda,UGA,Kween,Binyin,Binyin
Mauritania,MRT,Tiris Zemmour,Bir Mogrein,Bir Mogrein
Libya,LBY,Wādī ash Shāţi’,Birak,Birak
Central African Republic,CAF,Vakaga,Birao,Birao
Nepal,NPL,,Biratnagar,Biratnagar
United States,USA,Pennsylvania,Birdsboro,Birdsboro
Australia,AUS,Queensland,Birdsville,Birdsville
Nepal,NPL,,Birganj,Birganj
Iran,IRN,Khorāsān-e Jonūbī,Birjand,Birjand
Malta,MLT,Birkirkara,Birkirkara,Birkirkara
United Kingdom,GBR,Birmingham,Birmingham,Birmingham
United States,USA,Alabama,Birmingham,Birmingham
United States,USA,Michigan,Birmingham,Birmingham
Niger,NER,Tahoua,Birni Nkonni,Birni Nkonni
Nigeria,NGA,Kebbi,Birnin Kebbi,Birnin Kebbi
Russia,RUS,Yevreyskaya Avtonomnaya Oblast’,Birobidzhan,Birobidzhan
Russia,RUS,Bashkortostan,Birsk,Birsk
Lithuania,LTU,Birštono,Birstonas,Birštonas
Russia,RUS,Irkutskaya Oblast’,Biryusinsk,Biryusinsk
Lithuania,LTU,Biržai,Birzai,Biržai
Malta,MLT,Birżebbuġa,Birzebbuga,Birżebbuġa
United States,USA,Arizona,Bisbee,Bisbee
Kyrgyzstan,KGZ,Bishkek,Bishkek,Bishkek
United States,USA,California,Bishop,Bishop
Algeria,DZA,Biskra,Biskra,Biskra
United States,USA,North Dakota,Bismarck,Bismarck
Guinea-Bissau,GNB,Bissau,Bissau,Bissau
Slovenia,SVN,Bistrica ob Sotli,Bistrica ob Sotli,Bistrica ob Sotli
Romania,ROU,Bistriţa-Năsăud,Bistrita,Bistrița
Gabon,GAB,Woleu-Ntem,Bitam,Bitam
Turkey,TUR,Bitlis,Bitlis,Bitlis
Macedonia,MKD,Bitola,Bitola,Bitola
Nigeria,NGA,Borno,Biu,Biu
United States,USA,Oklahoma,Bixby,Bixby
Russia,RUS,Altayskiy Kray,Biysk,Biysk
Tunisia,TUN,Bizerte,Bizerte,Bizerte
Croatia,HRV,Bjelovarsko-Bilogorska Županija,Bjelovar,Bjelovar
Serbia,SRB,Blace,Blace,Blace
United States,USA,Missouri,Black Jack,Black Jack
United States,USA,North Carolina,Black Mountain,Black Mountain
Jamaica,JAM,Saint Elizabeth,Black River,Black River
United States,USA,Wisconsin,Black River Falls,Black River Falls
United Kingdom,GBR,Blackburn with Darwen,Blackburn,Blackburn
United States,USA,Idaho,Blackfoot,Blackfoot
United Kingdom,GBR,Blackpool,Blackpool,Blackpool
United States,USA,Virginia,Blacksburg,Blacksburg
United States,USA,Oklahoma,Blackwell,Blackwell
United States,USA,Maryland,Bladensburg,Bladensburg
Russia,RUS,Stavropol’skiy Kray,Blagodarnyy,Blagodarnyy
Bulgaria,BGR,Blagoevgrad,Blagoevgrad,Blagoevgrad
Russia,RUS,Amurskaya Oblast’,Blagoveshchensk,Blagoveshchensk
United States,USA,Washington,Blaine,Blaine
United States,USA,Minnesota,Blaine,Blaine
United States,USA,Nebraska,Blair,Blair
United States,USA,Pennsylvania,Blairsville,Blairsville
United States,USA,Pennsylvania,Blakely,Blakely
United States,USA,Oklahoma,Blanchard,Blanchard
Malawi,MWI,Blantyre,Blantyre,Blantyre
Slovenia,SVN,Bled,Bled,Bled
Algeria,DZA,Blida,Blida,Blida
Indonesia,IDN,Jawa Timur,Blitar,Blitar
South Africa,ZAF,Free State,Bloemfontein,Bloemfontein
South Africa,ZAF,North West,Bloemhof,Bloemhof
United States,USA,New Mexico,Bloomfield,Bloomfield
United States,USA,New Jersey,Bloomingdale,Bloomingdale
United States,USA,Illinois,Bloomingdale,Bloomingdale
United States,USA,Illinois,Bloomington,Bloomington
United States,USA,Indiana,Bloomington,Bloomington
United States,USA,Minnesota,Bloomington,Bloomington
United States,USA,Pennsylvania,Bloomsburg,Bloomsburg
United States,USA,Ohio,Blue Ash,Blue Ash
United States,USA,Illinois,Blue Island,Blue Island
United States,USA,Missouri,Blue Springs,Blue Springs
United States,USA,West Virginia,Bluefield,Bluefield
Nicaragua,NIC,Caribe Sur,Bluefields,Bluefields
United States,USA,Utah,Bluffdale,Bluffdale
United States,USA,Indiana,Bluffton,Bluffton
United States,USA,South Carolina,Bluffton,Bluffton
Brazil,BRA,Santa Catarina,Blumenau,Blumenau
United States,USA,California,Blythe,Blythe
United States,USA,Arkansas,Blytheville,Blytheville
Sierra Leone,SLE,Southern,Bo,Bo
Brazil,BRA,Roraima,Boa Vista,Boa Vista
Philippines,PHL,Marinduque,Boac,Boac
Nicaragua,NIC,Boaco,Boaco,Boaco
United States,USA,Alabama,Boaz,Boaz
Burkina Faso,BFA,Hauts-Bassins,Bobo Dioulasso,Bobo Dioulasso
United States,USA,Florida,Boca Raton,Boca Raton
Brazil,BRA,Minas Gerais,Bocaiuva,Bocaiúva
Panama,PAN,Bocas del Toro,Bocas del Toro,Bocas del Toro
Russia,RUS,Irkutskaya Oblast’,Bodaybo,Bodaybo
Norway,NOR,Nordland,Bodo,Bodø
Congo (Kinshasa),COD,Tshuapa,Boende,Boende
United States,USA,Texas,Boerne,Boerne
Guinea,GIN,Boké,Boffa,Boffa
United States,USA,Louisiana,Bogalusa,Bogalusa
Burkina Faso,BFA,Est,Bogande,Bogandé
Serbia,SRB,Bogatić,Bogatic,Bogatić
Macedonia,MKD,Bogdanci,Bogdanci,Bogdanci
Indonesia,IDN,Jawa Barat,Bogor,Bogor
Russia,RUS,Tul’skaya Oblast’,Bogoroditsk,Bogoroditsk
Colombia,COL,Bogotá,Bogota,Bogota
United States,USA,New Jersey,Bogota,Bogota
Russia,RUS,Krasnoyarskiy Kray,Bogotol,Bogotol
Macedonia,MKD,Bogovinje,Bogovinje,Bogovinje
Mauritania,MRT,Brakna,Bogue,Bogue
Slovenia,SVN,Bohinj,Bohinjska Bistrica,Bohinjska Bistrica
United States,USA,Idaho,Boise,Boise
Serbia,SRB,Bojnik,Bojnik,Bojnik
Iran,IRN,Khorāsān-e Shomālī,Bojnurd,Bojnurd
Guinea,GIN,Boké,Boke,Boké
Chad,TCD,Lac,Bol,Bol
Guinea-Bissau,GNB,Bolama/Bijagós,Bolama,Bolama
Ghana,GHA,Upper East,Bolgatanga,Bolgatanga
China,CHN,Heilongjiang,Boli,Boli
United States,USA,Illinois,Bolingbrook,Bolingbrook
United States,USA,Missouri,Bolivar,Bolivar
Serbia,SRB,Boljevac,Boljevac,Boljevac
Sweden,SWE,Gävleborg,Bollnas,Bollnäs
Congo (Kinshasa),COD,Mai-Ndombe,Bolobo,Bolobo
Italy,ITA,Emilia-Romagna,Bologna,Bologna
Russia,RUS,Tverskaya Oblast’,Bologoye,Bologoye
Russia,RUS,Kamchatskiy Kray,Bol'sheretsk,Bol'sheretsk
United Kingdom,GBR,Bolton,Bolton,Bolton
Turkey,TUR,Bolu,Bolu,Bolu
Italy,ITA,Trentino-Alto Adige,Bolzano,Bolzano
Brazil,BRA,Bahia,Bom Jesus da Lapa,Bom Jesus da Lapa
Congo (Kinshasa),COD,Kongo Central,Boma,Boma
Uganda,UGA,Luwero,Bombo,Bombo
Dominican Republic,DOM,Cibao Sur,Bonao,Bonao
Congo (Kinshasa),COD,Bas-Uélé,Bondo,Bondo
Côte D’Ivoire,CIV,Zanzan,Bondoukou,Bondoukou
United States,USA,Iowa,Bondurant,Bondurant
Congo (Kinshasa),COD,Mongala,Bongandanga,Bongandanga
Philippines,PHL,Tawi-Tawi,Bongao,Bongao
Australia,AUS,Queensland,Bongaree,Bongaree
Chad,TCD,Mayo-Kébbi Est,Bongor,Bongor
United States,USA,Texas,Bonham,Bonham
United States,USA,Florida,Bonita Springs,Bonita Springs
Germany,DEU,North Rhine-Westphalia,Bonn,Bonn
United States,USA,Missouri,Bonne Terre,Bonne Terre
United States,USA,Kansas,Bonner Springs,Bonner Springs
United States,USA,Washington,Bonney Lake,Bonney Lake
Indonesia,IDN,Kalimantan Timur,Bontang,Bontang
Philippines,PHL,Mountain,Bontoc,Bontoc
United States,USA,North Carolina,Boone,Boone
United States,USA,Iowa,Boone,Boone
United States,USA,Mississippi,Booneville,Booneville
United States,USA,New Jersey,Boonton,Boonton
United States,USA,Indiana,Boonville,Boonville
United States,USA,Missouri,Boonville,Boonville
Somalia,SOM,Bari,Boosaaso,Boosaaso
Liberia,LBR,Gbarpolu,Bopolu,Bopolu
Serbia,SRB,Bor,Bor,Bor
South Sudan,SSD,Jonglei,Bor,Bor
Kazakhstan,KAZ,Almaty,Boralday,Boralday
Sweden,SWE,Västra Götaland,Boras,Borås
France,FRA,Nouvelle-Aquitaine,Bordeaux,Bordeaux
Australia,AUS,South Australia,Bordertown,Bordertown
Algeria,DZA,Bordj Bou Arréridj,Bordj Bou Arreridj,Bordj Bou Arréridj
Iceland,ISL,,Borgarnes,Borgarnes
United States,USA,Texas,Borger,Borger
Russia,RUS,Voronezhskaya Oblast’,Borisoglebsk,Borisoglebsk
Sweden,SWE,Dalarna,Borlange,Borlänge
Philippines,PHL,Eastern Samar,Borongan,Borongan
Russia,RUS,Novgorodskaya Oblast’,Borovichi,Borovichi
Slovenia,SVN,Borovnica,Borovnica,Borovnica
Iran,IRN,Lorestān,Borujerd,Borujerd
Russia,RUS,Zabaykal’skiy Kray,Borzya,Borzya
China,CHN,Guangxi,Bose,Bose
Serbia,SRB,Bosilegrad,Bosilegrad,Bosilegrad
Macedonia,MKD,Bosilovo,Bosilovo,Bosilovo
Congo (Kinshasa),COD,Nord-Ubangi,Bosobolo,Bosobolo
Central African Republic,CAF,Ouham,Bossangoa,Bossangoa
Central African Republic,CAF,Ombella-Mpoko,Bossembele,Bossembélé
United States,USA,Louisiana,Bossier City,Bossier City
United States,USA,Massachusetts,Boston,Boston
United States,USA,Washington,Bothell,Bothell
Romania,ROU,Botoşani,Botosani,Botoșani
Brazil,BRA,São Paulo,Botucatu,Botucatu
Côte D’Ivoire,CIV,Sassandra-Marahoué,Bouafle,Bouaflé
Côte D’Ivoire,CIV,Vallée du Bandama,Bouake,Bouaké
Central African Republic,CAF,Nana-Mambéré,Bouar,Bouar
Mali,MLI,Sikasso,Bougouni,Bougouni
Algeria,DZA,Bouira,Bouira,Bouïra
United States,USA,Colorado,Boulder,Boulder
United States,USA,Nevada,Boulder City,Boulder City
Australia,AUS,Queensland,Boulia,Boulia
Burkina Faso,BFA,Centre-Nord,Boulsa,Boulsa
Algeria,DZA,Boumerdes,Boumerdes,Boumerdes
United States,USA,New Jersey,Bound Brook,Bound Brook
United States,USA,Utah,Bountiful,Bountiful
United States,USA,Illinois,Bourbonnais,Bourbonnais
Mali,MLI,Gao,Bourem,Bourem
France,FRA,Centre-Val de Loire,Bourges,Bourges
Australia,AUS,New South Wales,Bourke,Bourke
United Kingdom,GBR,Bournemouth,Bournemouth,Bournemouth
Mauritania,MRT,Trarza,Boutilimit,Boutilimit
Slovenia,SVN,Bovec,Bovec,Bovec
Australia,AUS,Queensland,Bowen,Bowen
United States,USA,Texas,Bowie,Bowie
United States,USA,Maryland,Bowie,Bowie
United States,USA,Ohio,Bowling Green,Bowling Green
United States,USA,Missouri,Bowling Green,Bowling Green
United States,USA,Kentucky,Bowling Green,Bowling Green
United States,USA,South Dakota,Box Elder,Box Elder
Russia,RUS,Krasnoyarskiy Kray,Boyarka,Boyarka
United States,USA,Florida,Boynton Beach,Boynton Beach
United States,USA,Montana,Bozeman,Bozeman
Central African Republic,CAF,Ouham-Pendé,Bozoum,Bozoum
United Kingdom,GBR,Bracknell Forest,Bracknell,Bracknell
United States,USA,Florida,Bradenton,Bradenton
United Kingdom,GBR,Bradford,Bradford,Bradford
United States,USA,Pennsylvania,Bradford,Bradford
United States,USA,Illinois,Bradley,Bradley
United States,USA,Texas,Brady,Brady
Portugal,PRT,Braga,Braga,Braga
Portugal,PRT,Bragança,Braganca,Bragança
Brazil,BRA,Pará,Braganca,Bragança
Brazil,BRA,São Paulo,Braganca Paulista,Bragança Paulista
India,IND,Odisha,Brahmapur,Brahmapur
United States,USA,Illinois,Braidwood,Braidwood
Romania,ROU,Brăila,Braila,Brăila
United States,USA,Minnesota,Brainerd,Brainerd
South Africa,ZAF,Free State,Brandfort,Brandfort
Canada,CAN,Manitoba,Brandon,Brandon
United States,USA,Mississippi,Brandon,Brandon
United States,USA,South Dakota,Brandon,Brandon
United States,USA,Missouri,Branson,Branson
United States,USA,Georgia,Braselton,Braselton
Brazil,BRA,Distrito Federal,Brasilia,Brasília
Slovenia,SVN,Braslovče,Braslovce,Braslovče
Romania,ROU,Braşov,Brasov,Brașov
Slovakia,SVK,Bratislavský,Bratislava,Bratislava
Russia,RUS,Irkutskaya Oblast’,Bratsk,Bratsk
Germany,DEU,Lower Saxony,Braunschweig,Braunschweig
United States,USA,California,Brawley,Brawley
United States,USA,Indiana,Brazil,Brazil
Congo (Brazzaville),COG,Brazzaville,Brazzaville,Brazzaville
Bosnia And Herzegovina,BIH,Brcko District,Brcko,Brčko
United States,USA,California,Brea,Brea
United States,USA,Louisiana,Breaux Bridge,Breaux Bridge
United States,USA,Texas,Breckenridge,Breckenridge
United States,USA,Colorado,Breckenridge,Breckenridge
United States,USA,Ohio,Brecksville,Brecksville
South Africa,ZAF,Western Cape,Bredasdorp,Bredasdorp
United States,USA,Illinois,Breese,Breese
Austria,AUT,Vorarlberg,Bregenz,Bregenz
Germany,DEU,Bremen,Bremen,Bremen
United States,USA,Georgia,Bremen,Bremen
Germany,DEU,Bremen,Bremerhaven,Bremerhaven
United States,USA,Washington,Bremerton,Bremerton
United States,USA,Texas,Brenham,Brenham
United States,USA,Alabama,Brent,Brent
United States,USA,Tennessee,Brentwood,Brentwood
United States,USA,Pennsylvania,Brentwood,Brentwood
United States,USA,California,Brentwood,Brentwood
United States,USA,Missouri,Brentwood,Brentwood
Belarus,BLR,Brestskaya Voblasts’,Brest,Brest
France,FRA,Bretagne,Brest,Brest
United States,USA,North Carolina,Brevard,Brevard
Brazil,BRA,Pará,Breves,Breves
United States,USA,Maine,Brewer,Brewer
United States,USA,Alabama,Brewton,Brewton
Slovenia,SVN,Brežice,Brezice,Brežice
Slovenia,SVN,Brezovica,Brezovica,Brezovica
Central African Republic,CAF,Haute-Kotto,Bria,Bria
United States,USA,New York,Briarcliff Manor,Briarcliff Manor
Moldova,MDA,Briceni,Briceni,Briceni
United States,USA,Texas,Bridge City,Bridge City
United States,USA,West Virginia,Bridgeport,Bridgeport
United States,USA,Texas,Bridgeport,Bridgeport
United States,USA,Connecticut,Bridgeport,Bridgeport
United States,USA,New Jersey,Bridgeton,Bridgeton
United States,USA,Missouri,Bridgeton,Bridgeton
Barbados,BRB,Saint Michael,Bridgetown,Bridgetown
United States,USA,Illinois,Bridgeview,Bridgeview
United States,USA,Pennsylvania,Bridgeville,Bridgeville
United States,USA,Virginia,Bridgewater,Bridgewater
United States,USA,Washington,Brier,Brier
United States,USA,New Jersey,Brigantine,Brigantine
United States,USA,Utah,Brigham City,Brigham City
United Kingdom,GBR,Brighton and Hove,Brighton,Brighton
United States,USA,Colorado,Brighton,Brighton
United States,USA,Michigan,Brighton,Brighton
"Gambia, The",GMB,Western,Brikama,Brikama
Italy,ITA,Puglia,Brindisi,Brindisi
Australia,AUS,Queensland,Brisbane,Brisbane
United Kingdom,GBR,"Bristol, City of",Bristol,Bristol
United States,USA,Virginia,Bristol,Bristol
United States,USA,Wisconsin,Bristol,Bristol
United States,USA,Tennessee,Bristol,Bristol
United States,USA,Pennsylvania,Bristol,Bristol
United States,USA,Connecticut,Bristol,Bristol
South Africa,ZAF,North West,Brits,Brits
France,FRA,Nouvelle-Aquitaine,Brive,Brive
Czechia,CZE,Jihomoravský Kraj,Brno,Brno
United States,USA,Illinois,Broadview,Broadview
United States,USA,Ohio,Broadview Heights,Broadview Heights
United States,USA,Virginia,Broadway,Broadway
Latvia,LVA,Brocēnu Novads,Broceni,Brocēni
Canada,CAN,Manitoba,Brochet,Brochet
United States,USA,New York,Brockport,Brockport
United States,USA,Massachusetts,Brockton,Brockton
Canada,CAN,Ontario,Brockville,Brockville
United States,USA,Oklahoma,Broken Arrow,Broken Arrow
Australia,AUS,New South Wales,Broken Hill,Broken Hill
Suriname,SUR,Brokopondo,Brokopondo,Brokopondo
United Kingdom,GBR,Bromley,Bromley,Bromley
United States,USA,New York,Bronx,Bronx
United States,USA,New York,Bronxville,Bronxville
United States,USA,Ohio,Brook Park,Brook Park
United States,USA,Wisconsin,Brookfield,Brookfield
United States,USA,Illinois,Brookfield,Brookfield
United States,USA,Pennsylvania,Brookhaven,Brookhaven
United States,USA,Georgia,Brookhaven,Brookhaven
United States,USA,Mississippi,Brookhaven,Brookhaven
United States,USA,Oregon,Brookings,Brookings
United States,USA,South Dakota,Brookings,Brookings
United States,USA,New York,Brooklyn,Brooklyn
United States,USA,Ohio,Brooklyn,Brooklyn
United States,USA,Minnesota,Brooklyn Center,Brooklyn Center
United States,USA,Minnesota,Brooklyn Park,Brooklyn Park
Canada,CAN,Alberta,Brooks,Brooks
United States,USA,Texas,Brookshire,Brookshire
United States,USA,Florida,Brooksville,Brooksville
United States,USA,Ohio,Brookville,Brookville
Australia,AUS,Western Australia,Broome,Broome
United States,USA,Colorado,Broomfield,Broomfield
United States,USA,Louisiana,Broussard,Broussard
Ukraine,UKR,Kyyivs’ka Oblast’,Brovary,Brovary
United States,USA,Wisconsin,Brown Deer,Brown Deer
United States,USA,Texas,Brownfield,Brownfield
United States,USA,Indiana,Brownsburg,Brownsburg
United States,USA,Texas,Brownsville,Brownsville
United States,USA,Tennessee,Brownsville,Brownsville
Suriname,SUR,Brokopondo,Brownsweg,Brownsweg
United States,USA,Texas,Brownwood,Brownwood
Belgium,BEL,Flanders,Brugge,Brugge
Brazil,BRA,Bahia,Brumado,Brumado
United States,USA,Georgia,Brunswick,Brunswick
United States,USA,Maryland,Brunswick,Brunswick
United States,USA,Ohio,Brunswick,Brunswick
Serbia,SRB,Brus,Brus,Brus
Honduras,HND,Gracias a Dios,Brus Laguna,Brus Laguna
United States,USA,Colorado,Brush,Brush
Brazil,BRA,Santa Catarina,Brusque,Brusque
Belgium,BEL,Brussels-Capital Region,Brussels,Brussels
Macedonia,MKD,Brvenica,Brvenica,Brvenica
United States,USA,Texas,Bryan,Bryan
United States,USA,Ohio,Bryan,Bryan
Russia,RUS,Bryanskaya Oblast’,Bryansk,Bryansk
United States,USA,Arkansas,Bryant,Bryant
Thailand,THA,Nakhon Ratchasima,Bua Yai,Bua Yai
Somalia,SOM,Jubbada Dhexe,Bu'aale,Bu'aale
Panama,PAN,Ngöbe-Buglé,Buabidi,Buabidi
Solomon Islands,SLB,Isabel,Buala,Buala
Guinea-Bissau,GNB,Quinara,Buba,Buba
Burundi,BDI,Bubanza,Bubanza,Bubanza
Colombia,COL,Santander,Bucaramanga,Bucaramanga
Liberia,LBR,Grand Bassa,Buchanan,Buchanan
Liberia,LBR,Grand Bassa,Buchanan,Buchanan
Canada,CAN,Newfoundland and Labrador,Buchans,Buchans
Romania,ROU,Bucureşti,Bucharest,Bucharest
United States,USA,Arizona,Buckeye,Buckeye
United States,USA,West Virginia,Buckhannon,Buckhannon
United States,USA,Ohio,Bucyrus,Bucyrus
United States,USA,Texas,Buda,Buda
Hungary,HUN,Budapest,Budapest,Budapest
India,IND,Uttar Pradesh,Budaun,Budaun
Uganda,UGA,Bududa,Bududa,Bududa
Montenegro,MNE,Budva,Budva,Budva
Cameroon,CMR,South-West,Buea,Buea
United States,USA,California,Buellton,Buellton
United States,USA,California,Buena Park,Buena Park
United States,USA,Virginia,Buena Vista,Buena Vista
Colombia,COL,Valle del Cauca,Buenaventura,Buenaventura
Thailand,THA,Bueng Kan,Bueng Kan,Bueng Kan
Argentina,ARG,"Buenos Aires, Ciudad Autónoma de",Buenos Aires,Buenos Aires
United States,USA,New York,Buffalo,Buffalo
United States,USA,Minnesota,Buffalo,Buffalo
United States,USA,Illinois,Buffalo Grove,Buffalo Grove
United States,USA,Georgia,Buford,Buford
Uganda,UGA,Bugiri,Bugiri,Bugiri
Russia,RUS,Nenetskiy Avtonomnyy Okrug,Bugrino,Bugrino
China,CHN,Inner Mongolia,Bugt,Bugt
Russia,RUS,Tatarstan,Bugulma,Bugulma
Russia,RUS,Orenburgskaya Oblast’,Buguruslan,Buguruslan
Uganda,UGA,Buhweju,Buhweju,Buhweju
Uganda,UGA,Buikwe,Buikwe,Buikwe
China,CHN,Shandong,Buizhou,Buizhou
Serbia,SRB,Bujanovac,Bujanovac,Bujanovac
Burundi,BDI,,Bujumbura,Bujumbura
Russia,RUS,Zabaykal’skiy Kray,Bukachacha,Bukachacha
Congo (Kinshasa),COD,Haut-Lomami,Bukama,Bukama
Congo (Kinshasa),COD,Sud-Kivu,Bukavu,Bukavu
Uganda,UGA,Bukedea,Bukedea,Bukedea
Uzbekistan,UZB,Buxoro,Bukhara,Bukhara
Indonesia,IDN,Sumatera Barat,Bukittinggi,Bukittinggi
Tanzania,TZA,Kagera,Bukoba,Bukoba
Uganda,UGA,Bukomansimbi,Bukomansimbi,Bukomansimbi
Uganda,UGA,Bukwa,Bukwa,Bukwa
Kazakhstan,KAZ,Soltüstik Qazaqstan,Bulaevo,Bulaevo
Uganda,UGA,Bulambuli,Bulambuli,Bulambuli
India,IND,Uttar Pradesh,Bulandshahr,Bulandshahr
Zimbabwe,ZWE,Bulawayo,Bulawayo,Bulawayo
Mongolia,MNG,Bulgan,Bulgan,Bulgan
Uganda,UGA,Buliisa,Bulisa,Bulisa
United States,USA,Arizona,Bullhead City,Bullhead City
Congo (Kinshasa),COD,Nord-Kivu,Buluko,Buluko
Congo (Kinshasa),COD,Kwilu,Bulungu,Bulungu
United States,USA,Texas,Bulverde,Bulverde
Congo (Kinshasa),COD,Mongala,Bumba,Bumba
Australia,AUS,Western Australia,Bunbury,Bunbury
Australia,AUS,Queensland,Bundaberg,Bundaberg
Uganda,UGA,Bundibugyo,Bundibugyo,Bundibugyo
Kenya,KEN,Bungoma,Bungoma,Bungoma
Congo (Kinshasa),COD,Ituri,Bunia,Bunia
Vietnam,VNM,Đắk Lắk,Buon Me Thuot,Buon Me Thuot
Uganda,UGA,,Bupoto,Bupoto
Egypt,EGY,Al Baḩr al Aḩmar,Bur Safaga,Bur Safaga
Egypt,EGY,Būr Sa‘īd,Bur Said,Bur Said
Saudi Arabia,SAU,Al Qaşīm,Buraydah,Buraydah
United States,USA,California,Burbank,Burbank
United States,USA,Illinois,Burbank,Burbank
Somalia,SOM,Togdheer,Burco,Burco
Turkey,TUR,Burdur,Burdur,Burdur
Bulgaria,BGR,Burgas,Burgas,Burgas
Spain,ESP,Castille-Leon,Burgos,Burgos
India,IND,Madhya Pradesh,Burhanpur,Burhanpur
United States,USA,Washington,Burien,Burien
Thailand,THA,Buriram,Buriram,Buriram
United States,USA,Texas,Burkburnett,Burkburnett
Australia,AUS,Queensland,Burketown,Burketown
United States,USA,Texas,Burleson,Burleson
United States,USA,Idaho,Burley,Burley
United States,USA,California,Burlingame,Burlingame
United States,USA,Washington,Burlington,Burlington
United States,USA,Wisconsin,Burlington,Burlington
United States,USA,New Jersey,Burlington,Burlington
United States,USA,North Carolina,Burlington,Burlington
United States,USA,Vermont,Burlington,Burlington
United States,USA,Iowa,Burlington,Burlington
United States,USA,Texas,Burnet,Burnet
Australia,AUS,Tasmania,Burnie,Burnie
Canada,CAN,British Columbia,Burns Lake,Burns Lake
United States,USA,Minnesota,Burnsville,Burnsville
United States,USA,Illinois,Burr Ridge,Burr Ridge
Albania,ALB,Dibër,Burrel,Burrel
Turkey,TUR,Bursa,Bursa,Bursa
Latvia,LVA,Burtnieku Novads,Burtnieki,Burtnieki
United States,USA,Michigan,Burton,Burton
Burundi,BDI,Bururi,Bururi,Bururi
Canada,CAN,Yukon,Burwash Landing,Burwash Landing
United Kingdom,GBR,Bury,Bury,Bury
Kazakhstan,KAZ,Zhambyl,Burylbaytal,Burylbaytal
"Korea, South",KOR,Busan,Busan,Busan
Uganda,UGA,Bushenyi,Bushenyi,Bushenyi
Uganda,UGA,Busia,Busia,Busia
Kenya,KEN,Busia,Busia,Busia
Congo (Kinshasa),COD,Nord-Ubangi,Businga,Businga
Australia,AUS,Western Australia,Busselton,Busselton
Congo (Kinshasa),COD,Bas-Uélé,Buta,Buta
Uganda,UGA,Butaleja,Butaleja,Butaleja
Rwanda,RWA,Southern Province,Butare,Butare
Uganda,UGA,,Butebo,Butebo
Congo (Kinshasa),COD,Nord-Kivu,Butembo,Butembo
Lesotho,LSO,Butha-Buthe,Butha-Buthe,Butha-Buthe
United States,USA,New Jersey,Butler,Butler
United States,USA,Pennsylvania,Butler,Butler
United States,USA,North Carolina,Butner,Butner
United States,USA,Montana,Butte,Butte
Malaysia,MYS,Pulau Pinang,Butterworth,Butterworth
Philippines,PHL,Butuan,Butuan,Butuan
Somalia,SOM,Jubbada Hoose,Buur Gaabo,Buur Gaabo
Somalia,SOM,Bay,Buurhakaba,Buurhakaba
Russia,RUS,Kostromskaya Oblast’,Buy,Buy
Mongolia,MNG,Dornogovĭ,Buyant-Uhaa,Buyant-Uhaa
Uganda,UGA,Buyende,Buyende,Buyende
Russia,RUS,Dagestan,Buynaksk,Buynaksk
Romania,ROU,Buzău,Buzau,Buzău
Turkmenistan,TKM,Ahal,Buzmeyin,Buzmeyin
Russia,RUS,Orenburgskaya Oblast’,Buzuluk,Buzuluk
Poland,POL,Kujawsko-Pomorskie,Bydgoszcz,Bydgoszcz
United States,USA,Mississippi,Byram,Byram
United States,USA,Illinois,Byron,Byron
United States,USA,Georgia,Byron,Byron
United States,USA,Minnesota,Byron,Byron
Australia,AUS,New South Wales,Byron Bay,Byron Bay
Poland,POL,Śląskie,Bytom,Bytom
Rwanda,RWA,Northern Province,Byumba,Byumba
Vietnam,VNM,Cà Mau,Ca Mau,Cà Mau
Paraguay,PRY,Cordillera,Caacupe,Caacupé
Paraguay,PRY,Caazapá,Caazapa,Caazapá
Philippines,PHL,Agusan del Norte,Cabadbaran,Cabadbaran
Peru,PER,Loreto,Caballococha,Caballococha
Philippines,PHL,Nueva Ecija,Cabanatuan,Cabanatuan
Philippines,PHL,Quirino,Cabarroguis,Cabarroguis
Venezuela,VEN,Zulia,Cabimas,Cabimas
Angola,AGO,Cabinda,Cabinda,Cabinda
Brazil,BRA,Pernambuco,Cabo de Santo Agostinho,Cabo de Santo Agostinho
Brazil,BRA,Rio de Janeiro,Cabo Frio,Cabo Frio
Mexico,MEX,Baja California Sur,Cabo San Lucas,Cabo San Lucas
Australia,AUS,Queensland,Caboolture,Caboolture
Mexico,MEX,Sonora,Caborca,Caborca
United States,USA,Arkansas,Cabot,Cabot
Brazil,BRA,Santa Catarina,Cacador,Caçador
Serbia,SRB,Čačak,Cacak,Čačak
Brazil,BRA,Mato Grosso,Caceres,Cáceres
Guinea-Bissau,GNB,Cacheu,Cacheu,Cacheu
Brazil,BRA,Rio Grande do Sul,Cachoeira do Sul,Cachoeira do Sul
Brazil,BRA,Espírito Santo,Cachoeiro de Itapemirim,Cachoeiro de Itapemirim
Angola,AGO,Lunda Sul,Cacolo,Cacolo
United States,USA,Michigan,Cadillac,Cadillac
Philippines,PHL,Negros Occidental,Cadiz,Cadiz
Spain,ESP,Andalusia,Cadiz,Cádiz
France,FRA,Normandie,Caen,Caen
United Kingdom,GBR,Carmarthenshire,Caerfyrddin,Caerfyrddin
United Kingdom,GBR,Gwynedd,Caernarfon,Caernarfon
Argentina,ARG,Salta,Cafayate,Cafayate
Philippines,PHL,Cagayan de Oro,Cagayan de Oro,Cagayan de Oro
Italy,ITA,Sardegna,Cagliari,Cagliari
United States,USA,Illinois,Cahokia,Cahokia
Moldova,MDA,Cahul,Cahul,Cahul
Cuba,CUB,Villa Clara,Caibarien,Caibarién
Brazil,BRA,Rio Grande do Norte,Caico,Caicó
Australia,AUS,Queensland,Cairns,Cairns
Egypt,EGY,Al Qāhirah,Cairo,Cairo
United States,USA,Georgia,Cairo,Cairo
Peru,PER,Cajamarca,Cajabamba,Cajabamba
Peru,PER,Cajamarca,Cajamarca,Cajamarca
Serbia,SRB,Čajetina,Cajetina,Čajetina
Croatia,HRV,Međimurska Županija,Cakovec,Čakovec
Nigeria,NGA,Cross River,Calabar,Calabar
United States,USA,California,Calabasas,Calabasas
Venezuela,VEN,Guárico,Calabozo,Calabozo
France,FRA,Hauts-de-France,Calais,Calais
Chile,CHL,Antofagasta,Calama,Calama
Philippines,PHL,Oriental Mindoro,Calapan,Calapan
Moldova,MDA,Călăraşi,Calarasi,Călăraşi
Romania,ROU,Călăraşi,Calarasi,Călărași
Equatorial Guinea,GNQ,,Calatrava,Calatrava
Philippines,PHL,Samar,Calbayog,Calbayog
Chile,CHL,Los Lagos,Calbuco,Calbuco
Chile,CHL,Atacama,Caldera,Caldera
United States,USA,New Jersey,Caldwell,Caldwell
United States,USA,Idaho,Caldwell,Caldwell
United States,USA,Ohio,Caldwell,Caldwell
United States,USA,Wisconsin,Caledonia,Caledonia
United States,USA,Alabama,Calera,Calera
United States,USA,California,Calexico,Calexico
Canada,CAN,Alberta,Calgary,Calgary
Cabo Verde,CPV,São Miguel,Calheta de Sao Miguel,Calheta de São Miguel
United States,USA,Georgia,Calhoun,Calhoun
Colombia,COL,Valle del Cauca,Cali,Cali
United States,USA,Pennsylvania,California,California
United States,USA,California,California City,California City
United States,USA,California,Calimesa,Calimesa
United States,USA,California,Calipatria,Calipatria
United States,USA,California,Calistoga,Calistoga
Peru,PER,Callao,Callao,Callao
United States,USA,Florida,Callaway,Callaway
Philippines,PHL,Caloocan,Caloocan City,Caloocan City
Australia,AUS,Queensland,Caloundra,Caloundra
Angola,AGO,Bié,Calucinga,Calucinga
Angola,AGO,Kwanza Sul,Calulo,Calulo
United States,USA,Illinois,Calumet City,Calumet City
United States,USA,Illinois,Calumet Park,Calumet Park
Somalia,SOM,Bari,Caluula,Caluula
Vietnam,VNM,Quảng Ninh,Cam Pha,Cẩm Phả
Vietnam,VNM,Khánh Hòa,Cam Ranh,Cam Ranh
Angola,AGO,Kwanza Norte,Camabatela,Camabatela
Angola,AGO,Bié,Camacupa,Camacupa
Cuba,CUB,Camagüey,Camaguey,Camagüey
Peru,PER,Arequipa,Camana,Camaná
Brazil,BRA,Rio Grande do Sul,Camaqua,Camaquã
Bolivia,BOL,Chuquisaca,Camargo,Camargo
United States,USA,California,Camarillo,Camarillo
United States,USA,Washington,Camas,Camas
United Kingdom,GBR,Southwark,Camberwell,Camberwell
New Zealand,NZL,Waikato,Cambridge,Cambridge
United Kingdom,GBR,Cambridgeshire,Cambridge,Cambridge
United States,USA,Maryland,Cambridge,Cambridge
United States,USA,Massachusetts,Cambridge,Cambridge
United States,USA,Ohio,Cambridge,Cambridge
United States,USA,Minnesota,Cambridge,Cambridge
Canada,CAN,Nunavut,Cambridge Bay,Cambridge Bay
United States,USA,New Jersey,Camden,Camden
United States,USA,Arkansas,Camden,Camden
United States,USA,South Carolina,Camden,Camden
United Kingdom,GBR,Camden,Camden Town,Camden Town
United States,USA,Texas,Cameron,Cameron
United States,USA,Missouri,Cameron,Cameron
Brazil,BRA,Pará,Cameta,Cametá
United States,USA,Georgia,Camilla,Camilla
Bolivia,BOL,Santa Cruz,Camiri,Camiri
Brazil,BRA,Ceará,Camocim,Camocim
Australia,AUS,Queensland,Camooweal,Camooweal
United States,USA,Pennsylvania,Camp Hill,Camp Hill
United States,USA,Arizona,Camp Verde,Camp Verde
Argentina,ARG,Buenos Aires,Campana,Campana
United States,USA,California,Campbell,Campbell
United States,USA,Ohio,Campbell,Campbell
Canada,CAN,British Columbia,Campbell River,Campbell River
United States,USA,Kentucky,Campbellsville,Campbellsville
Mexico,MEX,Campeche,Campeche,Campeche
Brazil,BRA,Paraíba,Campina Grande,Campina Grande
Brazil,BRA,São Paulo,Campinas,Campinas
Brazil,BRA,Minas Gerais,Campo Belo,Campo Belo
Brazil,BRA,Mato Grosso do Sul,Campo Grande,Campo Grande
Brazil,BRA,Piauí,Campo Maior,Campo Maior
Brazil,BRA,Paraná,Campo Murao,Campo Murao
Colombia,COL,Huila,Campoalegre,Campoalegre
Italy,ITA,Molise,Campobasso,Campobasso
Brazil,BRA,Rio de Janeiro,Campos,Campos
United States,USA,Illinois,Campton Hills,Campton Hills
Canada,CAN,Alberta,Camrose,Camrose
Vietnam,VNM,Cần Thơ,Can Tho,Can Tho
Turkey,TUR,Çanakkale,Canakkale,Çanakkale
United States,USA,Ohio,Canal Fulton,Canal Fulton
United States,USA,Ohio,Canal Winchester,Canal Winchester
United States,USA,New York,Canandaigua,Canandaigua
Mexico,MEX,Sonora,Cananea,Cananea
Costa Rica,CRI,Guanacaste,Canas,Canas
Mexico,MEX,Durango,Canatlan,Canatlan
Brazil,BRA,Bahia,Canavieiras,Canavieiras
Australia,AUS,Australian Capital Territory,Canberra,Canberra
United States,USA,Oregon,Canby,Canby
Mexico,MEX,Quintana Roo,Cancun,Cancún
Brazil,BRA,Rio Grande do Sul,Canela,Canela
Uruguay,URY,Canelones,Canelones,Canelones
United States,USA,Ohio,Canfield,Canfield
Angola,AGO,Moxico,Cangamba,Cangamba
China,CHN,Hebei,Cangzhou,Cangzhou
Andorra,AND,Canillo,Canillo,Canillo
Brazil,BRA,Ceará,Caninde,Canindé
Turkey,TUR,Çankırı,Cankiri,Çankırı
Slovenia,SVN,Cankova,Cankova,Cankova
Burundi,BDI,Cankuzo,Cankuzo,Cankuzo
Brazil,BRA,Rio Grande do Sul,Canoas,Canoas
Brazil,BRA,Santa Catarina,Canoinhas,Canoinhas
United States,USA,Colorado,Canon City,Cañon City
United States,USA,Pennsylvania,Canonsburg,Canonsburg
Moldova,MDA,Cantemir,Cantemir,Cantemir
United States,USA,New York,Canton,Canton
United States,USA,Illinois,Canton,Canton
United States,USA,Georgia,Canton,Canton
United States,USA,Ohio,Canton,Canton
United States,USA,Mississippi,Canton,Canton
United States,USA,Texas,Canyon,Canyon
United States,USA,California,Canyon Lake,Canyon Lake
Vietnam,VNM,Cao Bằng,Cao Bang,Cao Bằng
Vietnam,VNM,Đồng Tháp,Cao Lanh,Cao Lãnh
Brazil,BRA,Pará,Capanema,Capanema
Canada,CAN,Québec,Cap-Chat,Cap-Chat
United States,USA,Florida,Cape Canaveral,Cape Canaveral
Ghana,GHA,Central,Cape Coast,Cape Coast
United States,USA,Florida,Cape Coral,Cape Coral
Canada,CAN,Nunavut,Cape Dorset,Cape Dorset
United States,USA,Missouri,Cape Girardeau,Cape Girardeau
South Africa,ZAF,Western Cape,Cape Town,Cape Town
Luxembourg,LUX,Capellen,Capellen,Capellen
Angola,AGO,Lunda Norte,Capenda-Camulemba,Capenda-Camulemba
Haiti,HTI,Nord,Cap-Haitien,Cap-Haïtien
Paraguay,PRY,Alto Paraguay,Capitan Pablo Lagerenza,Capitan Pablo Lagerenza
Brazil,BRA,Pará,Capitao Poco,Capitão Poço
Northern Mariana Islands,MNP,,Capitol Hill,Capitol Hill
United States,USA,California,Capitola,Capitola
Brazil,BRA,Roraima,Caracarai,Caracaraí
Venezuela,VEN,Distrito Capital,Caracas,Caracas
Chile,CHL,Araucanía,Carahue,Carahue
Brazil,BRA,Minas Gerais,Caratinga,Caratinga
Brazil,BRA,Rio Grande do Sul,Carazinho,Carazinho
United States,USA,Pennsylvania,Carbondale,Carbondale
United States,USA,Colorado,Carbondale,Carbondale
United States,USA,Illinois,Carbondale,Carbondale
Mexico,MEX,San Luis Potosí,Cardenas,Cardenas
United Kingdom,GBR,Cardiff,Cardiff,Cardiff
United States,USA,Louisiana,Carencro,Carencro
Argentina,ARG,Buenos Aires,Carhue,Carhué
United States,USA,Maine,Caribou,Caribou
United States,USA,Missouri,Carl Junction,Carl Junction
United States,USA,Illinois,Carlinville,Carlinville
United Kingdom,GBR,Cumbria,Carlisle,Carlisle
United States,USA,Pennsylvania,Carlisle,Carlisle
United States,USA,Ohio,Carlisle,Carlisle
Ireland,IRL,Carlow,Carlow,Carlow
United States,USA,New Mexico,Carlsbad,Carlsbad
United States,USA,California,Carlsbad,Carlsbad
United States,USA,New Jersey,Carlstadt,Carlstadt
United States,USA,Indiana,Carmel,Carmel
Uruguay,URY,Colonia,Carmelo,Carmelo
United States,USA,Illinois,Carmi,Carmi
South Africa,ZAF,Northern Cape,Carnarvon,Carnarvon
Australia,AUS,Western Australia,Carnarvon,Carnarvon
United States,USA,Pennsylvania,Carnegie,Carnegie
Latvia,LVA,Carnikavas Novads,Carnikava,Carnikava
Central African Republic,CAF,,Carnot,Carnot
United States,USA,Illinois,Carol Stream,Carol Stream
United States,USA,North Carolina,Carolina Beach,Carolina Beach
Venezuela,VEN,Lara,Carora,Carora
United States,USA,Illinois,Carpentersville,Carpentersville
Brazil,BRA,Pernambuco,Carpina,Carpina
United States,USA,California,Carpinteria,Carpinteria
United States,USA,North Carolina,Carrboro,Carrboro
Ireland,IRL,Leitrim,Carrick on Shannon,Carrick on Shannon
United States,USA,Texas,Carrizo Springs,Carrizo Springs
United States,USA,Iowa,Carroll,Carroll
United States,USA,Texas,Carrollton,Carrollton
United States,USA,Georgia,Carrollton,Carrollton
United States,USA,Kentucky,Carrollton,Carrollton
United States,USA,California,Carson,Carson
United States,USA,Nevada,Carson City,Carson City
Colombia,COL,Bolívar,Cartagena,Cartagena
Spain,ESP,Murcia,Cartagena,Cartagena
Colombia,COL,Valle del Cauca,Cartago,Cartago
Costa Rica,CRI,Cartago,Cartago,Cartago
United States,USA,New Jersey,Carteret,Carteret
United States,USA,Georgia,Cartersville,Cartersville
United States,USA,Illinois,Carterville,Carterville
United States,USA,Texas,Carthage,Carthage
United States,USA,Missouri,Carthage,Carthage
Canada,CAN,Newfoundland and Labrador,Cartwright,Cartwright
Brazil,BRA,Pernambuco,Caruaru,Caruaru
Venezuela,VEN,Sucre,Carupano,Carúpano
United States,USA,Missouri,Caruthersville,Caruthersville
United States,USA,North Carolina,Cary,Cary
United States,USA,Illinois,Cary,Cary
United States,USA,Arizona,Casa Grande,Casa Grande
Morocco,MAR,Casablanca-Settat,Casablanca,Casablanca
Brazil,BRA,Paraná,Cascavel,Cascavel
Italy,ITA,Campania,Caserta,Caserta
Macedonia,MKD,Čaška,Caska,Čaška
Peru,PER,Ancash,Casma,Casma
United States,USA,Wyoming,Casper,Casper
United States,USA,Florida,Casselberry,Casselberry
Brazil,BRA,Pará,Castanhal,Castanhal
Spain,ESP,Valencia,Castello,Castello
Portugal,PRT,Castelo Branco,Castelo Branco,Castelo Branco
Uruguay,URY,Rocha,Castillos,Castillos
United States,USA,Colorado,Castle Pines,Castle Pines
United States,USA,Colorado,Castle Rock,Castle Rock
United States,USA,Pennsylvania,Castle Shannon,Castle Shannon
Ireland,IRL,Mayo,Castlebar,Castlebar
Saint Lucia,LCA,Castries,Castries,Castries
Brazil,BRA,Paraná,Castro,Castro
Chile,CHL,Los Lagos,Castro,Castro
Canada,CAN,Ontario,Cat Lake,Cat Lake
Brazil,BRA,Goiás,Catalao,Catalão
Argentina,ARG,Catamarca,Catamarca,Catamarca
Brazil,BRA,São Paulo,Catanduva,Catanduva
Italy,ITA,Sicilia,Catania,Catania
Italy,ITA,Calabria,Catanzaro,Catanzaro
Philippines,PHL,Northern Samar,Catarman,Catarman
United States,USA,Pennsylvania,Catasauqua,Catasauqua
Philippines,PHL,Samar,Catbalogan,Catbalogan
United Kingdom,GBR,Lewisham,Catford,Catford
United States,USA,California,Cathedral City,Cathedral City
Guinea-Bissau,GNB,Tombali,Catio,Catió
United States,USA,Oklahoma,Catoosa,Catoosa
United States,USA,New York,Catskill,Catskill
Chile,CHL,Maule,Cauquenes,Cauquenes
Moldova,MDA,Căuşeni,Causeni,Căuşeni
United States,USA,Arizona,Cave Creek,Cave Creek
Brazil,BRA,Maranhão,Caxias,Caxias
Brazil,BRA,Rio Grande do Sul,Caxias do Sul,Caxias do Sul
Angola,AGO,Bengo,Caxito,Caxito
Ecuador,ECU,Pichincha,Cayambe,Cayambe
United States,USA,South Carolina,Cayce,Cayce
French Guiana,GUF,,Cayenne,Cayenne
Angola,AGO,Moxico,Cazombo,Cazombo
Azerbaijan,AZE,Cəbrayıl,Cabrayil,Cəbrayıl
Philippines,PHL,Cebu,Cebu,Cebu
United States,USA,Utah,Cedar City,Cedar City
United States,USA,Iowa,Cedar Falls,Cedar Falls
United States,USA,Texas,Cedar Hill,Cedar Hill
United States,USA,Utah,Cedar Hills,Cedar Hills
United States,USA,Indiana,Cedar Lake,Cedar Lake
United States,USA,Texas,Cedar Park,Cedar Park
United States,USA,Iowa,Cedar Rapids,Cedar Rapids
United States,USA,Wisconsin,Cedarburg,Cedarburg
United States,USA,New York,Cedarhurst,Cedarhurst
United States,USA,Georgia,Cedartown,Cedartown
Australia,AUS,South Australia,Ceduna,Ceduna
Somalia,SOM,Sanaag,Ceerigaabo,Ceerigaabo
Mexico,MEX,Guanajuato,Celaya,Celaya
Turkmenistan,TKM,Balkan,Celeken,Celeken
Azerbaijan,AZE,Cəlilabad,Calilabad,Cəlilabad
United States,USA,Texas,Celina,Celina
United States,USA,Ohio,Celina,Celina
Slovenia,SVN,Celje,Celje,Celje
Macedonia,MKD,Centar Župa,Centar Zupa,Centar Župa
United States,USA,Colorado,Centennial,Centennial
United States,USA,Texas,Center,Center
United States,USA,Michigan,Center Line,Center Line
United States,USA,Alabama,Center Point,Center Point
United States,USA,Arkansas,Centerton,Centerton
United States,USA,Georgia,Centerville,Centerville
United States,USA,Iowa,Centerville,Centerville
United States,USA,Ohio,Centerville,Centerville
United States,USA,Utah,Centerville,Centerville
United States,USA,Louisiana,Central,Central
United States,USA,South Carolina,Central,Central
United States,USA,Kentucky,Central City,Central City
Australia,AUS,New South Wales,Central Coast,Central Coast
United States,USA,Rhode Island,Central Falls,Central Falls
United States,USA,Oregon,Central Point,Central Point
United States,USA,Washington,Centralia,Centralia
United States,USA,Illinois,Centralia,Centralia
United States,USA,Illinois,Centreville,Centreville
Brazil,BRA,Goiás,Ceres,Ceres
United States,USA,California,Ceres,Ceres
Slovenia,SVN,Cerklje na Gorenjskem,Cerklje na Gorenjskem,Cerklje na Gorenjskem
Slovenia,SVN,Cerknica,Cerknica,Cerknica
Slovenia,SVN,Cerkno,Cerkno,Cerkno
Slovenia,SVN,Cerkvenjak,Cerkvenjak,Cerkvenjak
Argentina,ARG,Salta,Cerrillos,Cerrillos
United States,USA,California,Cerritos,Cerritos
Peru,PER,Pasco,Cerro de Pasco,Cerro de Pasco
Macedonia,MKD,Češinovo-Obleševo,Cesinovo,Češinovo
Latvia,LVA,Cēsu Novads,Cesis,Cēsis
Czechia,CZE,Jihočeský Kraj ,Ceske Budejovice,České Budějovice
Latvia,LVA,Cesvaines Novads,Cesvaine,Cesvaine
Montenegro,MNE,Cetinje,Cetinje,Cetinje
Spain,ESP,Ceuta,Ceuta,Ceuta
Iran,IRN,Sīstān va Balūchestān,Chabahar,Chabahar
Argentina,ARG,Buenos Aires,Chacabuco,Chacabuco
Peru,PER,Amazonas,Chachapoyas,Chachapoyas
Thailand,THA,Chachoengsao,Chachoengsao,Chachoengsao
United States,USA,Nebraska,Chadron,Chadron
Russia,RUS,Sakha (Yakutiya),Chagda,Chagda
Afghanistan,AFG,Ghōr,Chaghcharan,Chaghcharan
Trinidad And Tobago,TTO,Chaguanas,Chaguanas,Chaguanas
Venezuela,VEN,Anzoátegui,Chaguaramas,Chaguaramas
Thailand,THA,Chai Nat,Chainat,Chainat
Thailand,THA,Chaiyaphum,Chaiyaphum,Chaiyaphum
Tanzania,TZA,Pemba South,Chake Chake,Chake Chake
El Salvador,SLV,Chalatenango,Chalatenango,Chalatenango
Greece,GRC,Stereá Elláda,Chalkida,Chalkida
Bolivia,BOL,Oruro,Challapata,Challapata
Pakistan,PAK,Balochistān,Chaman,Chaman
United States,USA,Pennsylvania,Chambersburg,Chambersburg
United States,USA,Georgia,Chamblee,Chamblee
China,CHN,Tibet,Chamdo,Chamdo
Argentina,ARG,La Rioja,Chamical,Chamical
United States,USA,Illinois,Champaign,Champaign
Laos,LAO,Champasak,Champasak,Champasak
United States,USA,Minnesota,Champlin,Champlin
Mexico,MEX,Campeche,Champoton,Champotón
Chile,CHL,Atacama,Chanaral,Chanaral
Peru,PER,Lima,Chancay,Chancay
India,IND,Chandīgarh,Chandigarh,Chandigarh
United States,USA,Arizona,Chandler,Chandler
India,IND,Mahārāshtra,Chandrapur,Chandrapur
China,CHN,Jilin,Changchun,Changchun
China,CHN,Hunan,Changde,Changde
Taiwan,TWN,Changhua,Changhua,Changhua
China,CHN,Jilin,Changling,Changling
China,CHN,Beijing,Changping,Changping
China,CHN,Hunan,Changsha,Changsha
China,CHN,Fujian,Changting,Changting
"Korea, South",KOR,Gyeongnam,Changwon,Changwon
"Korea, North",PRK,Hwangnam,Changyon,Changyon
China,CHN,Shanxi,Changzhi,Changzhi
China,CHN,Jiangsu,Changzhou,Changzhou
United States,USA,Minnesota,Chanhassen,Chanhassen
United States,USA,Illinois,Channahon,Channahon
Canada,CAN,Newfoundland and Labrador,Channel-Port aux Basques,Channel-Port aux Basques
Thailand,THA,Chanthaburi,Chanthaburi,Chanthaburi
United States,USA,Kansas,Chanute,Chanute
China,CHN,Liaoning,Chaoyang,Chaoyang
China,CHN,Guangdong,Chaozhou,Chaozhou
Brazil,BRA,Maranhão,Chapadinha,Chapadinha
Kazakhstan,KAZ,Batys Qazaqstan,Chapaev,Chapaev
Russia,RUS,Samarskaya Oblast’,Chapayevsk,Chapayevsk
United States,USA,North Carolina,Chapel Hill,Chapel Hill
Canada,CAN,Ontario,Chapleau,Chapleau
Bolivia,BOL,Santa Cruz,Charagua,Charagua
Bolivia,BOL,La Paz,Charana,Charaña
Argentina,ARG,Chaco,Charata,Charata
United States,USA,Ohio,Chardon,Chardon
Afghanistan,AFG,Parwān,Charikar,Charikar
Belgium,BEL,Wallonia,Charleroi,Charleroi
United States,USA,Iowa,Charles City,Charles City
United States,USA,West Virginia,Charles Town,Charles Town
United States,USA,West Virginia,Charleston,Charleston
United States,USA,Illinois,Charleston,Charleston
United States,USA,Missouri,Charleston,Charleston
United States,USA,South Carolina,Charleston,Charleston
United States,USA,Indiana,Charlestown,Charlestown
Australia,AUS,Queensland,Charleville,Charleville
United States,USA,North Carolina,Charlotte,Charlotte
United States,USA,Michigan,Charlotte,Charlotte
United States,USA,Virginia,Charlottesville,Charlottesville
Canada,CAN,Prince Edward Island,Charlottetown,Charlottetown
Australia,AUS,Queensland,Charters Towers,Charters Towers
Argentina,ARG,Buenos Aires,Chascomus,Chascomús
United States,USA,Minnesota,Chaska,Chaska
United States,USA,New Jersey,Chatham,Chatham
United States,USA,Illinois,Chatham,Chatham
United States,USA,Tennessee,Chattanooga,Chattanooga
Vietnam,VNM,An Giang,Chau Doc,Châu Đốc
Burma,MMR,Magway,Chauk,Chauk
Russia,RUS,Chuvashiya,Cheboksary,Cheboksary
Russia,RUS,Khabarovskiy Kray,Chegdomyn,Chegdomyn
Mauritania,MRT,Tiris Zemmour,Chegga,Chegga
United States,USA,Washington,Chehalis,Chehalis
United States,USA,Washington,Chelan,Chelan
United Kingdom,GBR,Essex,Chelmsford,Chelmsford
United States,USA,Alabama,Chelsea,Chelsea
United States,USA,Massachusetts,Chelsea,Chelsea
United States,USA,Michigan,Chelsea,Chelsea
Russia,RUS,Chelyabinskaya Oblast’,Chelyabinsk,Chelyabinsk
Germany,DEU,Saxony,Chemnitz,Chemnitz
United States,USA,Washington,Cheney,Cheney
China,CHN,Hebei,Chengde,Chengde
China,CHN,Sichuan,Chengdu,Chengdu
India,IND,Tamil Nādu ,Chennai,Chennai
China,CHN,Hunan,Chenzhou,Chenzhou
"Korea, South",KOR,Chungbuk,Cheongju,Cheongju
Argentina,ARG,La Rioja,Chepes,Chepes
United States,USA,South Carolina,Cheraw,Cheraw
France,FRA,Normandie,Cherbourg,Cherbourg
Russia,RUS,Irkutskaya Oblast’,Cheremkhovo,Cheremkhovo
Russia,RUS,Novosibirskaya Oblast’,Cherepanovo,Cherepanovo
Russia,RUS,Vologodskaya Oblast’,Cherepovets,Cherepovets
Ukraine,UKR,Cherkas’ka Oblast’,Cherkasy,Cherkasy
Russia,RUS,Karachayevo-Cherkesiya,Cherkessk,Cherkessk
Russia,RUS,Omskaya Oblast’,Cherlak,Cherlak
Ukraine,UKR,Chernihivs’ka Oblast’,Chernihiv,Chernihiv
Ukraine,UKR,Chernivets’ka Oblast’,Chernivtsi,Chernivtsi
Ukraine,UKR,Kyyivs’ka Oblast’,Chernobyl,Chernobyl
Russia,RUS,Khakasiya,Chernogorsk,Chernogorsk
Russia,RUS,Kaliningradskaya Oblast’,Chernyakhovsk,Chernyakhovsk
Russia,RUS,Sakha (Yakutiya),Chernyshevskiy,Chernyshevskiy
United States,USA,Colorado,Cherry Hills Village,Cherry Hills Village
United States,USA,North Carolina,Cherryville,Cherryville
Russia,RUS,Sakha (Yakutiya),Cherskiy,Chersky
United States,USA,Virginia,Chesapeake,Chesapeake
United States,USA,Maryland,Chesapeake Beach,Chesapeake Beach
United Kingdom,GBR,Cheshire West and Chester,Chester,Chester
United States,USA,New York,Chester,Chester
United States,USA,Pennsylvania,Chester,Chester
United States,USA,Illinois,Chester,Chester
United States,USA,South Carolina,Chester,Chester
United States,USA,Missouri,Chesterfield,Chesterfield
Canada,CAN,Nunavut,Chesterfield Inlet,Chesterfield Inlet
United States,USA,Indiana,Chesterton,Chesterton
United States,USA,Maryland,Chestertown,Chestertown
United States,USA,New York,Chestnut Ridge,Chestnut Ridge
Mexico,MEX,Quintana Roo,Chetumal,Chetumal
United States,USA,Maryland,Cheverly,Cheverly
United States,USA,Ohio,Cheviot,Cheviot
United States,USA,Wyoming,Cheyenne,Cheyenne
Thailand,THA,Chiang Mai,Chiang Mai,Chiang Mai
Thailand,THA,Chiang Rai,Chiang Rai,Chiang Rai
Taiwan,TWN,Chiayi,Chiayi,Chiayi
Japan,JPN,Chiba,Chiba,Chiba
Angola,AGO,Huíla,Chibemba,Chibemba
Angola,AGO,Huíla,Chibia,Chibia
United States,USA,Illinois,Chicago,Chicago
United States,USA,Illinois,Chicago Heights,Chicago Heights
United States,USA,Illinois,Chicago Ridge,Chicago Ridge
United Kingdom,GBR,West Sussex,Chichester,Chichester
United States,USA,Alabama,Chickasaw,Chickasaw
United States,USA,Oklahoma,Chickasha,Chickasha
United Kingdom,GBR,Central Bedfordshire,Chicksands,Chicksands
Peru,PER,Lambayeque,Chiclayo,Chiclayo
United States,USA,California,Chico,Chico
United States,USA,Massachusetts,Chicopee,Chicopee
Canada,CAN,Québec,Chicoutimi,Chicoutimi
China,CHN,Inner Mongolia,Chifeng,Chifeng
Mexico,MEX,Chihuahua,Chihuahua,Chihuahua
Malawi,MWI,Chikwawa,Chikwawa,Chikwawa
Peru,PER,Lima,Chilca,Chilca
Argentina,ARG,La Rioja,Chilecito,Chilecito
Zambia,ZMB,Copperbelt,Chililabombwe,Chililabombwe
Chile,CHL,,Chillan,Chillán
United States,USA,Illinois,Chillicothe,Chillicothe
United States,USA,Ohio,Chillicothe,Chillicothe
United States,USA,Missouri,Chillicothe,Chillicothe
Canada,CAN,British Columbia,Chilliwack,Chilliwack
Mexico,MEX,Guerrero,Chilpancingo,Chilpancingo
Guatemala,GTM,Chimaltenango,Chimaltenango,Chimaltenango
Peru,PER,Ancash,Chimbote,Chimbote
Uzbekistan,UZB,Qoraqalpog‘iston,Chimboy,Chimboy
Mozambique,MOZ,Manica,Chimoio,Chimoio
Nicaragua,NIC,Chinandega,Chinandega,Chinandega
Peru,PER,Ica,Chincha Alta,Chincha Alta
Zambia,ZMB,Copperbelt,Chingola,Chingola
Zimbabwe,ZWE,Mashonaland West,Chinhoyi,Chinhoyi
Pakistan,PAK,Punjab,Chiniot,Chiniot
United States,USA,California,Chino,Chino
United States,USA,California,Chino Hills,Chino Hills
United States,USA,Arizona,Chino Valley,Chino Valley
Zambia,ZMB,Muchinga,Chinsali,Chinsali
Zambia,ZMB,Eastern,Chipata,Chipata
United States,USA,Wisconsin,Chippewa Falls,Chippewa Falls
Guatemala,GTM,Chiquimula,Chiquimula,Chiquimula
Colombia,COL,Boyacá,Chiquinquira,Chiquinquirá
Malawi,MWI,Chiradzulu,Chiradzulu,Chiradzulu
India,IND,Andhra Pradesh,Chirala,Chirala
Mozambique,MOZ,Manica,Chiramba,Chiramba
Uzbekistan,UZB,Toshkent,Chirchiq,Chirchiq
Zimbabwe,ZWE,,Chiredzi,Chiredzi
Malawi,MWI,Nsanje,Chiromo,Chiromo
United States,USA,Minnesota,Chisago City,Chisago City
Moldova,MDA,Chişinău,Chisinau,Chișinău
Russia,RUS,Tatarstan,Chistopol,Chistopol
Russia,RUS,Zabaykal’skiy Kray,Chita,Chita
Angola,AGO,Cunene,Chitado,Chitado
Malawi,MWI,Chitipa,Chitipa,Chitipa
Panama,PAN,Herrera,Chitre,Chitré
Bangladesh,BGD,Chittagong,Chittagong,Chittagong
Zimbabwe,ZWE,Harare,Chitungwiza,Chitungwiza
Argentina,ARG,Buenos Aires,Chivilcoy,Chivilcoy
Algeria,DZA,Chlef,Chlef,Chlef
United States,USA,Oklahoma,Choctaw,Choctaw
Argentina,ARG,Río Negro,Choele Choel,Choele Choel
Russia,RUS,Sakha (Yakutiya),Chokurdakh,Chokurdakh
Kyrgyzstan,KGZ,Ysyk-Köl,Cholpon Ata,Cholpon Ata
Honduras,HND,Choluteca,Choluteca,Choluteca
Zambia,ZMB,Southern,Choma,Choma
Thailand,THA,Chon Buri,Chon Buri,Chon Buri
Chile,CHL,Los Lagos,Chonchi,Chonchi
Ecuador,ECU,Manabí,Chone,Chone
"Korea, North",PRK,Hambuk,Chongjin,Chongjin
"Korea, North",PRK,P’yŏngbuk,Chongju,Chongju
China,CHN,Chongqing,Chongqing,Chongqing
Argentina,ARG,Neuquén,Chos Malal,Chos Malal
"Korea, North",PRK,Chagang,Chosan,Chosan
Peru,PER,Lima,Chosica,Chosica
Peru,PER,Cajamarca,Chota,Chota
United States,USA,California,Chowchilla,Chowchilla
Mongolia,MNG,Dornod,Choybalsan,Choybalsan
Mongolia,MNG,Govĭsümber,Choyr,Choyr
New Zealand,NZL,Canterbury,Christchurch,Christchurch
United States,USA,Virginia,Christiansburg,Christiansburg
United States,USA,Idaho,Chubbuck,Chubbuck
Malaysia,MYS,Terengganu,Chukai,Chukai
United States,USA,California,Chula Vista,Chula Vista
Peru,PER,Piura,Chulucanas,Chulucanas
Argentina,ARG,Catamarca,Chumbicha,Chumbicha
Russia,RUS,Khabarovskiy Kray,Chumikan,Chumikan
Thailand,THA,Chumphon,Chumphon,Chumphon
"Korea, South",KOR,Gangwon,Chuncheon,Chuncheon
Chile,CHL,Antofagasta,Chuquicamata,Chuquicamata
Switzerland,CHE,Graubünden,Chur,Chur
United States,USA,Tennessee,Church Hill,Church Hill
Canada,CAN,Manitoba,Churchill,Churchill
Russia,RUS,Permskiy Kray,Chusovoy,Chusovoy
China,CHN,Yunnan,Chuxiong,Chuxiong
Burundi,BDI,Cibitoke,Cibitoke,Cibitoke
Latvia,LVA,Ciblas Novads,Cibla,Cibla
United States,USA,Texas,Cibolo,Cibolo
United States,USA,Illinois,Cicero,Cicero
Serbia,SRB,Ćićevac,Cicevac,Ćićevac
Cabo Verde,CPV,Ribeira Grande de Santiago,Cidade Velha,Cidade Velha
Cuba,CUB,Ciego de Ávila,Ciego de Avila,Ciego de Ávila
Colombia,COL,Magdalena,Cienaga,Ciénaga
Cuba,CUB,Cienfuegos,Cienfuegos,Cienfuegos
Indonesia,IDN,Jawa Tengah,Cilacap,Cilacap
Moldova,MDA,Cimişlia,Cimislia,Cimişlia
United States,USA,Ohio,Cincinnati,Cincinnati
United States,USA,Ohio,Circleville,Circleville
Indonesia,IDN,Jawa Barat,Cirebon,Cirebon
Slovenia,SVN,Cirkulane,Cirkulane,Cirkulane
United States,USA,California,Citrus Heights,Citrus Heights
Philippines,PHL,Basilan,City of Isabela,City of Isabela
United States,USA,Connecticut,City of Milford (balance),City of Milford (balance)
Philippines,PHL,Parañaque,City of Paranaque,City of Parañaque
United Kingdom,GBR,Westminster,City of Westminster,City of Westminster
Mexico,MEX,Guerrero,Ciudad Altamirano,Ciudad Altamirano
Venezuela,VEN,Bolívar,Ciudad Bolivar,Ciudad Bolívar
Mexico,MEX,Chihuahua,Ciudad Camargo,Ciudad Camargo
Mexico,MEX,Baja California Sur,Ciudad Constitucion,Ciudad Constitución
Costa Rica,CRI,Puntarenas,Ciudad Cortes,Ciudad Cortes
Mexico,MEX,Campeche,Ciudad del Carmen,Ciudad del Carmen
Paraguay,PRY,Alto Paraná,Ciudad del Este,Ciudad del Este
Venezuela,VEN,Bolívar,Ciudad Guayana,Ciudad Guayana
Mexico,MEX,Jalisco,Ciudad Guzman,Ciudad Guzman
Mexico,MEX,Michoacán de Ocampo,Ciudad Hidalgo,Ciudad Hidalgo
Mexico,MEX,Chihuahua,Ciudad Juarez,Ciudad Juárez
Mexico,MEX,Tamaulipas,Ciudad Madero,Ciudad Madero
Mexico,MEX,Tamaulipas,Ciudad Mante,Ciudad Mante
Mexico,MEX,Sonora,Ciudad Obregon,Ciudad Obregon
Mexico,MEX,San Luis Potosí,Ciudad Valles,Ciudad Valles
Mexico,MEX,Tamaulipas,Ciudad Victoria,Ciudad Victoria
Italy,ITA,Lazio,Civitavecchia,Civitavecchia
United States,USA,Pennsylvania,Clairton,Clairton
United States,USA,Alabama,Clanton,Clanton
Australia,AUS,South Australia,Clare,Clare
United States,USA,Michigan,Clare,Clare
United States,USA,New Hampshire,Claremont,Claremont
United States,USA,California,Claremont,Claremont
United States,USA,Oklahoma,Claremore,Claremore
United States,USA,Illinois,Clarendon Hills,Clarendon Hills
United States,USA,Iowa,Clarinda,Clarinda
United States,USA,Pennsylvania,Clarion,Clarion
United States,USA,West Virginia,Clarksburg,Clarksburg
United States,USA,Mississippi,Clarksdale,Clarksdale
United States,USA,Washington,Clarkston,Clarkston
United States,USA,Georgia,Clarkston,Clarkston
United States,USA,Tennessee,Clarksville,Clarksville
United States,USA,Arkansas,Clarksville,Clarksville
United States,USA,Indiana,Clarksville,Clarksville
United States,USA,Michigan,Clawson,Clawson
United States,USA,Alabama,Clay,Clay
United States,USA,New Jersey,Clayton,Clayton
United States,USA,North Carolina,Clayton,Clayton
United States,USA,California,Clayton,Clayton
United States,USA,Ohio,Clayton,Clayton
United States,USA,Missouri,Clayton,Clayton
United States,USA,Iowa,Clear Lake,Clear Lake
United States,USA,Pennsylvania,Clearfield,Clearfield
United States,USA,Utah,Clearfield,Clearfield
United States,USA,California,Clearlake,Clearlake
United States,USA,Florida,Clearwater,Clearwater
United States,USA,Texas,Cleburne,Cleburne
United States,USA,North Carolina,Clemmons,Clemmons
United States,USA,South Carolina,Clemson,Clemson
United States,USA,Florida,Clermont,Clermont
France,FRA,Auvergne-Rhône-Alpes,Clermont-Ferrand,Clermont-Ferrand
Luxembourg,LUX,Clervaux,Clervaux,Clervaux
United States,USA,Texas,Cleveland,Cleveland
United States,USA,Tennessee,Cleveland,Cleveland
United States,USA,Georgia,Cleveland,Cleveland
United States,USA,Ohio,Cleveland,Cleveland
United States,USA,Mississippi,Cleveland,Cleveland
United States,USA,Ohio,Cleveland Heights,Cleveland Heights
United States,USA,Florida,Clewiston,Clewiston
United States,USA,New Jersey,Cliffside Park,Cliffside Park
United States,USA,New Jersey,Clifton,Clifton
United States,USA,Arizona,Clifton,Clifton
United States,USA,Pennsylvania,Clifton Heights,Clifton Heights
United States,USA,New York,Clifton Springs,Clifton Springs
United States,USA,North Carolina,Clinton,Clinton
United States,USA,Tennessee,Clinton,Clinton
United States,USA,Illinois,Clinton,Clinton
United States,USA,Indiana,Clinton,Clinton
United States,USA,Iowa,Clinton,Clinton
United States,USA,Oklahoma,Clinton,Clinton
United States,USA,Utah,Clinton,Clinton
United States,USA,Missouri,Clinton,Clinton
United States,USA,Mississippi,Clinton,Clinton
United States,USA,South Carolina,Clinton,Clinton
United States,USA,Iowa,Clive,Clive
Bolivia,BOL,Cochabamba,Cliza,Cliza
Australia,AUS,Queensland,Cloncurry,Cloncurry
Ireland,IRL,Tipperary,Clonmel,Clonmel
United States,USA,Minnesota,Cloquet,Cloquet
United States,USA,New Jersey,Closter,Closter
United States,USA,South Carolina,Clover,Clover
United States,USA,California,Cloverdale,Cloverdale
United States,USA,New Mexico,Clovis,Clovis
United States,USA,California,Clovis,Clovis
Romania,ROU,Cluj,Cluj-Napoca,Cluj-Napoca
United States,USA,Texas,Clute,Clute
United Kingdom,GBR,Rhondda Cynon Taff,Clydach Vale,Clydach Vale
United States,USA,Ohio,Clyde,Clyde
United States,USA,California,Coachella,Coachella
United States,USA,Illinois,Coal City,Coal City
Mexico,MEX,Michoacán de Ocampo,Coalcoman,Coalcoman
United States,USA,California,Coalinga,Coalinga
Brazil,BRA,Amazonas,Coari,Coari
United States,USA,Pennsylvania,Coatesville,Coatesville
Mexico,MEX,Veracruz,Coatzacoalcos,Coatzacoalcos
Canada,CAN,Ontario,Cobalt,Cobalt
Guatemala,GTM,Alta Verapaz,Coban,Cobán
Bolivia,BOL,Pando,Cobija,Cobija
United States,USA,New York,Cobleskill,Cobleskill
Australia,AUS,Victoria,Cobram,Cobram
Germany,DEU,Bavaria,Coburg,Coburg
Bolivia,BOL,Cochabamba,Cochabamba,Cochabamba
United States,USA,Georgia,Cochran,Cochran
Canada,CAN,Ontario,Cochrane,Cochrane
Chile,CHL,Aysén,Cochrane,Cochrane
Moldova,MDA,Dubăsari,Cocieri,Cocieri
United States,USA,Florida,Cocoa,Cocoa
United States,USA,Florida,Cocoa Beach,Cocoa Beach
United States,USA,Florida,Coconut Creek,Coconut Creek
Brazil,BRA,Maranhão,Codo,Codó
United States,USA,Wyoming,Cody,Cody
United States,USA,Idaho,Coeur d'Alene,Coeur d'Alene
United States,USA,Kansas,Coffeyville,Coffeyville
Australia,AUS,New South Wales,Coffs Harbour,Coffs Harbour
United States,USA,New York,Cohoes,Cohoes
Chile,CHL,Aysén,Coihaique,Coihaique
India,IND,Tamil Nādu ,Coimbatore,Coimbatore
Portugal,PRT,Coimbra,Coimbra,Coimbra
El Salvador,SLV,Cuscatlán,Cojutepeque,Cojutepeque
Serbia,SRB,Čoka,Coka,Čoka
Australia,AUS,Victoria,Colac,Colac
United States,USA,Kansas,Colby,Colby
United States,USA,Kentucky,Cold Spring,Cold Spring
United States,USA,Michigan,Coldwater,Coldwater
United Kingdom,GBR,Causeway Coast and Glens,Coleraine,Coleraine
South Africa,ZAF,Northern Cape,Colesberg,Colesberg
Brazil,BRA,Mato Grosso,Colider,Colíder
Mexico,MEX,Colima,Colima,Colima
Brazil,BRA,Maranhão,Colinas,Colinas
United States,USA,Georgia,College Park,College Park
United States,USA,Maryland,College Park,College Park
United States,USA,Washington,College Place,College Place
United States,USA,Texas,College Station,College Station
United States,USA,Tennessee,Collegedale,Collegedale
United States,USA,Pennsylvania,Collegeville,Collegeville
United States,USA,Texas,Colleyville,Colleyville
United States,USA,Tennessee,Collierville,Collierville
United States,USA,Pennsylvania,Collingdale,Collingdale
United States,USA,New Jersey,Collingswood,Collingswood
United States,USA,Illinois,Collinsville,Collinsville
United States,USA,Oklahoma,Collinsville,Collinsville
Chile,CHL,Araucanía,Collipulli,Collipulli
Germany,DEU,North Rhine-Westphalia,Cologne,Cologne
Sri Lanka,LKA,Western,Colombo,Colombo
Panama,PAN,Colón,Colon,Colón
Cuba,CUB,Matanzas,Colon,Colón
United States,USA,Illinois,Colona,Colona
"Micronesia, Federated States Of",FSM,Yap,Colonia,Colonia
Uruguay,URY,Colonia,Colonia del Sacramento,Colonia del Sacramento
United States,USA,Virginia,Colonial Heights,Colonial Heights
United States,USA,New York,Colonie,Colonie
United States,USA,Texas,Colorado City,Colorado City
United States,USA,Arizona,Colorado City,Colorado City
United States,USA,Colorado,Colorado Springs,Colorado Springs
United States,USA,California,Colton,Colton
United States,USA,Tennessee,Columbia,Columbia
United States,USA,Pennsylvania,Columbia,Columbia
United States,USA,Illinois,Columbia,Columbia
United States,USA,Missouri,Columbia,Columbia
United States,USA,Mississippi,Columbia,Columbia
United States,USA,South Carolina,Columbia,Columbia
United States,USA,Kentucky,Columbia,Columbia
United States,USA,Indiana,Columbia City,Columbia City
United States,USA,Montana,Columbia Falls,Columbia Falls
United States,USA,Minnesota,Columbia Heights,Columbia Heights
United States,USA,Ohio,Columbiana,Columbiana
United States,USA,Wisconsin,Columbus,Columbus
United States,USA,Nebraska,Columbus,Columbus
United States,USA,Georgia,Columbus,Columbus
United States,USA,Indiana,Columbus,Columbus
United States,USA,Ohio,Columbus,Columbus
United States,USA,Mississippi,Columbus,Columbus
United States,USA,California,Colusa,Colusa
United States,USA,Washington,Colville,Colville
Argentina,ARG,Río Negro,Comallo,Comallo
Argentina,ARG,Formosa,Comandante Fontana,Comandante Fontana
Honduras,HND,Comayagua,Comayagua,Comayagua
Chile,CHL,Coquimbo,Combarbala,Combarbalá
Dominican Republic,DOM,El Valle,Comendador,Comendador
Bangladesh,BGD,Chittagong,Comilla,Comilla
United States,USA,Texas,Commerce,Commerce
United States,USA,California,Commerce,Commerce
United States,USA,Georgia,Commerce,Commerce
United States,USA,Colorado,Commerce City,Commerce City
Italy,ITA,Lombardy,Como,Como
Argentina,ARG,Chubut,Comodoro Rivadavia,Comodoro Rivadavia
Argentina,ARG,Santa Cruz,Comondante Luis Piedrabuena,Comondante Luis Piedrabuena
Mexico,MEX,Nayarit,Compostela,Compostela
United States,USA,California,Compton,Compton
Moldova,MDA,Găgăuzia,Comrat,Comrat
Guinea,GIN,Conakry,Conakry,Conakry
Brazil,BRA,Pará,Conceicao do Araguaia,Conceição do Araguaia
Paraguay,PRY,Concepción,Concepcion,Concepción
Chile,CHL,Biobío,Concepcion,Concepción
Argentina,ARG,Entre Ríos,Concepcion del Uruguay,Concepción del Uruguay
United States,USA,New Hampshire,Concord,Concord
United States,USA,North Carolina,Concord,Concord
United States,USA,California,Concord,Concord
Argentina,ARG,Entre Ríos,Concordia,Concordia
United States,USA,Kansas,Concordia,Concordia
Brazil,BRA,Santa Catarina,Concordia,Concórdia
United States,USA,Ohio,Conneaut,Conneaut
United States,USA,Washington,Connell,Connell
United States,USA,Pennsylvania,Connellsville,Connellsville
United States,USA,Indiana,Connersville,Connersville
United States,USA,North Carolina,Conover,Conover
United States,USA,Texas,Conroe,Conroe
Brazil,BRA,Minas Gerais,Conselheiro Lafaiete,Conselheiro Lafaiete
United States,USA,Pennsylvania,Conshohocken,Conshohocken
Romania,ROU,Constanţa,Constanta,Constanța
Algeria,DZA,Constantine,Constantine,Constantine
Chile,CHL,Maule,Constitucion,Constitución
Peru,PER,Loreto,Contamana,Contamana
United States,USA,Texas,Converse,Converse
United States,USA,Arkansas,Conway,Conway
United States,USA,South Carolina,Conway,Conway
United Kingdom,GBR,Conwy,Conwy,Conwy
United States,USA,Georgia,Conyers,Conyers
United States,USA,Tennessee,Cookeville,Cookeville
United Kingdom,GBR,Mid Ulster,Cookstown,Cookstown
United States,USA,Arizona,Coolidge,Coolidge
Australia,AUS,New South Wales,Cooma,Cooma
United States,USA,Minnesota,Coon Rapids,Coon Rapids
United States,USA,Florida,Cooper City,Cooper City
United States,USA,Oregon,Coos Bay,Coos Bay
Chile,CHL,Atacama,Copiapo,Copiapó
United States,USA,Texas,Coppell,Coppell
United States,USA,Texas,Copperas Cove,Copperas Cove
Chile,CHL,Coquimbo,Coquimbo,Coquimbo
Peru,PER,Ayacucho,Coracora,Coracora
United States,USA,Florida,Coral Gables,Coral Gables
Canada,CAN,Nunavut,Coral Harbour,Coral Harbour
United States,USA,Florida,Coral Springs,Coral Springs
United States,USA,Iowa,Coralville,Coralville
United States,USA,Pennsylvania,Coraopolis,Coraopolis
United States,USA,Kentucky,Corbin,Corbin
United States,USA,California,Corcoran,Corcoran
United States,USA,Minnesota,Corcoran,Corcoran
United States,USA,Georgia,Cordele,Cordele
Mexico,MEX,Veracruz,Cordoba,Córdoba
Argentina,ARG,Córdoba,Cordoba,Córdoba
Spain,ESP,Andalusia,Cordoba,Córdoba
United States,USA,Texas,Corinth,Corinth
United States,USA,Mississippi,Corinth,Corinth
Ireland,IRL,Cork,Cork,Cork
United States,USA,Georgia,Cornelia,Cornelia
United States,USA,North Carolina,Cornelius,Cornelius
United States,USA,Oregon,Cornelius,Cornelius
Canada,CAN,Newfoundland and Labrador,Corner Brook,Corner Brook
United States,USA,New York,Corning,Corning
United States,USA,California,Corning,Corning
Canada,CAN,Ontario,Cornwall,Cornwall
Venezuela,VEN,Falcón,Coro,Coro
Bolivia,BOL,La Paz,Coro Coro,Coro Coro
Brazil,BRA,Maranhão,Coroata,Coroatá
Bolivia,BOL,La Paz,Coroico,Coroico
United States,USA,California,Corona,Corona
United States,USA,California,Coronado,Coronado
Chile,CHL,Biobío,Coronel,Coronel
Paraguay,PRY,Itapúa,Coronel Bogado,Coronel Bogado
Paraguay,PRY,Caaguazú,Coronel Oviedo,Coronel Oviedo
Argentina,ARG,Buenos Aires,Coronel Suarez,Coronel Suárez
Albania,ALB,Berat,Corovode,Çorovodë
Belize,BLZ,Corozal,Corozal,Corozal
United States,USA,Texas,Corpus Christi,Corpus Christi
United States,USA,New Mexico,Corrales,Corrales
Argentina,ARG,Corrientes,Corrientes,Corrientes
Guyana,GUY,East Berbice-Corentyne,Corriverton,Corriverton
United States,USA,Pennsylvania,Corry,Corry
United States,USA,Texas,Corsicana,Corsicana
United States,USA,California,Corte Madera,Corte Madera
United States,USA,Colorado,Cortez,Cortez
United States,USA,New York,Cortland,Cortland
United States,USA,Ohio,Cortland,Cortland
Turkey,TUR,Çorum,Corum,Corum
Brazil,BRA,Mato Grosso do Sul,Corumba,Corumbá
United States,USA,Oregon,Corvallis,Corvallis
United States,USA,Indiana,Corydon,Corydon
United States,USA,Ohio,Coshocton,Coshocton
Malta,MLT,Bormla,Cospicua,Cospicua
United States,USA,California,Costa Mesa,Costa Mesa
Philippines,PHL,Cotabato,Cotabato,Cotabato
United States,USA,California,Cotati,Cotati
Benin,BEN,Littoral,Cotonou,Cotonou
United States,USA,Wisconsin,Cottage Grove,Cottage Grove
United States,USA,Minnesota,Cottage Grove,Cottage Grove
United States,USA,Oregon,Cottage Grove,Cottage Grove
Germany,DEU,Brandenburg,Cottbus,Cottbus
Suriname,SUR,Sipaliwini,Cottica,Cottica
United States,USA,Missouri,Cottleville,Cottleville
United States,USA,Arizona,Cottonwood,Cottonwood
United States,USA,Utah,Cottonwood Heights,Cottonwood Heights
Dominican Republic,DOM,Cibao Sur,Cotui,Cotuí
United States,USA,Iowa,Council Bluffs,Council Bluffs
United States,USA,Illinois,Country Club Hills,Country Club Hills
United States,USA,Illinois,Countryside,Countryside
Canada,CAN,British Columbia,Courtenay,Courtenay
Trinidad And Tobago,TTO,Couva/Tabaquite/Talparo,Couva,Couva
Cabo Verde,CPV,Santa Catarina do Fogo,Cova Figueira,Cova Figueira
United Kingdom,GBR,Coventry,Coventry,Coventry
Portugal,PRT,Castelo Branco,Covilha,Covilhã
United States,USA,California,Covina,Covina
United States,USA,Washington,Covington,Covington
United States,USA,Virginia,Covington,Covington
United States,USA,Louisiana,Covington,Covington
United States,USA,Tennessee,Covington,Covington
United States,USA,Georgia,Covington,Covington
United States,USA,Kentucky,Covington,Covington
Australia,AUS,South Australia,Cowell,Cowell
United States,USA,Oklahoma,Coweta,Coweta
Australia,AUS,New South Wales,Cowra,Cowra
United States,USA,New York,Coxsackie,Coxsackie
Mexico,MEX,Quintana Roo,Cozumel,Cozumel
South Africa,ZAF,Eastern Cape,Cradock,Cradock
United States,USA,Pennsylvania,Crafton,Crafton
United States,USA,Colorado,Craig,Craig
United Kingdom,GBR,"Armagh, Banbridge and Craigavon",Craigavon,Craigavon
Romania,ROU,Dolj,Craiova,Craiova
Australia,AUS,Victoria,Cranbourne,Cranbourne
Canada,CAN,British Columbia,Cranbrook,Cranbrook
United States,USA,Rhode Island,Cranston,Cranston
Brazil,BRA,Ceará,Crateus,Crateús
Brazil,BRA,Amazonas,Crato,Crato
Brazil,BRA,Ceará,Crato,Crato
United States,USA,Indiana,Crawfordsville,Crawfordsville
Slovenia,SVN,Črenšovci,Crensovci,Črenšovci
United States,USA,California,Crescent City,Crescent City
United States,USA,New Jersey,Cresskill,Cresskill
United States,USA,Pennsylvania,Cresson,Cresson
United States,USA,Illinois,Crest Hill,Crest Hill
Canada,CAN,British Columbia,Creston,Creston
United States,USA,Iowa,Creston,Creston
United States,USA,Florida,Crestview,Crestview
United States,USA,Illinois,Crestwood,Crestwood
United States,USA,Missouri,Crestwood,Crestwood
United States,USA,Oregon,Creswell,Creswell
United States,USA,Nebraska,Crete,Crete
United States,USA,Illinois,Crete,Crete
United States,USA,Illinois,Creve Coeur,Creve Coeur
United States,USA,Missouri,Creve Coeur,Creve Coeur
Brazil,BRA,Santa Catarina,Criciuma,Criciúma
Brazil,BRA,Goiás,Cristalina,Cristalina
Moldova,MDA,Criuleni,Criuleni,Criuleni
Slovenia,SVN,Črna na Koroškem,Crna na Koroskem,Črna na Koroškem
Serbia,SRB,Crna Trava,Crna Trava,Crna Trava
Slovenia,SVN,Črnomelj,Crnomelj,Črnomelj
United States,USA,Texas,Crockett,Crockett
United States,USA,Minnesota,Crookston,Crookston
United States,USA,Arkansas,Crossett,Crossett
United States,USA,Tennessee,Crossville,Crossville
Italy,ITA,Calabria,Crotone,Crotone
United States,USA,New York,Croton-on-Hudson,Croton-on-Hudson
United States,USA,Texas,Crowley,Crowley
United States,USA,Louisiana,Crowley,Crowley
United States,USA,Indiana,Crown Point,Crown Point
United Kingdom,GBR,Croydon,Croydon,Croydon
Brazil,BRA,Acre,Cruzeiro do Sul,Cruzeiro do Sul
United States,USA,Minnesota,Crystal,Crystal
United States,USA,Texas,Crystal City,Crystal City
United States,USA,Illinois,Crystal Lake,Crystal Lake
United States,USA,Mississippi,Crystal Springs,Crystal Springs
Mozambique,MOZ,Niassa,Cuamba,Cuamba
Mexico,MEX,Chihuahua,Cuauhtemoc,Cuauhtémoc
Angola,AGO,Benguela,Cubal,Cubal
Macedonia,MKD,Čučer-Sandevo,Cucer-Sandevo,Čučer-Sandevo
Colombia,COL,Norte de Santander,Cucuta,Cúcuta
United States,USA,Wisconsin,Cudahy,Cudahy
United States,USA,California,Cudahy,Cudahy
India,IND,Tamil Nādu ,Cuddalore,Cuddalore
Ecuador,ECU,Azuay,Cuenca,Cuenca
Mexico,MEX,Durango,Cuencame,Cuencame
Mexico,MEX,Morelos,Cuernavaca,Cuernavaca
United States,USA,Texas,Cuero,Cuero
Bolivia,BOL,Santa Cruz,Cuevo,Cuevo
Brazil,BRA,Mato Grosso,Cuiaba,Cuiabá
Guatemala,GTM,Santa Rosa,Cuilapa,Cuilapa
Angola,AGO,Kuando Kubango,Cuito Caunavale,Cuito Caunavale
Mexico,MEX,Sinaloa,Culiacan,Culiacán
United States,USA,Alabama,Cullman,Cullman
United States,USA,Virginia,Culpeper,Culpeper
United States,USA,California,Culver City,Culver City
Venezuela,VEN,Sucre,Cumana,Cumaná
United States,USA,Indiana,Cumberland,Cumberland
United States,USA,Maryland,Cumberland,Cumberland
United States,USA,Georgia,Cumming,Cumming
United States,USA,California,Cupertino,Cupertino
Serbia,SRB,Ćuprija,Cuprija,Ćuprija
Chile,CHL,Biobío,Curanilahue,Curanilahue
Mauritius,MUS,Plaines Wilhems,Curepipe,Curepipe
Chile,CHL,Maule,Curico,Curicó
Brazil,BRA,Paraná,Curitiba,Curitiba
Brazil,BRA,Minas Gerais,Curvelo,Curvelo
Peru,PER,Cusco,Cusco,Cusco
United States,USA,Oklahoma,Cushing,Cushing
United States,USA,Georgia,Cusseta,Cusseta
United States,USA,Florida,Cutler Bay,Cutler Bay
Argentina,ARG,Neuquén,Cutral Co,Cutral Có
India,IND,Odisha,Cuttack,Cuttack
Chile,CHL,Arica y Parinacota,Cuya,Cuya
United States,USA,Ohio,Cuyahoga Falls,Cuyahoga Falls
Rwanda,RWA,Western Province,Cyangugu,Cyangugu
United States,USA,Kentucky,Cynthiana,Cynthiana
United States,USA,California,Cypress,Cypress
Vietnam,VNM,Lâm Đồng,Da Lat,Da Lat
Vietnam,VNM,Lâm Đồng,Da Lat,Đà Lạt
Vietnam,VNM,Quảng Nam,Da Nang,Da Nang
Vietnam,VNM,Đà Nẵng,Da Nang,Đà Nẵng
China,CHN,Jilin,Daan,Daan
Guinea,GIN,Faranah,Dabola,Dabola
Côte D’Ivoire,CIV,Lagunes,Dabou,Dabou
United States,USA,Colorado,Dacono,Dacono
United States,USA,Georgia,Dacula,Dacula
United States,USA,Florida,Dade City,Dade City
"Korea, South",KOR,Daegu,Daegu,Daegu
"Korea, South",KOR,Daejeon,Daejeon,Daejeon
Philippines,PHL,Camarines Norte,Daet,Daet
Bhutan,BTN,Dagana,Daga,Daga
Latvia,LVA,Dagdas Novads,Dagda,Dagda
United Kingdom,GBR,Barking and Dagenham,Dagenham,Dagenham
Philippines,PHL,Dagupan,Dagupan,Dagupan
United States,USA,Georgia,Dahlonega,Dahlonega
Iraq,IRQ,Dahūk,Dahuk,Dahuk
Dominican Republic,DOM,Cibao Noroeste,Dajabon,Dajabón
Senegal,SEN,Dakar,Dakar,Dakar
Guinea,GIN,Mamou,Dalaba,Dalaba
Mongolia,MNG,Ömnögovĭ,Dalandzadgad,Dalandzadgad
Mongolia,MNG,Ömnögovĭ,Dalandzadgad,Dalandzadgad
Australia,AUS,Queensland,Dalby,Dalby
United States,USA,Alabama,Daleville,Daleville
United States,USA,Texas,Dalhart,Dalhart
China,CHN,Shaanxi,Dali,Dali
China,CHN,Yunnan,Dali,Dali
China,CHN,Liaoning,Dalian,Dalian
United Kingdom,GBR,Midlothian,Dalkeith,Dalkeith
United States,USA,Texas,Dallas,Dallas
United States,USA,Georgia,Dallas,Dallas
United States,USA,Oregon,Dallas,Dallas
Russia,RUS,Primorskiy Kray,Dalnegorsk,Dalnegorsk
Russia,RUS,Primorskiy Kray,Dalnerechensk,Dalnerechensk
Côte D’Ivoire,CIV,Sassandra-Marahoué,Daloa,Daloa
United States,USA,Georgia,Dalton,Dalton
United States,USA,California,Daly City,Daly City
India,IND,Damān and Diu,Daman,Daman
Egypt,EGY,Al Buḩayrah,Damanhur,Damanhûr
Syria,SYR,Dimashq,Damascus,Damascus
United States,USA,Oregon,Damascus,Damascus
Nigeria,NGA,Yobe,Damaturu,Damaturu
United States,USA,California,Dana Point,Dana Point
United States,USA,Connecticut,Danbury,Danbury
Nepal,NPL,,Dandeldhura,Dandeldhura
China,CHN,Liaoning,Dandong,Dandong
United States,USA,Tennessee,Dandridge,Dandridge
Belize,BLZ,Stann Creek,Dangriga,Dangriga
United States,USA,Florida,Dania Beach,Dania Beach
Montenegro,MNE,Danilovgrad,Danilovgrad,Danilovgrad
China,CHN,Hubei,Danjiangkou,Danjiangkou
United States,USA,Virginia,Danville,Danville
United States,USA,California,Danville,Danville
United States,USA,Illinois,Danville,Danville
United States,USA,Indiana,Danville,Danville
United States,USA,Kentucky,Danville,Danville
Togo,TGO,Savanes,Dapaong,Dapaong
United States,USA,Alabama,Daphne,Daphne
China,CHN,Heilongjiang,Daqing,Daqing
Tanzania,TZA,,Dar es Salaam,Dar es Salaam
Mauritania,MRT,Nouakchott Nord,Dar Naim,Dar Naim
Syria,SYR,Dar‘ā,Dar'a,Dar'a
United States,USA,Pennsylvania,Darby,Darby
United States,USA,Missouri,Dardenne Prairie,Dardenne Prairie
Mongolia,MNG,Selenge,Darhan,Darhan
Mongolia,MNG,Darhan-Uul,Darhan,Darhan
United States,USA,Illinois,Darien,Darien
United Kingdom,GBR,Darlington,Darlington,Darlington
United States,USA,South Carolina,Darlington,Darlington
Libya,LBY,Darnah,Darnah,Darnah
Argentina,ARG,Buenos Aires,Darregueira,Darregueira
Papua New Guinea,PNG,Western,Daru,Daru
Australia,AUS,Northern Territory,Darwin,Darwin
Azerbaijan,AZE,Daşkəsən,Daskasan,Daşkəsən
Turkmenistan,TKM,Daşoguz,Dasoguz,Daşoguz
China,CHN,Shanxi,Datong,Datong
Latvia,LVA,Daugavpils Novads,Daugavpils,Daugavpils
Canada,CAN,Manitoba,Dauphin,Dauphin
India,IND,Karnātaka,Davangere,Davangere
Philippines,PHL,Davao,Davao,Davao
United States,USA,Iowa,Davenport,Davenport
Panama,PAN,Chiriquí,David,David
United States,USA,North Carolina,Davidson,Davidson
United States,USA,Florida,Davie,Davie
United States,USA,California,Davis,Davis
Burma,MMR,Taninthayi,Dawei,Dawei
Saudi Arabia,SAU,Al Jawf,Dawmat al Jandal,Dawmat al Jandal
Canada,CAN,Yukon,Dawson City,Dawson City
Canada,CAN,British Columbia,Dawson Creek,Dawson Creek
Oman,OMN,Janūb ash Sharqīyah,Dawwah,Dawwah
Syria,SYR,Dayr az Zawr,Dayr az Zawr,Dayr az Zawr
United States,USA,Texas,Dayton,Dayton
United States,USA,Tennessee,Dayton,Dayton
United States,USA,Ohio,Dayton,Dayton
United States,USA,Minnesota,Dayton,Dayton
United States,USA,Kentucky,Dayton,Dayton
United States,USA,Florida,Daytona Beach,Daytona Beach
South Africa,ZAF,Northern Cape,De Aar,De Aar
United States,USA,Wisconsin,De Forest,De Forest
United States,USA,Florida,De Funiak Springs,De Funiak Springs
Russia,RUS,Khabarovskiy Kray,De Kastri,De Kastri
United States,USA,Wisconsin,De Pere,De Pere
United States,USA,Arkansas,De Queen,De Queen
United States,USA,Missouri,De Soto,De Soto
United States,USA,Kansas,De Soto,De Soto
United States,USA,Michigan,Dearborn,Dearborn
United States,USA,Michigan,Dearborn Heights,Dearborn Heights
Canada,CAN,British Columbia,Dease Lake,Dease Lake
Macedonia,MKD,Debar,Debar,Debar
United States,USA,Florida,DeBary,DeBary
Trinidad And Tobago,TTO,Penal/Debe,Debe,Debe
Ethiopia,ETH,Āmara,Debre Birhan,Debre Birhan
Ethiopia,ETH,Āmara,Debre Markos,Debre Markos
Hungary,HUN,Debrecen,Debrecen,Debrecen
Kosovo,XKS,Deçan,Decan,Deçan
United States,USA,Texas,Decatur,Decatur
United States,USA,Alabama,Decatur,Decatur
United States,USA,Illinois,Decatur,Decatur
United States,USA,Georgia,Decatur,Decatur
United States,USA,Indiana,Decatur,Decatur
United States,USA,Iowa,Decorah,Decorah
Burkina Faso,BFA,Boucle du Mouhoun,Dedougou,Dédougou
Malawi,MWI,Dedza,Dedza,Dedza
Canada,CAN,Newfoundland and Labrador,Deer Lake,Deer Lake
Canada,CAN,Ontario,Deer Lake,Deer Lake
United States,USA,Texas,Deer Park,Deer Park
United States,USA,Ohio,Deer Park,Deer Park
United States,USA,Illinois,Deerfield,Deerfield
United States,USA,Florida,Deerfield Beach,Deerfield Beach
United States,USA,Ohio,Defiance,Defiance
Tunisia,TUN,Tataouine,Dehibat,Dehibat
India,IND,Uttarakhand,Dehra Dun,Dehra Dun
United States,USA,Illinois,DeKalb,DeKalb
United States,USA,Oklahoma,Del City,Del City
United States,USA,Texas,Del Rio,Del Rio
United States,USA,Wisconsin,Delafield,Delafield
United States,USA,Florida,DeLand,DeLand
United States,USA,California,Delano,Delano
United States,USA,Minnesota,Delano,Delano
United States,USA,Wisconsin,Delavan,Delavan
United States,USA,Ohio,Delaware,Delaware
Macedonia,MKD,Delčevo,Delcevo,Delčevo
Switzerland,CHE,Jura,Delemont,Delémont
Switzerland,CHE,Jura,Delemont,Delémont
India,IND,Delhi,Delhi,Delhi
Mexico,MEX,Chihuahua,Delicias,Delicias
United States,USA,Ohio,Delphos,Delphos
United States,USA,Florida,Delray Beach,Delray Beach
United States,USA,Colorado,Delta,Delta
United States,USA,Florida,Deltona,Deltona
United States,USA,New Jersey,Demarest,Demarest
Congo (Kinshasa),COD,Kasaï Central,Demba,Demba
Ethiopia,ETH,Oromīya,Dembi Dolo,Dembi Dolo
United States,USA,New Mexico,Deming,Deming
Macedonia,MKD,Demir Hisar,Demir Hisar,Demir Hisar
Macedonia,MKD,Demir Kapija,Demir Kapija,Demir Kapija
United States,USA,Alabama,Demopolis,Demopolis
China,CHN,Henan,Dengzhou,Dengzhou
United States,USA,Louisiana,Denham Springs,Denham Springs
Australia,AUS,New South Wales,Deniliquin,Deniliquin
United States,USA,Texas,Denison,Denison
United States,USA,Iowa,Denison,Denison
Turkey,TUR,Denizli,Denizli,Denizli
Uzbekistan,UZB,Surxondaryo,Denow,Denow
Indonesia,IDN,Bali,Denpasar,Denpasar
United States,USA,Texas,Denton,Denton
United States,USA,Colorado,Denver,Denver
United States,USA,Texas,Denver City,Denver City
United States,USA,New York,Depew,Depew
Pakistan,PAK,Punjab,Dera Ghazi Khan,Dera Ghazi Khan
Pakistan,PAK,Khyber Pakhtunkhwa,Dera Ismail Khan,Dera Ismail Khan
Russia,RUS,Dagestan,Derbent,Derbent
United Kingdom,GBR,Derby,Derby,Derby
United States,USA,Connecticut,Derby,Derby
United States,USA,Kansas,Derby,Derby
United States,USA,Louisiana,DeRidder,DeRidder
Kazakhstan,KAZ,Aqmola,Derzhavinsk,Derzhavinsk
United States,USA,Washington,Des Moines,Des Moines
United States,USA,Iowa,Des Moines,Des Moines
United States,USA,Missouri,Des Peres,Des Peres
United States,USA,Illinois,Des Plaines,Des Plaines
Peru,PER,Puno,Desaguadero,Desaguadero
Ethiopia,ETH,Āmara,Dese,Dese
United States,USA,California,Desert Hot Springs,Desert Hot Springs
United States,USA,Texas,DeSoto,DeSoto
Serbia,SRB,Despotovac,Despotovac,Despotovac
United States,USA,Florida,Destin,Destin
Slovenia,SVN,Destrnik,Destrnik,Destrnik
United States,USA,Michigan,Detroit,Detroit
United States,USA,Minnesota,Detroit Lakes,Detroit Lakes
Romania,ROU,Hunedoara,Deva,Deva
Azerbaijan,AZE,Şabran,Davaci,Dəvəçi
United States,USA,Texas,Devine,Devine
Australia,AUS,Tasmania,Devonport,Devonport
United States,USA,Missouri,Dexter,Dexter
China,CHN,Sichuan,Deyang,Deyang
Iran,IRN,Khūzestān,Dezful,Dezful
China,CHN,Shandong,Dezhou,Dezhou
Bangladesh,BGD,Dhaka,Dhaka,Dhaka
Yemen,YEM,Dhamār,Dhamar,Dhamar
India,IND,Jharkhand,Dhanbad,Dhanbad
Nepal,NPL,,Dhangarhi,Dhangarhi
Maldives,MDV,,Dhihdhoo,Dhihdhoo
India,IND,Mahārāshtra,Dhule,Dhule
Somalia,SOM,Galguduud,Dhuusa Mareeb,Dhuusa Mareeb
Brazil,BRA,Minas Gerais,Diamantina,Diamantina
United States,USA,California,Diamond Bar,Diamond Bar
United States,USA,Mississippi,Diamondhead,Diamondhead
Burkina Faso,BFA,Est,Diapaga,Diapaga
Congo (Kinshasa),COD,Kasaï Central,Dibaya,Dibaya
United States,USA,Mississippi,D'Iberville,D'Iberville
India,IND,Assam,Dibrugarh,Dibrugarh
United States,USA,Texas,Dickinson,Dickinson
United States,USA,North Dakota,Dickinson,Dickinson
United States,USA,Tennessee,Dickson,Dickson
United States,USA,Pennsylvania,Dickson City,Dickson City
Burkina Faso,BFA,Sud-Ouest,Diebougou,Diébougou
Chile,CHL,Atacama,Diego de Almagro,Diego de Almagro
Trinidad And Tobago,TTO,Diego Martin,Diego Martin,Diego Martin
Luxembourg,LUX,Diekirch,Diekirch,Diekirch
Vietnam,VNM,Điện Biên,Dien Bien Phu,Điện Biên Phủ
France,FRA,Normandie,Dieppe,Dieppe
Niger,NER,Diffa,Diffa,Diffa
Canada,CAN,Nova Scotia,Digby,Digby
Philippines,PHL,Davao del Sur,Digos,Digos
France,FRA,Bourgogne-Franche-Comté,Dijon,Dijon
Djibouti,DJI,Dikhil,Dikhil,Dikhil
Russia,RUS,Krasnoyarskiy Kray,Dikson,Dikson
Ethiopia,ETH,YeDebub Bihēroch Bihēreseboch na Hizboch,Dila,Dila
Timor-Leste,TLS,Díli,Dili,Dili
United States,USA,South Carolina,Dillon,Dillon
Congo (Kinshasa),COD,Lualaba,Dilolo,Dilolo
Côte D’Ivoire,CIV,Lacs,Dimbokro,Dimbokro
Serbia,SRB,Dimitrovgrad,Dimitrovgrad,Dimitrovgrad
Russia,RUS,Ul’yanovskaya Oblast’,Dimitrovgrad,Dimitrovgrad
India,IND,Tamil Nādu ,Dindigul,Dindigul
Malta,MLT,Dingli,Dingli,Dingli
Guinea,GIN,Faranah,Dinguiraye,Dinguiraye
China,CHN,Hebei,Dingzhou,Dingzhou
United States,USA,California,Dinuba,Dinuba
Senegal,SEN,Diourbel,Diourbel,Diourbel
Philippines,PHL,Zamboanga del Norte,Dipolog,Dipolog
Ethiopia,ETH,Dirē Dawa,Dire Dawa,Dire Dawa
Libya,LBY,Nālūt,Dirj,Dirj
India,IND,Assam,Dispur,Dispur
United States,USA,Maryland,District Heights,District Heights
India,IND,Damān and Diu,Diu,Diu
Slovenia,SVN,Divača,Divaca,Divača
Brazil,BRA,Minas Gerais,Divinopolis,Divinópolis
Côte D’Ivoire,CIV,Gôh-Djiboua,Divo,Divo
United States,USA,California,Dixon,Dixon
United States,USA,Illinois,Dixon,Dixon
Turkey,TUR,Diyarbakır,Diyarbakir,Diyarbakır
Niger,NER,Agadez,Djado,Djado
Congo (Brazzaville),COG,Plateaux,Djambala,Djambala
Algeria,DZA,Illizi,Djanet,Djanet
Algeria,DZA,Djelfa,Djelfa,Djelfa
Mali,MLI,Mopti,Djenne,Djenné
Burkina Faso,BFA,Sahel,Djibo,Djibo
Djibouti,DJI,Djibouti,Djibouti,Djibouti
Benin,BEN,Donga,Djougou,Djougou
Ukraine,UKR,Dnipropetrovs’ka Oblast’,Dnipro,Dnipro
Chad,TCD,Logone Oriental,Doba,Doba
United States,USA,New York,Dobbs Ferry,Dobbs Ferry
Latvia,LVA,Dobeles Novads,Dobele,Dobele
Slovenia,SVN,Dobje,Dobje pri Planini,Dobje pri Planini
Bulgaria,BGR,Dobrich,Dobrich,Dobrich
Slovenia,SVN,Dobrna,Dobrna,Dobrna
Slovenia,SVN,Dobrova-Polhov Gradec,Dobrova,Dobrova
Slovenia,SVN,Dobrovnik,Dobrovnik,Dobrovnik
Slovenia,SVN,Brda,Dobrovo,Dobrovo
United States,USA,Kansas,Dodge City,Dodge City
Tanzania,TZA,,Dodoma,Dodoma
Benin,BEN,Couffo,Dogbo,Dogbo
Qatar,QAT,Ad Dawḩah,Doha,Doha
Uganda,UGA,Dokolo,Dokolo,Dokolo
Slovenia,SVN,Dol pri Ljubljani,Dol pri Ljubljani,Dol pri Ljubljani
Canada,CAN,Québec,Dolbeau,Dolbeau
Slovenia,SVN,Dolenjske Toplice,Dolenjske Toplice,Dolenjske Toplice
Canada,CAN,Northwest Territories,Doline,Doline
Russia,RUS,Sakhalinskaya Oblast’,Dolinsk,Dolinsk
Serbia,SRB,Doljevac,Doljevac,Doljevac
Macedonia,MKD,Dolneni,Dolneni,Dolneni
Ethiopia,ETH,Sumalē,Dolo Bay,Dolo Bay
Argentina,ARG,Buenos Aires,Dolores,Dolores
United States,USA,Illinois,Dolton,Dolton
Russia,RUS,Orenburgskaya Oblast’,Dombarovskiy,Dombarovskiy
Slovenia,SVN,Domžale,Domzale,Domžale
United States,USA,Louisiana,Donaldsonville,Donaldsonville
United Kingdom,GBR,Doncaster,Doncaster,Doncaster
Mozambique,MOZ,Sofala,Dondo,Dondo
Angola,AGO,Kwanza Norte,Dondo,Dondo
Moldova,MDA,Donduşeni,Donduseni,Donduşeni
Ireland,IRL,Donegal,Donegal,Donegal
Ukraine,UKR,Donets’ka Oblast’,Donetsk,Donetsk
Vietnam,VNM,Quảng Trị,Dong Ha,Đông Hà
Vietnam,VNM,Quảng Bình,Dong Hoi,Đồng Hới
Vietnam,VNM,Bình Phước,Dong Xoai,Đồng Xoài
China,CHN,Guangdong,Dongguan,Dongguan
Sudan,SDN,Northern,Dongola,Dongola
United States,USA,Texas,Donna,Donna
United States,USA,Florida,Doral,Doral
United States,USA,Georgia,Doraville,Doraville
United Kingdom,GBR,Dorset,Dorchester,Dorchester
Burkina Faso,BFA,Sahel,Dori,Dori
United States,USA,Pennsylvania,Dormont,Dormont
Slovenia,SVN,Dornava,Dornava,Dornava
Germany,DEU,North Rhine-Westphalia,Dortmund,Dortmund
United States,USA,California,Dos Palos,Dos Palos
Niger,NER,Dosso,Dosso,Dosso
United States,USA,Alabama,Dothan,Dothan
Cameroon,CMR,Littoral,Douala,Douala
Isle Of Man,IMN,,Douglas,Douglas
United States,USA,Wyoming,Douglas,Douglas
United States,USA,Georgia,Douglas,Douglas
United States,USA,Arizona,Douglas,Douglas
United States,USA,Kentucky,Douglass Hills,Douglass Hills
United States,USA,Georgia,Douglasville,Douglasville
Taiwan,TWN,Yunlin,Douliou,Douliou
Syria,SYR,Rīf Dimashq,Douma,Douma
Brazil,BRA,Mato Grosso do Sul,Dourados,Dourados
United Kingdom,GBR,Kent,Dover,Dover
United States,USA,Delaware,Dover,Dover
United States,USA,New Hampshire,Dover,Dover
United States,USA,New Jersey,Dover,Dover
United States,USA,Pennsylvania,Dover,Dover
United States,USA,Ohio,Dover,Dover
Malawi,MWI,Dowa,Dowa,Dowa
United States,USA,Michigan,Dowagiac,Dowagiac
United States,USA,Illinois,Downers Grove,Downers Grove
United States,USA,California,Downey,Downey
United States,USA,Pennsylvania,Downingtown,Downingtown
United Kingdom,GBR,"Newry, Mourne and Down",Downpatrick,Downpatrick
United States,USA,Pennsylvania,Doylestown,Doylestown
Latvia,LVA,Amatas Novads,Drabesi,Drabeši
Kosovo,XKS,Dragash,Dragash,Dragash
Norway,NOR,Buskerud,Drammen,Drammen
United States,USA,Utah,Draper,Draper
Slovenia,SVN,Dravograd,Dravograd,Dravograd
Germany,DEU,Saxony,Dresden,Dresden
Romania,ROU,Mehedinţi,Drobeta-Turnu Severin,Drobeta-Turnu Severin
Moldova,MDA,Drochia,Drochia,Drochia
Ireland,IRL,Louth,Drogheda,Drogheda
Ukraine,UKR,L’vivs’ka Oblast’,Drohobych,Drohobych
Canada,CAN,Québec,Drummondville,Drummondville
Lithuania,LTU,Druskininkai,Druskininkai,Druskininkai
Canada,CAN,Ontario,Dryden,Dryden
United States,USA,Pennsylvania,Du Bois,Du Bois
United States,USA,Illinois,Du Quoin,Du Quoin
United States,USA,California,Duarte,Duarte
United Arab Emirates,ARE,Dubayy,Dubai,Dubai
Moldova,MDA,Stînga Nistrului,Dubasari,Dubăsari
Australia,AUS,New South Wales,Dubbo,Dubbo
Ireland,IRL,Dublin,Dublin,Dublin
United States,USA,California,Dublin,Dublin
United States,USA,Georgia,Dublin,Dublin
United States,USA,Ohio,Dublin,Dublin
Croatia,HRV,Dubrovačko-Neretvanska Županija,Dubrovnik,Dubrovnik
United States,USA,Iowa,Dubuque,Dubuque
Russia,RUS,Krasnoyarskiy Kray,Dudinka,Dudinka
United Kingdom,GBR,Dudley,Dudley,Dudley
Germany,DEU,North Rhine-Westphalia,Duisburg,Duisburg
Colombia,COL,Boyacá,Duitama,Duitama
United States,USA,Georgia,Duluth,Duluth
United States,USA,Minnesota,Duluth,Duluth
Philippines,PHL,Negros Oriental,Dumaguete City,Dumaguete City
United States,USA,Texas,Dumas,Dumas
United Kingdom,GBR,West Dunbartonshire,Dumbarton,Dumbarton
United Kingdom,GBR,Dumfries and Galloway,Dumfries,Dumfries
United States,USA,Virginia,Dumfries,Dumfries
United States,USA,New Jersey,Dumont,Dumont
Egypt,EGY,Dumyāţ,Dumyat,Dumyat
Hungary,HUN,Fejér,Dunaujvaros,Dunaújváros
United States,USA,West Virginia,Dunbar,Dunbar
United States,USA,Oklahoma,Duncan,Duncan
United States,USA,Texas,Duncanville,Duncanville
Latvia,LVA,Dundagas Novads,Dundaga,Dundaga
Ireland,IRL,Louth,Dundalk,Dundalk
United Kingdom,GBR,Dundee City,Dundee,Dundee
Angola,AGO,Lunda Norte,Dundo,Dundo
Mongolia,MNG,Hovd,Dund-Us,Dund-Us
New Zealand,NZL,Otago,Dunedin,Dunedin
United States,USA,Florida,Dunedin,Dunedin
United States,USA,New Jersey,Dunellen,Dunellen
United Kingdom,GBR,Mid Ulster,Dungannon,Dungannon
China,CHN,Jilin,Dunhua,Dunhua
China,CHN,Gansu,Dunhuang,Dunhuang
United States,USA,New York,Dunkirk,Dunkirk
Ireland,IRL,Dún Laoghaire-Rathdown,Dunleary,Dunleary
United States,USA,Pennsylvania,Dunmore,Dunmore
United States,USA,North Carolina,Dunn,Dunn
United States,USA,Georgia,Dunwoody,Dunwoody
United States,USA,Washington,DuPont,DuPont
United States,USA,Pennsylvania,Duquesne,Duquesne
Mexico,MEX,Durango,Durango,Durango
United States,USA,Colorado,Durango,Durango
United States,USA,Oklahoma,Durant,Durant
Uruguay,URY,Durazno,Durazno,Durazno
South Africa,ZAF,KwaZulu-Natal,Durban,Durban
United Kingdom,GBR,Durham,Durham,Durham
United States,USA,North Carolina,Durham,Durham
Albania,ALB,Durrës,Durres,Durrës
Tajikistan,TJK,Dushanbe,Dushanbe,Dushanbe
Germany,DEU,North Rhine-Westphalia,Dusseldorf,Düsseldorf
Nigeria,NGA,Jigawa,Dutse,Dutse
United States,USA,Washington,Duvall,Duvall
Turkey,TUR,Düzce,Duzce,Düzce
United States,USA,Illinois,Dwight,Dwight
Russia,RUS,Bryanskaya Oblast’,Dyatkovo,Dyatkovo
United States,USA,Indiana,Dyer,Dyer
United States,USA,Tennessee,Dyersburg,Dyersburg
Mayotte,MYT,,Dzaoudzi,Dzaoudzi
Russia,RUS,Nizhegorodskaya Oblast’,Dzerzhinsk,Dzerzhinsk
Mongolia,MNG,Selenge,Dzuunharaa,Dzuunharaa
Mongolia,MNG,Töv,Dzuunmod,Dzuunmod
United States,USA,Minnesota,Eagan,Eagan
United States,USA,Arizona,Eagar,Eagar
United States,USA,Colorado,Eagle,Eagle
United States,USA,Idaho,Eagle,Eagle
United States,USA,Utah,Eagle Mountain,Eagle Mountain
United States,USA,Texas,Eagle Pass,Eagle Pass
United States,USA,Oregon,Eagle Point,Eagle Point
United Kingdom,GBR,Ealing,Ealing,Ealing
United States,USA,South Carolina,Easley,Easley
United States,USA,Illinois,East Alton,East Alton
United States,USA,New York,East Aurora,East Aurora
United States,USA,Minnesota,East Bethel,East Bethel
United States,USA,Indiana,East Chicago,East Chicago
United States,USA,Ohio,East Cleveland,East Cleveland
United States,USA,Minnesota,East Grand Forks,East Grand Forks
United States,USA,Michigan,East Grand Rapids,East Grand Rapids
United Kingdom,GBR,Newham,East Ham,East Ham
United States,USA,New York,East Hills,East Hills
United States,USA,Michigan,East Lansing,East Lansing
United States,USA,Ohio,East Liverpool,East Liverpool
South Africa,ZAF,Eastern Cape,East London,East London
United States,USA,Illinois,East Moline,East Moline
United States,USA,New Jersey,East Orange,East Orange
United States,USA,California,East Palo Alto,East Palo Alto
United States,USA,Illinois,East Peoria,East Peoria
United States,USA,Georgia,East Point,East Point
United States,USA,Rhode Island,East Providence,East Providence
United States,USA,Tennessee,East Ridge,East Ridge
United States,USA,New York,East Rochester,East Rochester
United States,USA,New York,East Rockaway,East Rockaway
United States,USA,New Jersey,East Rutherford,East Rutherford
United States,USA,Illinois,East Saint Louis,East Saint Louis
United States,USA,Pennsylvania,East Stroudsburg,East Stroudsburg
United States,USA,Washington,East Wenatchee,East Wenatchee
United States,USA,Ohio,Eastlake,Eastlake
Canada,CAN,Québec,Eastmain,Eastmain
United States,USA,Georgia,Eastman,Eastman
United States,USA,Pennsylvania,Easton,Easton
United States,USA,Maryland,Easton,Easton
United States,USA,Michigan,Eastpointe,Eastpointe
United States,USA,California,Eastvale,Eastvale
United States,USA,Colorado,Eaton,Eaton
United States,USA,Ohio,Eaton,Eaton
United States,USA,Michigan,Eaton Rapids,Eaton Rapids
United States,USA,New Jersey,Eatontown,Eatontown
United States,USA,Wisconsin,Eau Claire,Eau Claire
United Kingdom,GBR,Blaenau Gwent,Ebbw Vale,Ebbw Vale
Equatorial Guinea,GNQ,Kié-Ntem,Ebebiyin,Ebebiyín
Cameroon,CMR,Sud,Ebolowa,Ebolowa
Luxembourg,LUX,Echternach,Echternach,Echternach
Australia,AUS,Victoria,Echuca,Echuca
United States,USA,Michigan,Ecorse,Ecorse
Sudan,SDN,East Darfur,Ed Daein,Ed Daein
Sudan,SDN,White Nile,Ed Dueim,Ed Dueim
Sudan,SDN,River Nile,EdDamer,EdDamer
Cameroon,CMR,Littoral,Edea,Edéa
United States,USA,North Carolina,Eden,Eden
United States,USA,Minnesota,Eden Prairie,Eden Prairie
United States,USA,Wisconsin,Edgerton,Edgerton
United States,USA,Florida,Edgewater,Edgewater
United States,USA,New Jersey,Edgewater,Edgewater
United States,USA,Colorado,Edgewater,Edgewater
United States,USA,Washington,Edgewood,Edgewood
United States,USA,Kentucky,Edgewood,Edgewood
United States,USA,Minnesota,Edina,Edina
United States,USA,Pennsylvania,Edinboro,Edinboro
United States,USA,Texas,Edinburg,Edinburg
United Kingdom,GBR,"Edinburgh, City of",Edinburgh,Edinburgh
"Saint Helena, Ascension, And Tristan Da Cunha",SHN,Tristan da Cunha,Edinburgh of the Seven Seas,Edinburgh of the Seven Seas
Moldova,MDA,Edineţ,Edinet,Edineţ
Turkey,TUR,Edirne,Edirne,Edirne
United States,USA,Oklahoma,Edmond,Edmond
United States,USA,Washington,Edmonds,Edmonds
Canada,CAN,Alberta,Edmonton,Edmonton
Canada,CAN,New Brunswick,Edmundston,Edmundston
United States,USA,Texas,Edna,Edna
United States,USA,Illinois,Edwardsville,Edwardsville
Namibia,NAM,Ohangwena,Eenhana,Eenhana
United States,USA,Illinois,Effingham,Effingham
Hungary,HUN,Somogy,Eger,Eger
Hungary,HUN,Heves,Eger,Eger
Iceland,ISL,,Egilsstadir,Egilsstaðir
Russia,RUS,Chukotskiy Avtonomnyy Okrug,Egvekinot,Egvekinot
Faroe Islands,FRO,,Eidhi,Eiði
Australia,AUS,Queensland,Eidsvold,Eidsvold
Netherlands,NLD,Noord-Brabant,Eindhoven,Eindhoven
Brazil,BRA,Amazonas,Eirunepe,Eirunepé
Austria,AUT,Burgenland,Eisenstadt,Eisenstadt
Kazakhstan,KAZ,Pavlodar,Ekibastuz,Ekibastuz
Libya,LBY,Al Wāḩāt,El Agheila,El Agheila
Egypt,EGY,Maţrūḩ,El Alamein,El Alamein
Egypt,EGY,Shamāl Sīnā’,El Arish,El Arish
Colombia,COL,Magdalena,El Banco,El Banco
Algeria,DZA,El Bayadh,El Bayadh,El Bayadh
United States,USA,California,El Cajon,El Cajon
Argentina,ARG,Santa Cruz,El Calafate,El Calafate
United States,USA,Texas,El Campo,El Campo
Colombia,COL,Bolívar,El Carmen de Bolivar,El Carmen de Bolívar
Belize,BLZ,Cayo,El Cayo,El Cayo
United States,USA,California,El Centro,El Centro
United States,USA,California,El Cerrito,El Cerrito
Egypt,EGY,Maţrūḩ,El Daba,El Daba
Venezuela,VEN,Bolívar,El Dorado,El Dorado
United States,USA,Arkansas,El Dorado,El Dorado
United States,USA,Kansas,El Dorado,El Dorado
Egypt,EGY,Al Fayyūm,El Faiyum,El Faiyum
Sudan,SDN,North Darfur,El Fasher,El Fasher
Mexico,MEX,Sinaloa,El Fuerte,El Fuerte
Sudan,SDN,Western Kordofan,El Fula,El Fula
Egypt,EGY,Al Jīzah,El Giza,El Giza
Algeria,DZA,Ghardaïa,El Golea,El Goléa
Morocco,MAR,Casablanca-Settat,El Jadida,El Jadida
Tunisia,TUN,Kef,El Kef,El Kef
Egypt,EGY,Al Wādī al Jadīd,El Kharga,El Kharga
Argentina,ARG,"Buenos Aires, Ciudad Autónoma de",El Maiten,El Maitén
Sudan,SDN,Al Gazira,El Manaqil,El Manaqil
Egypt,EGY,Ad Daqahlīyah,El Mansura,El Mansura
Venezuela,VEN,Bolívar,El Manteco,El Manteco
Egypt,EGY,Al Minyā,El Minya,El Minya
United States,USA,Arizona,El Mirage,El Mirage
United States,USA,California,El Monte,El Monte
Sudan,SDN,North Kordofan,El Obeid,El Obeid
Algeria,DZA,El Oued,El Oued,El Oued
United States,USA,Texas,El Paso,El Paso
Panama,PAN,Kuna Yala,El Porvenir,El Porvenir
Guatemala,GTM,El Progreso,El Progreso,El Progreso
Egypt,EGY,Al Wādī al Jadīd,El Qasr,El Qasr
United States,USA,Oklahoma,El Reno,El Reno
United States,USA,California,El Segundo,El Segundo
Dominican Republic,DOM,Yuma,El Seibo,El Seibo
Algeria,DZA,El Tarf,El Tarf,El Tarf
Venezuela,VEN,Anzoátegui,El Tigre,El Tigre
Egypt,EGY,Janūb Sīnā’,El Tur,El Tur
Turkey,TUR,Elazığ,Elazig,Elâzığ
Albania,ALB,Elbasan,Elbasan,Elbasan
United States,USA,Georgia,Elberton,Elberton
Poland,POL,Warmińsko-Mazurskie,Elblag,Elbląg
United States,USA,Illinois,Elburn,Elburn
Kenya,KEN,Baringo,Eldama Ravine,Eldama Ravine
Russia,RUS,Sakha (Yakutiya),Eldikan,Eldikan
Mexico,MEX,Sinaloa,Eldorado,Eldorado
Argentina,ARG,Misiones,Eldorado,Eldorado
Kenya,KEN,Uasin Gishu,Eldoret,Eldoret
United States,USA,Iowa,Eldridge,Eldridge
Lithuania,LTU,Elektrénai,Elektrenai,Elektrėnai
United Kingdom,GBR,Moray,Elgin,Elgin
United States,USA,Texas,Elgin,Elgin
United States,USA,Illinois,Elgin,Elgin
Russia,RUS,Kalmykiya,Elista,Elista
United States,USA,New Jersey,Elizabeth,Elizabeth
United States,USA,North Carolina,Elizabeth City,Elizabeth City
United States,USA,Tennessee,Elizabethton,Elizabethton
United States,USA,Pennsylvania,Elizabethtown,Elizabethtown
United States,USA,Kentucky,Elizabethtown,Elizabethtown
Poland,POL,Warmińsko-Mazurskie,Elk,Ełk
United States,USA,Oklahoma,Elk City,Elk City
United States,USA,California,Elk Grove,Elk Grove
United States,USA,Illinois,Elk Grove Village,Elk Grove Village
United States,USA,Minnesota,Elk River,Elk River
United States,USA,Indiana,Elkhart,Elkhart
United States,USA,Wisconsin,Elkhorn,Elkhorn
United States,USA,North Carolina,Elkin,Elkin
United States,USA,West Virginia,Elkins,Elkins
United States,USA,Nevada,Elko,Elko
United States,USA,Maryland,Elkton,Elkton
United States,USA,Washington,Ellensburg,Ellensburg
United States,USA,New York,Ellenville,Ellenville
United States,USA,Indiana,Ellettsville,Ellettsville
United States,USA,Missouri,Ellisville,Ellisville
United States,USA,Maine,Ellsworth,Ellsworth
United States,USA,Pennsylvania,Ellwood City,Ellwood City
United States,USA,Wisconsin,Elm Grove,Elm Grove
United States,USA,Illinois,Elmhurst,Elmhurst
United States,USA,New York,Elmira,Elmira
United States,USA,New York,Elmsford,Elmsford
United States,USA,New Jersey,Elmwood Park,Elmwood Park
United States,USA,Illinois,Elmwood Park,Elmwood Park
United States,USA,North Carolina,Elon,Elon
United States,USA,Arizona,Eloy,Eloy
United States,USA,Texas,Elsa,Elsa
United States,USA,Delaware,Elsmere,Elsmere
United States,USA,Kentucky,Elsmere,Elsmere
United States,USA,Indiana,Elwood,Elwood
United States,USA,Ohio,Elyria,Elyria
Kazakhstan,KAZ,Aqtöbe,Embi,Embi
Kenya,KEN,Embu,Embu,Embu
Germany,DEU,Lower Saxony,Emden,Emden
Australia,AUS,Queensland,Emerald,Emerald
United States,USA,New Jersey,Emerson,Emerson
United States,USA,California,Emeryville,Emeryville
United States,USA,Pennsylvania,Emmaus,Emmaus
United States,USA,Idaho,Emmett,Emmett
United States,USA,Maryland,Emmitsburg,Emmitsburg
United States,USA,Virginia,Emporia,Emporia
United States,USA,Kansas,Emporia,Emporia
Sudan,SDN,Western Kordofan,En Nuhud,En Nuhud
Andorra,AND,Encamp,Encamp,Encamp
Paraguay,PRY,Itapúa,Encarnacion,Encarnación
United States,USA,California,Encinitas,Encinitas
Indonesia,IDN,Nusa Tenggara Timur,Ende,Ende
United States,USA,New York,Endicott,Endicott
United Kingdom,GBR,Enfield,Enfield,Enfield
Russia,RUS,Saratovskaya Oblast’,Engels,Engels
United States,USA,New Jersey,Englewood,Englewood
United States,USA,Colorado,Englewood,Englewood
United States,USA,Ohio,Englewood,Englewood
United States,USA,New Jersey,Englewood Cliffs,Englewood Cliffs
United States,USA,Oklahoma,Enid,Enid
Canada,CAN,Nunavut,Ennadai,Ennadai
Ireland,IRL,Clare,Ennis,Ennis
United States,USA,Texas,Ennis,Ennis
United Kingdom,GBR,Fermanagh and Omagh,Enniskillen,Enniskillen
United States,USA,Utah,Enoch,Enoch
Mexico,MEX,Baja California,Ensenada,Ensenada
Uganda,UGA,Wakiso,Entebbe,Entebbe
United States,USA,Alabama,Enterprise,Enterprise
Bolivia,BOL,Tarija,Entre Rios,Entre Ríos
Nigeria,NGA,Enugu,Enugu,Enugu
United States,USA,Washington,Enumclaw,Enumclaw
Russia,RUS,Chukotskiy Avtonomnyy Okrug,Enurmino,Enurmino
United States,USA,Utah,Ephraim,Ephraim
United States,USA,Washington,Ephrata,Ephrata
United States,USA,Pennsylvania,Ephrata,Ephrata
Morocco,MAR,Drâa-Tafilalet,Er Rachidia,Er Rachidia
Mongolia,MNG,Orhon,Erdenet,Erdenet
Brazil,BRA,Rio Grande do Sul,Erechim,Erechim
Turkey,TUR,Konya,Eregli,Ereğli
China,CHN,Inner Mongolia,Erenhot,Erenhot
Germany,DEU,Thuringia,Erfurt,Erfurt
Latvia,LVA,Ērgļu Novads,Ergli,Ērgļi
China,CHN,Inner Mongolia,Ergun Zuoqi,Ergun Zuoqi
United States,USA,Pennsylvania,Erie,Erie
United States,USA,Colorado,Erie,Erie
United States,USA,Kentucky,Erlanger,Erlanger
Greece,GRC,Notío Aigaío,Ermoupoli,Ermoupoli
Albania,ALB,Korçë,Erseke,Ersekë
Kazakhstan,KAZ,Pavlodar,Ertis,Ertis
United States,USA,Tennessee,Erwin,Erwin
Kazakhstan,KAZ,Aqmola,Erymentau,Erymentau
Turkey,TUR,Erzincan,Erzincan,Erzincan
Turkey,TUR,Erzurum,Erzurum,Erzurum
Denmark,DNK,Syddanmark,Esbjerg,Esbjerg
Andorra,AND,Escaldes-Engordany,Escaldes-Engordany,Escaldes-Engordany
United States,USA,California,Escalon,Escalon
United States,USA,Michigan,Escanaba,Escanaba
Liechtenstein,LIE,Eschen,Eschen,Eschen
Luxembourg,LUX,Esch-sur-Alzette,Esch-sur-Alzette,Esch-sur-Alzette
United States,USA,California,Escondido,Escondido
Mexico,MEX,Sinaloa,Escuinapa,Escuinapa
Mexico,MEX,Chiapas,Escuintla,Escuintla
Guatemala,GTM,Escuintla,Escuintla,Escuintla
Cameroon,CMR,Centre,Eseka,Eséka
Kazakhstan,KAZ,Almaty,Esik,Esik
Kazakhstan,KAZ,Aqmola,Esil,Esil
Turkey,TUR,Eskişehir,Eskisehir,Eskişehir
Ecuador,ECU,Esmeraldas,Esmeraldas,Esmeraldas
United States,USA,New Mexico,Espanola,Española
Australia,AUS,Western Australia,Esperance,Esperance
Mexico,MEX,Sonora,Esperanza,Esperanza
Mozambique,MOZ,Manica,Espungabera,Espungabera
Argentina,ARG,"Buenos Aires, Ciudad Autónoma de",Esquel,Esquel
Germany,DEU,North Rhine-Westphalia,Essen,Essen
United States,USA,Vermont,Essex Junction,Essex Junction
Brazil,BRA,Sergipe,Estancia,Estância
Nicaragua,NIC,Estelí,Esteli,Estelí
United States,USA,Florida,Estero,Estero
United States,USA,Colorado,Estes Park,Estes Park
United States,USA,Iowa,Estherville,Estherville
India,IND,Uttar Pradesh,Etawah,Etawah
United States,USA,Ohio,Euclid,Euclid
United States,USA,Kansas,Eudora,Eudora
United States,USA,Alabama,Eufaula,Eufaula
United States,USA,Oregon,Eugene,Eugene
United States,USA,Texas,Euless,Euless
"Korea, South",KOR,Chungbuk,Eumseong,Eumseong
United States,USA,Louisiana,Eunice,Eunice
United States,USA,California,Eureka,Eureka
United States,USA,Illinois,Eureka,Eureka
United States,USA,Missouri,Eureka,Eureka
United States,USA,Florida,Eustis,Eustis
United States,USA,Colorado,Evans,Evans
United States,USA,Wyoming,Evanston,Evanston
United States,USA,Illinois,Evanston,Evanston
United States,USA,Wisconsin,Evansville,Evansville
United States,USA,Indiana,Evansville,Evansville
Russia,RUS,Magadanskaya Oblast’,Evensk,Evensk
United States,USA,Washington,Everett,Everett
United States,USA,Massachusetts,Everett,Everett
United States,USA,Illinois,Evergreen Park,Evergreen Park
United States,USA,Texas,Everman,Everman
Equatorial Guinea,GNQ,Centro Sur,Evinayong,Evinayong
Portugal,PRT,Évora,Evora,Évora
Congo (Brazzaville),COG,Cuvette-Ouest,Ewo,Ewo
United States,USA,Missouri,Excelsior Springs,Excelsior Springs
United Kingdom,GBR,Devon,Exeter,Exeter
United States,USA,Pennsylvania,Exeter,Exeter
United States,USA,California,Exeter,Exeter
Australia,AUS,Western Australia,Exmouth,Exmouth
Maldives,MDV,,Eydhafushi,Eydhafushi
Somalia,SOM,Nugaal,Eyl,Eyl
Cameroon,CMR,South-West,Eyumojok,Eyumojok
Chad,TCD,Ennedi-Ouest,Fada,Fada
Burkina Faso,BFA,Est,Fada Ngourma,Fada Ngourma
United States,USA,New Jersey,Fair Haven,Fair Haven
United States,USA,New Jersey,Fair Lawn,Fair Lawn
United States,USA,Texas,Fair Oaks Ranch,Fair Oaks Ranch
United States,USA,Alaska,Fairbanks,Fairbanks
United States,USA,Ohio,Fairborn,Fairborn
United States,USA,Georgia,Fairburn,Fairburn
United States,USA,Virginia,Fairfax,Fairfax
United States,USA,California,Fairfax,Fairfax
United States,USA,California,Fairfield,Fairfield
United States,USA,Alabama,Fairfield,Fairfield
United States,USA,Iowa,Fairfield,Fairfield
United States,USA,Ohio,Fairfield,Fairfield
United States,USA,Alabama,Fairhope,Fairhope
United States,USA,Ohio,Fairlawn,Fairlawn
United States,USA,West Virginia,Fairmont,Fairmont
United States,USA,Minnesota,Fairmont,Fairmont
United States,USA,New York,Fairport,Fairport
United States,USA,New Jersey,Fairview,Fairview
United States,USA,Texas,Fairview,Fairview
United States,USA,Tennessee,Fairview,Fairview
United States,USA,Oregon,Fairview,Fairview
United States,USA,Illinois,Fairview Heights,Fairview Heights
United States,USA,Ohio,Fairview Park,Fairview Park
Pakistan,PAK,Punjab,Faisalabad,Faisalabad
India,IND,Uttar Pradesh,Faizabad,Faizabad
United States,USA,Minnesota,Falcon Heights,Falcon Heights
Moldova,MDA,Făleşti,Falesti,Făleşti
United Kingdom,GBR,Falkirk,Falkirk,Falkirk
United States,USA,Massachusetts,Fall River,Fall River
United States,USA,Nevada,Fallon,Fallon
United States,USA,Virginia,Falls Church,Falls Church
Jamaica,JAM,Trelawny,Falmouth,Falmouth
Sweden,SWE,Dalarna,Falun,Falun
Cyprus,CYP,Ammóchostos,Famagusta,Famagusta
Faroe Islands,FRO,,Famjin,Fámjin
United States,USA,New Jersey,Fanwood,Fanwood
Madagascar,MDG,Fianarantsoa,Farafangana,Farafangana
Afghanistan,AFG,Farāh,Farah,Farah
Guinea,GIN,Faranah,Faranah,Faranah
United States,USA,North Dakota,Fargo,Fargo
Uzbekistan,UZB,Farg‘ona,Fargona,Fargona
United States,USA,Minnesota,Faribault,Faribault
India,IND,Haryāna,Faridabad,Faridabad
Guinea-Bissau,GNB,Oio,Farim,Farim
United States,USA,Texas,Farmers Branch,Farmers Branch
United States,USA,California,Farmersville,Farmersville
United States,USA,New York,Farmingdale,Farmingdale
United States,USA,New Mexico,Farmington,Farmington
United States,USA,Arkansas,Farmington,Farmington
United States,USA,Utah,Farmington,Farmington
United States,USA,Missouri,Farmington,Farmington
United States,USA,Minnesota,Farmington,Farmington
United States,USA,Michigan,Farmington,Farmington
United States,USA,Michigan,Farmington Hills,Farmington Hills
United States,USA,Virginia,Farmville,Farmville
Portugal,PRT,Faro,Faro,Faro
United States,USA,Utah,Farr West,Farr West
United States,USA,Tennessee,Farragut,Farragut
Iran,IRN,Fārs,Fasa,Fasa
United States,USA,Texas,Fate,Fate
India,IND,Uttar Pradesh,Fatehpur,Fatehpur
Senegal,SEN,Fatick,Fatick,Fatick
Chad,TCD,Borkou,Faya Largeau,Faya Largeau
United States,USA,North Carolina,Fayetteville,Fayetteville
United States,USA,Tennessee,Fayetteville,Fayetteville
United States,USA,Arkansas,Fayetteville,Fayetteville
United States,USA,Georgia,Fayetteville,Fayetteville
Mauritania,MRT,Tiris Zemmour,Fderik,Fderik
United States,USA,Colorado,Federal Heights,Federal Heights
United States,USA,Washington,Federal Way,Federal Way
Brazil,BRA,Bahia,Feira de Santana,Feira de Santana
Maldives,MDV,,Felidhoo,Felidhoo
Mexico,MEX,Quintana Roo,Felipe Carrillo Puerto,Felipe Carrillo Puerto
United States,USA,Florida,Fellsmere,Fellsmere
China,CHN,Jiangxi,Fengcheng,Fengcheng
China,CHN,Chongqing,Fengjie,Fengjie
China,CHN,Inner Mongolia,Fengzhen,Fengzhen
United States,USA,Michigan,Fenton,Fenton
United States,USA,Minnesota,Fergus Falls,Fergus Falls
United States,USA,Missouri,Ferguson,Ferguson
Kosovo,XKS,Ferizaj,Ferizaj,Ferizaj
Côte D’Ivoire,CIV,Savanes,Ferkessedougou,Ferkessédougou
United States,USA,Florida,Fernandina Beach,Fernandina Beach
Brazil,BRA,São Paulo,Fernandopolis,Fernandópolis
United States,USA,Washington,Ferndale,Ferndale
United States,USA,Michigan,Ferndale,Ferndale
United States,USA,Nevada,Fernley,Fernley
Italy,ITA,Emilia-Romagna,Ferrara,Ferrara
Peru,PER,Lambayeque,Ferrenafe,Ferreñafe
United States,USA,Louisiana,Ferriday,Ferriday
United States,USA,Missouri,Festus,Festus
Afghanistan,AFG,Badakhshān,Feyzabad,Feyzabad
Morocco,MAR,Fès-Meknès,Fez,Fez
Malta,MLT,Fgura,Fgura,Fgura
Madagascar,MDG,Fianarantsoa,Fianarantsoa,Fianarantsoa
Albania,ALB,Fier,Fier,Fier
United States,USA,Washington,Fife,Fife
Paraguay,PRY,Boquerón,Filadelfia,Filadelfia
United States,USA,California,Fillmore,Fillmore
United States,USA,Ohio,Findlay,Findlay
Norway,NOR,Troms,Finnsnes,Finnsnes
United States,USA,Washington,Fircrest,Fircrest
United States,USA,California,Firebaugh,Firebaugh
United States,USA,Colorado,Firestone,Firestone
India,IND,Uttar Pradesh,Firozabad,Firozabad
Liberia,LBR,River Gee,Fish Town,Fish Town
United States,USA,Indiana,Fishers,Fishers
United States,USA,Wisconsin,Fitchburg,Fitchburg
United States,USA,Massachusetts,Fitchburg,Fitchburg
United States,USA,Georgia,Fitzgerald,Fitzgerald
United States,USA,Florida,Flagler Beach,Flagler Beach
United States,USA,Arizona,Flagstaff,Flagstaff
United States,USA,Michigan,Flat Rock,Flat Rock
United States,USA,Kentucky,Flatwoods,Flatwoods
Germany,DEU,Schleswig-Holstein,Flensburg,Flensburg
United States,USA,North Carolina,Fletcher,Fletcher
Canada,CAN,Manitoba,Flin Flon,Flin Flon
United States,USA,Michigan,Flint,Flint
United States,USA,New York,Floral Park,Floral Park
Italy,ITA,Tuscany,Florence,Florence
United States,USA,Colorado,Florence,Florence
United States,USA,Alabama,Florence,Florence
United States,USA,Arizona,Florence,Florence
United States,USA,South Carolina,Florence,Florence
United States,USA,Kentucky,Florence,Florence
United States,USA,Oregon,Florence,Florence
Colombia,COL,Caquetá,Florencia,Florencia
Guatemala,GTM,Petén,Flores,Flores
Moldova,MDA,Floreşti,Floresti,Floreşti
United States,USA,Texas,Floresville,Floresville
United States,USA,New Jersey,Florham Park,Florham Park
Malta,MLT,Floriana,Floriana,Floriana
Brazil,BRA,Piauí,Floriano,Floriano
Brazil,BRA,Santa Catarina,Florianopolis,Florianópolis
Uruguay,URY,Florida,Florida,Florida
United States,USA,Florida,Florida City,Florida City
United States,USA,Missouri,Florissant,Florissant
United States,USA,Illinois,Flossmoor,Flossmoor
United States,USA,Texas,Flower Mound,Flower Mound
United States,USA,Georgia,Flowery Branch,Flowery Branch
United States,USA,Mississippi,Flowood,Flowood
United States,USA,Michigan,Flushing,Flushing
Christmas Island,CXR,,Flying Fish Cove,Flying Fish Cove
Maldives,MDV,,Foammulah,Foammulah
Romania,ROU,Vrancea,Focsani,Focșani
Italy,ITA,Puglia,Foggia,Foggia
United States,USA,Pennsylvania,Folcroft,Folcroft
United States,USA,Alabama,Foley,Foley
United States,USA,Georgia,Folkston,Folkston
United States,USA,California,Folsom,Folsom
Maldives,MDV,,Fonadhoo,Fonadhoo
United States,USA,Wisconsin,Fond du Lac,Fond du Lac
Malta,MLT,Fontana,Fontana,Fontana
United States,USA,California,Fontana,Fontana
Brazil,BRA,Amazonas,Fonte Boa,Fonte Boa
Australia,AUS,New South Wales,Forbes,Forbes
Guinea,GIN,Kindia,Forecariah,Forecariah
United States,USA,South Carolina,Forest Acres,Forest Acres
United States,USA,North Carolina,Forest City,Forest City
United States,USA,Oregon,Forest Grove,Forest Grove
United States,USA,Texas,Forest Hill,Forest Hill
United States,USA,Pennsylvania,Forest Hills,Forest Hills
United States,USA,Minnesota,Forest Lake,Forest Lake
United States,USA,Illinois,Forest Park,Forest Park
United States,USA,Georgia,Forest Park,Forest Park
United States,USA,Ohio,Forest Park,Forest Park
United Kingdom,GBR,Angus,Forfar,Forfar
Brazil,BRA,Minas Gerais,Formiga,Formiga
Argentina,ARG,Formosa,Formosa,Formosa
Brazil,BRA,Goiás,Formosa,Formosa
United States,USA,Texas,Forney,Forney
United States,USA,Arkansas,Forrest City,Forrest City
Australia,AUS,New South Wales,Forster-Tuncurry,Forster-Tuncurry
United States,USA,Georgia,Forsyth,Forsyth
United States,USA,Missouri,Forsyth,Forsyth
United States,USA,Wisconsin,Fort Atkinson,Fort Atkinson
United States,USA,California,Fort Bragg,Fort Bragg
Canada,CAN,Alberta,Fort Chipewyan,Fort Chipewyan
United States,USA,Colorado,Fort Collins,Fort Collins
United States,USA,Iowa,Fort Dodge,Fort Dodge
Canada,CAN,Northwest Territories,Fort Good Hope,Fort Good Hope
United States,USA,Florida,Fort Lauderdale,Fort Lauderdale
United States,USA,New Jersey,Fort Lee,Fort Lee
United States,USA,Colorado,Fort Lupton,Fort Lupton
United States,USA,Iowa,Fort Madison,Fort Madison
Canada,CAN,Alberta,Fort McMurray,Fort McMurray
Canada,CAN,Northwest Territories,Fort McPherson,Fort McPherson
United States,USA,Florida,Fort Meade,Fort Meade
United States,USA,South Carolina,Fort Mill,Fort Mill
United States,USA,Kentucky,Fort Mitchell,Fort Mitchell
United States,USA,Colorado,Fort Morgan,Fort Morgan
United States,USA,Florida,Fort Myers,Fort Myers
United States,USA,Florida,Fort Myers Beach,Fort Myers Beach
Canada,CAN,British Columbia,Fort Nelson,Fort Nelson
United States,USA,Georgia,Fort Oglethorpe,Fort Oglethorpe
United States,USA,Alabama,Fort Payne,Fort Payne
United States,USA,Florida,Fort Pierce,Fort Pierce
United States,USA,New York,Fort Plain,Fort Plain
Uganda,UGA,Kabarole,Fort Portal,Fort Portal
Canada,CAN,Northwest Territories,Fort Resolution,Fort Resolution
United States,USA,Kansas,Fort Scott,Fort Scott
Canada,CAN,Ontario,Fort Severn,Fort Severn
Kazakhstan,KAZ,Mangghystaū,Fort Shevchenko,Fort Shevchenko
Canada,CAN,Northwest Territories,Fort Simpson,Fort Simpson
Canada,CAN,Northwest Territories,Fort Smith,Fort Smith
United States,USA,Arkansas,Fort Smith,Fort Smith
Canada,CAN,British Columbia,Fort St. John,Fort St. John
United States,USA,Texas,Fort Stockton,Fort Stockton
United States,USA,Kentucky,Fort Thomas,Fort Thomas
United States,USA,Georgia,Fort Valley,Fort Valley
United States,USA,Florida,Fort Walton Beach,Fort Walton Beach
United States,USA,Indiana,Fort Wayne,Fort Wayne
Guyana,GUY,Mahaica-Berbice,Fort Wellington,Fort Wellington
United Kingdom,GBR,Highland,Fort William,Fort William
United States,USA,Texas,Fort Worth,Fort Worth
United States,USA,Kentucky,Fort Wright,Fort Wright
Brazil,BRA,Ceará,Fortaleza,Fortaleza
Martinique,MTQ,,Fort-de-France,Fort-de-France
Canada,CAN,Newfoundland and Labrador,Forteau,Forteau
Haiti,HTI,Nord-Est,Fort-Liberte,Fort-Liberté
United States,USA,California,Fortuna,Fortuna
China,CHN,Guangdong,Foshan,Foshan
United States,USA,California,Foster City,Foster City
United States,USA,Ohio,Fostoria,Fostoria
Cameroon,CMR,Ouest,Foumban,Foumban
United States,USA,Colorado,Fountain,Fountain
United States,USA,Arizona,Fountain Hills,Fountain Hills
United States,USA,South Carolina,Fountain Inn,Fountain Inn
United States,USA,California,Fountain Valley,Fountain Valley
United States,USA,California,Fowler,Fowler
United States,USA,Pennsylvania,Fox Chapel,Fox Chapel
United States,USA,Wisconsin,Fox Crossing,Fox Crossing
United States,USA,Illinois,Fox Lake,Fox Lake
United States,USA,Wisconsin,Fox Point,Fox Point
Brazil,BRA,Paraná,Foz do Iguacu,Foz do Iguaçu
Brazil,BRA,São Paulo,Franca,Franca
Gabon,GAB,Haut-Ogooué,Franceville,Franceville
Botswana,BWA,Francistown,Francistown,Francistown
United States,USA,Michigan,Frankenmuth,Frankenmuth
United States,USA,Illinois,Frankfort,Frankfort
United States,USA,Indiana,Frankfort,Frankfort
United States,USA,Kentucky,Frankfort,Frankfort
Germany,DEU,Hesse,Frankfurt,Frankfurt
United States,USA,Virginia,Franklin,Franklin
United States,USA,Wisconsin,Franklin,Franklin
United States,USA,New Hampshire,Franklin,Franklin
United States,USA,New Jersey,Franklin,Franklin
United States,USA,Louisiana,Franklin,Franklin
United States,USA,North Carolina,Franklin,Franklin
United States,USA,Tennessee,Franklin,Franklin
United States,USA,Pennsylvania,Franklin,Franklin
United States,USA,Indiana,Franklin,Franklin
United States,USA,Ohio,Franklin,Franklin
United States,USA,Kentucky,Franklin,Franklin
United States,USA,New Jersey,Franklin Lakes,Franklin Lakes
United States,USA,Pennsylvania,Franklin Park,Franklin Park
United States,USA,Illinois,Franklin Park,Franklin Park
United States,USA,Michigan,Fraser,Fraser
Switzerland,CHE,Thurgau,Frauenfeld,Frauenfeld
Uruguay,URY,Río Negro,Fray Bentos,Fray Bentos
United States,USA,Colorado,Frederick,Frederick
United States,USA,Maryland,Frederick,Frederick
United States,USA,Virginia,Fredericksburg,Fredericksburg
United States,USA,Texas,Fredericksburg,Fredericksburg
Canada,CAN,New Brunswick,Fredericton,Fredericton
Denmark,DNK,Nordjylland,Frederikshavn,Frederikshavn
United States,USA,New York,Fredonia,Fredonia
United States,USA,New Jersey,Freehold,Freehold
"Bahamas, The",BHS,City of Freeport,Freeport,Freeport
United States,USA,Texas,Freeport,Freeport
United States,USA,New York,Freeport,Freeport
United States,USA,Illinois,Freeport,Freeport
Sierra Leone,SLE,Western Area,Freetown,Freetown
Germany,DEU,Baden-Württemberg,Freiburg,Freiburg
United States,USA,Nebraska,Fremont,Fremont
United States,USA,California,Fremont,Fremont
United States,USA,Ohio,Fremont,Fremont
Mexico,MEX,Zacatecas,Fresnillo,Fresnillo
United States,USA,California,Fresno,Fresno
Guinea,GIN,Boké,Fria,Fria
Argentina,ARG,Santiago del Estero,Frias,Frias
Switzerland,CHE,Fribourg,Fribourg,Fribourg
United States,USA,Minnesota,Fridley,Fridley
United States,USA,Texas,Friendswood,Friendswood
United States,USA,Texas,Frisco,Frisco
Russia,RUS,Volgogradskaya Oblast’,Frolovo,Frolovo
United States,USA,Virginia,Front Royal,Front Royal
Mexico,MEX,Tabasco,Frontera,Frontera
United States,USA,Maryland,Frostburg,Frostburg
United States,USA,Florida,Frostproof,Frostproof
United States,USA,Utah,Fruit Heights,Fruit Heights
United States,USA,Colorado,Fruita,Fruita
United States,USA,Idaho,Fruitland,Fruitland
United States,USA,Maryland,Fruitland,Fruitland
United States,USA,Florida,Fruitland Park,Fruitland Park
Brazil,BRA,Minas Gerais,Frutal,Frutal
China,CHN,Fujian,Fuan,Fuan
Paraguay,PRY,Alto Paraguay,Fuerte Olimpo,Fuerte Olimpo
Faroe Islands,FRO,,Fuglafjordhur,Fuglafjørður
China,CHN,Heilongjiang,Fujin,Fujin
Japan,JPN,Fukui,Fukui,Fukui
Japan,JPN,Fukuoka,Fukuoka,Fukuoka
Japan,JPN,Fukushima,Fukushima,Fukushima
Guinea-Bissau,GNB,,Fulacunda,Fulacunda
China,CHN,Sichuan,Fulin,Fulin
United States,USA,California,Fullerton,Fullerton
United States,USA,Texas,Fulshear,Fulshear
United States,USA,New York,Fulton,Fulton
United States,USA,Missouri,Fulton,Fulton
United States,USA,Alabama,Fultondale,Fultondale
Maldives,MDV,,Funadhoo,Funadhoo
Tuvalu,TUV,Funafuti,Funafuti,Funafuti
Portugal,PRT,Madeira,Funchal,Funchal
Nigeria,NGA,Katsina,Funtua,Funtua
United States,USA,North Carolina,Fuquay-Varina,Fuquay-Varina
Germany,DEU,Bavaria,Furth,Fürth
Kosovo,XKS,Fushë Kosovë,Fushe Kosove,Fushë Kosovë
China,CHN,Liaoning,Fushun,Fushun
China,CHN,Liaoning,Fuxin,Fuxin
China,CHN,Anhui,Fuyang,Fuyang
China,CHN,Zhejiang,Fuyang,Fuyang
China,CHN,Jilin,Fuyu,Fuyu
China,CHN,Fujian,Fuzhou,Fuzhou
Azerbaijan,AZE,Füzuli,Fuzuli,Füzuli
Somalia,SOM,Mudug,Gaalkacyo,Gaalkacyo
Tunisia,TUN,Gabès,Gabes,Gabès
Botswana,BWA,Gaborone,Gaborone,Gaborone
Bulgaria,BGR,Gabrovo,Gabrovo,Gabrovo
Guinea-Bissau,GNB,Gabú,Gabu,Gabú
Azerbaijan,AZE,Gədəbəy,Gadabay,Gadabay
United States,USA,Alabama,Gadsden,Gadsden
Serbia,SRB,Gadžin Han,Gadzin Han,Gadžin Han
United States,USA,South Carolina,Gaffney,Gaffney
Tunisia,TUN,Gafsa,Gafsa,Gafsa
Côte D’Ivoire,CIV,Gôh-Djiboua,Gagnoa,Gagnoa
United States,USA,Ohio,Gahanna,Gahanna
United States,USA,Florida,Gainesville,Gainesville
United States,USA,Texas,Gainesville,Gainesville
United States,USA,Georgia,Gainesville,Gainesville
United States,USA,Maryland,Gaithersburg,Gaithersburg
Romania,ROU,Galaţi,Galati,Galați
United States,USA,Virginia,Galax,Galax
United States,USA,Texas,Galena Park,Galena Park
United States,USA,Illinois,Galesburg,Galesburg
United States,USA,Ohio,Galion,Galion
United States,USA,Tennessee,Gallatin,Gallatin
Sri Lanka,LKA,Southern,Galle,Galle
United States,USA,New Mexico,Gallup,Gallup
United States,USA,California,Galt,Galt
United States,USA,Texas,Galveston,Galveston
Ireland,IRL,Galway,Galway,Galway
Gabon,GAB,Ogooué-Maritime,Gamba,Gamba
Ethiopia,ETH,Gambēla Hizboch,Gambela,Gambēla
Congo (Brazzaville),COG,Plateaux,Gamboma,Gamboma
Liechtenstein,LIE,Gamprin,Gamprin,Gamprin
Azerbaijan,AZE,Gəncə,Ganca,Ganca
Congo (Kinshasa),COD,Lomami,Gandajika,Gandajika
Canada,CAN,Newfoundland and Labrador,Gander,Gander
India,IND,Gujarāt,Gandhinagar,Gandhinagar
"Korea, South",KOR,Gangwon,Gangneung,Gangneung
India,IND,Sikkim,Gangtok,Gangtok
China,CHN,Heilongjiang,Gannan,Gannan
China,CHN,Jiangxi,Ganzhou,Ganzhou
Mali,MLI,Gao,Gao,Gao
Burkina Faso,BFA,Sud-Ouest,Gaoua,Gaoua
Burkina Faso,BFA,Sud-Ouest,Gaoua,Gaoua
Guinea,GIN,Boké,Gaoual,Gaoual
China,CHN,Tibet,Gar,Gar
Brazil,BRA,Pernambuco,Garanhuns,Garanhuns
Somalia,SOM,Gedo,Garbahaarey,Garbahaarey
Brazil,BRA,São Paulo,Garca,Garça
United States,USA,New York,Garden City,Garden City
United States,USA,Georgia,Garden City,Garden City
United States,USA,Idaho,Garden City,Garden City
United States,USA,Michigan,Garden City,Garden City
United States,USA,Kansas,Garden City,Garden City
United States,USA,California,Garden Grove,Garden Grove
United States,USA,California,Gardena,Gardena
United States,USA,Alabama,Gardendale,Gardendale
United States,USA,Maine,Gardiner,Gardiner
Afghanistan,AFG,Paktiyā,Gardiz,Gardiz
United States,USA,Massachusetts,Gardner,Gardner
United States,USA,Kansas,Gardner,Gardner
United States,USA,New Jersey,Garfield,Garfield
United States,USA,Ohio,Garfield Heights,Garfield Heights
Kenya,KEN,Garissa,Garissa,Garissa
Latvia,LVA,Garkalnes Novads,Garkalne,Garkalne
United States,USA,Texas,Garland,Garland
United States,USA,North Carolina,Garner,Garner
Somalia,SOM,Nugaal,Garoowe,Garoowe
Cameroon,CMR,Nord,Garoua,Garoua
United States,USA,Indiana,Garrett,Garrett
United States,USA,Ohio,Garrettsville,Garrettsville
United States,USA,Indiana,Gary,Gary
Colombia,COL,Huila,Garzon,Garzón
United States,USA,Indiana,Gas City,Gas City
Bhutan,BTN,Gasa,Gasa,Gasa
Nigeria,NGA,Yobe,Gashua,Gashua
Canada,CAN,Québec,Gaspe,Gaspé
United States,USA,North Carolina,Gastonia,Gastonia
Argentina,ARG,Chubut,Gastre,Gastre
Russia,RUS,Leningradskaya Oblast’,Gatchina,Gatchina
United Kingdom,GBR,Gateshead,Gateshead,Gateshead
United States,USA,Texas,Gatesville,Gatesville
United States,USA,Mississippi,Gautier,Gautier
Armenia,ARM,Geghark’unik’,Gavarr,Gavarr
Sweden,SWE,Gävleborg,Gavle,Gävle
Australia,AUS,South Australia,Gawler,Gawler
Russia,RUS,Orenburgskaya Oblast’,Gay,Gay
Niger,NER,Dosso,Gaya,Gaya
India,IND,Bihār,Gaya,Gaya
United States,USA,Michigan,Gaylord,Gaylord
Turkey,TUR,Gaziantep,Gaziantep,Gaziantep
Congo (Kinshasa),COD,Nord-Ubangi,Gbadolite,Gbadolite
Liberia,LBR,Bong,Gbarnga,Gbarnga
Poland,POL,Pomorskie,Gdansk,Gdańsk
Poland,POL,Pomorskie,Gdynia,Gdynia
Sudan,SDN,Al Gedaref,Gedaref,Gedaref
Australia,AUS,Victoria,Geelong,Geelong
Tanzania,TZA,Geita,Geita,Geita
China,CHN,Yunnan,Gejiu,Gejiu
Russia,RUS,Krasnodarskiy Kray,Gelendzhik,Gelendzhik
Congo (Kinshasa),COD,Sud-Ubangi,Gemena,Gemena
Sudan,SDN,West Darfur,Geneina,Geneina
Argentina,ARG,Río Negro,General Conesa,General Conesa
Paraguay,PRY,Boquerón,General Eugenio Alejandrino Garay,General Eugenio Alejandrino Garay
Argentina,ARG,Salta,General Guemes,General Guemes
Argentina,ARG,La Pampa,General Pico,General Pico
Argentina,ARG,Río Negro,General Roca,General Roca
Philippines,PHL,General Santos,General Santos,General Santos
United States,USA,New York,Geneseo,Geneseo
United States,USA,Illinois,Geneseo,Geneseo
Switzerland,CHE,Genève,Geneva,Geneva
United States,USA,New York,Geneva,Geneva
United States,USA,Illinois,Geneva,Geneva
United States,USA,Ohio,Geneva,Geneva
Italy,ITA,Liguria,Genoa,Genoa
United States,USA,Illinois,Genoa,Genoa
Belgium,BEL,Flanders,Gent,Gent
South Africa,ZAF,Western Cape,George,George
Malaysia,MYS,Pulau Pinang,George Town,George Town
Cayman Islands,CYM,,George Town,George Town
"Saint Helena, Ascension, And Tristan Da Cunha",SHN,Ascension,Georgetown,Georgetown
Australia,AUS,Queensland,Georgetown,Georgetown
"Gambia, The",GMB,Central River,Georgetown,Georgetown
Guyana,GUY,Demerara-Mahaica,Georgetown,Georgetown
United States,USA,Delaware,Georgetown,Georgetown
United States,USA,Texas,Georgetown,Georgetown
United States,USA,South Carolina,Georgetown,Georgetown
United States,USA,Kentucky,Georgetown,Georgetown
Russia,RUS,Stavropol’skiy Kray,Georgievsk,Georgievsk
Germany,DEU,Thuringia,Gera,Gera
Australia,AUS,Western Australia,Geraldton,Geraldton
Canada,CAN,Ontario,Geraldton,Geraldton
United States,USA,Nebraska,Gering,Gering
United States,USA,Wisconsin,Germantown,Germantown
United States,USA,Tennessee,Germantown,Germantown
United States,USA,Ohio,Germantown,Germantown
United States,USA,Pennsylvania,Gettysburg,Gettysburg
Macedonia,MKD,Gevgelija,Gevgelija,Gevgelija
Libya,LBY,Nālūt,Ghadamis,Ghadamis
Malta,MLT,Għajnsielem,Ghajnsielem,Għajnsielem
Botswana,BWA,Ghanzi,Ghanzi,Ghanzi
Malta,MLT,Għarb,Gharb,Għarb
Algeria,DZA,Ghardaïa,Ghardaia,Ghardaia
Malta,MLT,Għargħur,Gharghur,Għargħur
Libya,LBY,Al Jabal al Gharbī,Gharyan,Gharyan
Malta,MLT,Għasri,Ghasri,Għasri
Libya,LBY,Ghāt,Ghat,Ghat
Malta,MLT,Għaxaq,Ghaxaq,Għaxaq
India,IND,Uttar Pradesh,Ghaziabad,Ghaziabad
Afghanistan,AFG,Ghaznī,Ghazni,Ghazni
Vietnam,VNM,Đắk Nông,Gia Nghia,Gia Nghĩa
Gibraltar,GIB,,Gibraltar,Gibraltar
United States,USA,North Carolina,Gibsonville,Gibsonville
United States,USA,Texas,Giddings,Giddings
Germany,DEU,Hesse,Giessen,Gießen
United Kingdom,GBR,East Renfrewshire,Giffnock,Giffnock
Japan,JPN,Gifu,Gifu,Gifu
United States,USA,Washington,Gig Harbor,Gig Harbor
Spain,ESP,Asturias,Gijon,Gijón
Rwanda,RWA,Southern Province,Gikongoro,Gikongoro
United States,USA,Arizona,Gilbert,Gilbert
United States,USA,Illinois,Gilberts,Gilberts
Pakistan,PAK,Gilgit-Baltistan,Gilgit,Gilgit
Canada,CAN,Manitoba,Gillam,Gillam
United States,USA,Illinois,Gillespie,Gillespie
United States,USA,Wyoming,Gillette,Gillette
United States,USA,Texas,Gilmer,Gilmer
United States,USA,California,Gilroy,Gilroy
Ethiopia,ETH,Oromīya,Gimbi,Gimbi
Canada,CAN,Manitoba,Gimli,Gimli
Australia,AUS,Western Australia,Gingin,Gingin
Philippines,PHL,Misamis Oriental,Gingoog,Gingoog
United States,USA,Ohio,Girard,Girard
Colombia,COL,Cundinamarca,Girardot,Girardot
Turkey,TUR,Giresun,Giresun,Giresun
Egypt,EGY,Sūhāj,Girga,Girga
New Zealand,NZL,Gisborne,Gisborne,Gisborne
Rwanda,RWA,Western Province,Gisenyi,Gisenyi
Rwanda,RWA,Southern Province,Gitarama,Gitarama
Burundi,BDI,Gitega,Gitega,Gitega
Burundi,BDI,Mwaro,Gitega,Gitega
Romania,ROU,Giurgiu,Giurgiu,Giurgiu
Ethiopia,ETH,Oromīya,Giyon,Giyon
Solomon Islands,SLB,Western,Gizo,Gizo
Kosovo,XKS,Gjakovë,Gjakove,Gjakovë
Kosovo,XKS,Gjilan,Gjilan,Gjilan
Albania,ALB,Gjirokastër,Gjirokaster,Gjirokastër
Canada,CAN,Nunavut,Gjoa Haven,Gjoa Haven
Norway,NOR,Oppland,Gjovik,Gjøvik
United States,USA,Texas,Gladewater,Gladewater
Australia,AUS,Queensland,Gladstone,Gladstone
United States,USA,Missouri,Gladstone,Gladstone
United States,USA,Oregon,Gladstone,Gladstone
Switzerland,CHE,Glarus,Glarus,Glarus
United Kingdom,GBR,Glasgow City,Glasgow,Glasgow
United States,USA,Kentucky,Glasgow,Glasgow
United States,USA,New Jersey,Glassboro,Glassboro
Russia,RUS,Udmurtiya,Glazov,Glazov
United States,USA,Illinois,Glen Carbon,Glen Carbon
United States,USA,New York,Glen Cove,Glen Cove
United States,USA,Illinois,Glen Ellyn,Glen Ellyn
United States,USA,New Jersey,Glen Ridge,Glen Ridge
United States,USA,New Jersey,Glen Rock,Glen Rock
United States,USA,Maryland,Glenarden,Glenarden
United States,USA,Alabama,Glencoe,Glencoe
United States,USA,Illinois,Glencoe,Glencoe
United States,USA,Minnesota,Glencoe,Glencoe
United States,USA,Wisconsin,Glendale,Glendale
United States,USA,California,Glendale,Glendale
United States,USA,Colorado,Glendale,Glendale
United States,USA,Arizona,Glendale,Glendale
United States,USA,Missouri,Glendale,Glendale
United States,USA,Illinois,Glendale Heights,Glendale Heights
United States,USA,Montana,Glendive,Glendive
United States,USA,California,Glendora,Glendora
United States,USA,Texas,Glenn Heights,Glenn Heights
Timor-Leste,TLS,Ermera,Gleno,Gleno
United States,USA,Pennsylvania,Glenolden,Glenolden
United States,USA,Oklahoma,Glenpool,Glenpool
United Kingdom,GBR,Fife,Glenrothes,Glenrothes
United States,USA,New York,Glens Falls,Glens Falls
United States,USA,Illinois,Glenview,Glenview
United States,USA,Illinois,Glenwood,Glenwood
United States,USA,Iowa,Glenwood,Glenwood
United States,USA,Colorado,Glenwood Springs,Glenwood Springs
Poland,POL,Śląskie,Gliwice,Gliwice
Kosovo,XKS,Gllogovc,Gllogovc,Gllogovc
United States,USA,Arizona,Globe,Globe
Moldova,MDA,Glodeni,Glodeni,Glodeni
United Kingdom,GBR,Gloucestershire,Gloucester,Gloucester
United States,USA,Massachusetts,Gloucester,Gloucester
United States,USA,New Jersey,Gloucester City,Gloucester City
United States,USA,New York,Gloversville,Gloversville
Ethiopia,ETH,Oromīya,Goba,Goba
Namibia,NAM,Omaheke,Gobabis,Gobabis
Argentina,ARG,Santa Cruz,Gobernador Gregores,Gobernador Gregores
Ethiopia,ETH,Sumalē,Gode,Gode
United States,USA,Illinois,Godfrey,Godfrey
South Sudan,SSD,Warrap,Gogrial,Gogrial
Brazil,BRA,Pernambuco,Goiana,Goiana
Brazil,BRA,Goiás,Goianesia,Goianésia
Brazil,BRA,Goiás,Goiania,Goiânia
Australia,AUS,Queensland,Gold Coast,Gold Coast
United States,USA,Colorado,Golden,Golden
United States,USA,Minnesota,Golden Valley,Golden Valley
United States,USA,North Carolina,Goldsboro,Goldsboro
Swaziland,SWZ,,Golela,Golela
United States,USA,California,Goleta,Goleta
Costa Rica,CRI,Puntarenas,Golfito,Golfito
China,CHN,Qinghai,Golmud,Golmud
Serbia,SRB,Golubac,Golubac,Golubac
Russia,RUS,Tyumenskaya Oblast’,Golyshmanovo,Golyshmanovo
Congo (Kinshasa),COD,Nord-Kivu,Goma,Goma
Nigeria,NGA,Gombe,Gombe,Gombe
Uganda,UGA,Butambala,Gombe,Gombe
Mexico,MEX,Durango,Gomez Palacio,Gómez Palacio
Haiti,HTI,Artibonite,Gonaives,Gonaïves
Iran,IRN,Golestān,Gonbad-e Kavus,Gonbad-e Kavus
Ethiopia,ETH,Āmara,Gonder,Gondar
United States,USA,Texas,Gonzales,Gonzales
United States,USA,Louisiana,Gonzales,Gonzales
United States,USA,California,Gonzales,Gonzales
United States,USA,Tennessee,Goodlettsville,Goodlettsville
United States,USA,Michigan,Goodrich,Goodrich
United States,USA,Arizona,Goodyear,Goodyear
Australia,AUS,Queensland,Goondiwindi,Goondiwindi
United States,USA,South Carolina,Goose Creek,Goose Creek
India,IND,Uttar Pradesh,Gorakhpur,Gorakhpur
Azerbaijan,AZE,Goranboy,Goranboy,Goranboy
New Zealand,NZL,Southland,Gore,Gore
Ethiopia,ETH,Oromīya,Gore,Gore
Slovenia,SVN,Gorenja Vas-Poljane,Gorenja Vas,Gorenja Vas
Iran,IRN,Golestān,Gorgan,Gorgan
Georgia,GEO,Shida Kartli,Gori,Gori
Slovenia,SVN,Gorišnica,Gorisnica,Gorišnica
Slovenia,SVN,Gornja Radgona,Gornja Radgona,Gornja Radgona
Slovenia,SVN,Gornji Grad,Gornji Grad,Gornji Grad
Serbia,SRB,Gornji Milanovac,Gornji Milanovac,Gornji Milanovac
Slovenia,SVN,Gornji Petrovci,Gornji Petrovci,Gornji Petrovci
Russia,RUS,Altay,Gorno Altaysk,Gorno Altaysk
Russia,RUS,Altayskiy Kray,Gornyak,Gornyak
Russia,RUS,Adygeya,Gorod Maykop,Gorod Maykop
Papua New Guinea,PNG,Eastern Highlands,Goroka,Goroka
Burkina Faso,BFA,Sahel,Gorom Gorom,Gorom Gorom
Indonesia,IDN,Gorontalo,Gorontalo,Gorontalo
Poland,POL,Lubuskie,Gorzow Wielkopolski,Gorzów Wielkopolski
United States,USA,New York,Goshen,Goshen
United States,USA,Indiana,Goshen,Goshen
Croatia,HRV,Ličko-Senjska Županija,Gospic,Gospić
Macedonia,MKD,Gostivar,Gostivar,Gostivar
Sweden,SWE,Västra Götaland,Goteborg,Göteborg
Germany,DEU,Lower Saxony,Gottingen,Göttingen
Australia,AUS,New South Wales,Goulburn,Goulburn
Morocco,MAR,Guelmim-Oued Noun,Goulimine,Goulimine
Mali,MLI,Tombouctou,Goundam,Goundam
Niger,NER,Zinder,Goure,Gouré
Brazil,BRA,Minas Gerais,Governador Valadares,Governador Valadares
United States,USA,New York,Gowanda,Gowanda
Argentina,ARG,Corrientes,Goya,Goya
"Korea, South",KOR,Gyeonggi,Goyang,Goyang
Azerbaijan,AZE,Göyçay,Goycay,Goycay
Azerbaijan,AZE,Göygöl,Goygol,Göygöl
Chad,TCD,Sila,Goz Beida,Goz Beïda
South Africa,ZAF,Eastern Cape,Graaff Reinet,Graaff Reinet
Kosovo,XKS,Graçanicë,Gracanice,Graçanicë
Honduras,HND,Lempira,Gracias,Gracias
Slovenia,SVN,Grad,Grad,Grad
Macedonia,MKD,Gradsko,Gradsko,Gradsko
Australia,AUS,New South Wales,Grafton,Grafton
United States,USA,Wisconsin,Grafton,Grafton
United States,USA,West Virginia,Grafton,Grafton
United States,USA,Ohio,Grafton,Grafton
United States,USA,Texas,Graham,Graham
United States,USA,North Carolina,Graham,Graham
South Africa,ZAF,Eastern Cape,Grahamstown,Grahamstown
United States,USA,Missouri,Grain Valley,Grain Valley
Brazil,BRA,Maranhão,Grajau,Grajau
United States,USA,Louisiana,Grambling,Grambling
United States,USA,Louisiana,Gramercy,Gramercy
Albania,ALB,Elbasan,Gramsh,Gramsh
Nicaragua,NIC,Granada,Granada,Granada‎
Spain,ESP,Andalusia,Granada,Granada‎
United States,USA,Texas,Granbury,Granbury
Côte D’Ivoire,CIV,Comoé,Grand Bassam,Grand Bassam
United States,USA,Michigan,Grand Blanc,Grand Blanc
United States,USA,North Dakota,Grand Forks,Grand Forks
United States,USA,Michigan,Grand Haven,Grand Haven
United States,USA,Nebraska,Grand Island,Grand Island
United States,USA,Colorado,Grand Junction,Grand Junction
United States,USA,Michigan,Grand Ledge,Grand Ledge
Canada,CAN,Alberta,Grand Prairie,Grand Prairie
United States,USA,Texas,Grand Prairie,Grand Prairie
United States,USA,Minnesota,Grand Rapids,Grand Rapids
United States,USA,Michigan,Grand Rapids,Grand Rapids
United States,USA,California,Grand Terrace,Grand Terrace
Turks And Caicos Islands,TCA,,Grand Turk,Grand Turk
United States,USA,Washington,Grandview,Grandview
United States,USA,Missouri,Grandview,Grandview
United States,USA,Ohio,Grandview Heights,Grandview Heights
United States,USA,Michigan,Grandville,Grandville
United States,USA,Illinois,Granite City,Granite City
United States,USA,Washington,Granite Falls,Granite Falls
United States,USA,Texas,Granite Shoals,Granite Shoals
Brazil,BRA,Ceará,Granja,Granja
United States,USA,New Mexico,Grants,Grants
United States,USA,Oregon,Grants Pass,Grants Pass
United States,USA,Utah,Grantsville,Grantsville
United States,USA,Ohio,Granville,Granville
United States,USA,Texas,Grapevine,Grapevine
United States,USA,California,Grass Valley,Grass Valley
United Kingdom,GBR,Thurrock,Grays,Grays
United States,USA,Illinois,Grayslake,Grayslake
United States,USA,Kentucky,Grayson,Grayson
Austria,AUT,Steiermark,Graz,Graz
United States,USA,Kansas,Great Bend,Great Bend
United States,USA,Montana,Great Falls,Great Falls
United States,USA,New York,Great Neck,Great Neck
United States,USA,New York,Great Neck Plaza,Great Neck Plaza
United States,USA,Colorado,Greeley,Greeley
United States,USA,Ohio,Green,Green
United States,USA,Wisconsin,Green Bay,Green Bay
United States,USA,Florida,Green Cove Springs,Green Cove Springs
United States,USA,Wyoming,Green River,Green River
United States,USA,Maryland,Greenbelt,Greenbelt
United States,USA,Tennessee,Greenbrier,Greenbrier
United States,USA,Indiana,Greencastle,Greencastle
United States,USA,Wisconsin,Greendale,Greendale
United States,USA,Tennessee,Greeneville,Greeneville
United States,USA,Wisconsin,Greenfield,Greenfield
United States,USA,California,Greenfield,Greenfield
United States,USA,Indiana,Greenfield,Greenfield
United States,USA,Ohio,Greenfield,Greenfield
United Kingdom,GBR,Inverclyde,Greenock,Greenock
United States,USA,North Carolina,Greensboro,Greensboro
United States,USA,Pennsylvania,Greensburg,Greensburg
United States,USA,Indiana,Greensburg,Greensburg
Liberia,LBR,Sinoe,Greenville,Greenville
United States,USA,Texas,Greenville,Greenville
United States,USA,North Carolina,Greenville,Greenville
United States,USA,Pennsylvania,Greenville,Greenville
United States,USA,Alabama,Greenville,Greenville
United States,USA,Illinois,Greenville,Greenville
United States,USA,Ohio,Greenville,Greenville
United States,USA,Michigan,Greenville,Greenville
United States,USA,Mississippi,Greenville,Greenville
United States,USA,South Carolina,Greenville,Greenville
United States,USA,Arkansas,Greenwood,Greenwood
United States,USA,Indiana,Greenwood,Greenwood
United States,USA,Missouri,Greenwood,Greenwood
United States,USA,Mississippi,Greenwood,Greenwood
United States,USA,South Carolina,Greenwood,Greenwood
United States,USA,Colorado,Greenwood Village,Greenwood Village
United States,USA,South Carolina,Greer,Greer
United States,USA,Mississippi,Grenada,Grenada
France,FRA,Auvergne-Rhône-Alpes,Grenoble,Grenoble
United States,USA,Oregon,Gresham,Gresham
United States,USA,Louisiana,Gretna,Gretna
United States,USA,Nebraska,Gretna,Gretna
Luxembourg,LUX,Grevenmacher,Grevenmacher,Grevenmacher
New Zealand,NZL,West Coast,Greymouth,Greymouth
United States,USA,California,Gridley,Gridley
United States,USA,Georgia,Griffin,Griffin
Australia,AUS,New South Wales,Griffith,Griffith
United States,USA,Indiana,Griffith,Griffith
United States,USA,Iowa,Grimes,Grimes
United Kingdom,GBR,North East Lincolnshire,Grimsby,Grimsby
United States,USA,Iowa,Grinnell,Grinnell
Canada,CAN,Nunavut,Grise Fiord,Grise Fiord
Latvia,LVA,Grobiņas Novads,Grobina,Grobiņa
Netherlands,NLD,Groningen,Groningen,Groningen
Suriname,SUR,Saramacca,Groningen,Groningen
Namibia,NAM,Otjozondjupa,Grootfontein,Grootfontein
United States,USA,Michigan,Grosse Pointe,Grosse Pointe
United States,USA,Michigan,Grosse Pointe Farms,Grosse Pointe Farms
United States,USA,Michigan,Grosse Pointe Park,Grosse Pointe Park
United States,USA,Michigan,Grosse Pointe Woods,Grosse Pointe Woods
Slovenia,SVN,Grosuplje,Grosuplje,Grosuplje
United States,USA,Connecticut,Groton,Groton
United States,USA,Oklahoma,Grove,Grove
United States,USA,Pennsylvania,Grove City,Grove City
United States,USA,Ohio,Grove City,Grove City
United States,USA,Florida,Groveland,Groveland
United States,USA,Ohio,Groveport,Groveport
United States,USA,California,Grover Beach,Grover Beach
United States,USA,Texas,Groves,Groves
United States,USA,Georgia,Grovetown,Grovetown
Russia,RUS,Chechnya,Groznyy,Groznyy
Poland,POL,Kujawsko-Pomorskie,Grudziadz,Grudziądz
Russia,RUS,Lipetskaya Oblast’,Gryazi,Gryazi
South Georgia And South Sandwich Islands,SGS,,Grytviken,Grytviken
Mexico,MEX,Jalisco,Guadalajara,Guadalajara
Spain,ESP,Castille-La Mancha,Guadalajara,Guadalajara
Sao Tome And Principe,STP,,Guadalupe,Guadalupe
United States,USA,California,Guadalupe,Guadalupe
United States,USA,Arizona,Guadalupe,Guadalupe
Brazil,BRA,Paraná,Guaira,Guaira
Brazil,BRA,Rondônia,Guajara-Miram,Guajara-Miram
Argentina,ARG,Entre Ríos,Gualeguay,Gualeguay
Argentina,ARG,Entre Ríos,Gualeguaychu,Gualeguaychú
Mexico,MEX,Sinaloa,Guamuchil,Guamúchil
Mexico,MEX,Guanajuato,Guanajuato,Guanajuato
Brazil,BRA,Bahia,Guanambi,Guanambi
Venezuela,VEN,Portuguesa,Guanare,Guanare
China,CHN,Hubei,Guangshui,Guangshui
China,CHN,Sichuan,Guangyuan,Guangyuan
China,CHN,Guangdong,Guangzhou,Guangzhou
Brazil,BRA,Minas Gerais,Guanhaes,Guanhães
Cuba,CUB,Guantánamo,Guantanamo,Guantánamo
Colombia,COL,Cauca,Guapi,Guapi
Ecuador,ECU,Bolívar,Guaranda,Guaranda
Brazil,BRA,Paraná,Guarapuava,Guarapuava
Brazil,BRA,São Paulo,Guaratingueta,Guaratinguetá
Portugal,PRT,Guarda,Guarda,Guarda
Mexico,MEX,Sinaloa,Guasave,Guasave
Venezuela,VEN,Apure,Guasdualito,Guasdualito
Guatemala,GTM,Guatemala,Guatemala,Guatemala
Brazil,BRA,Minas Gerais,Guaxupe,Guaxupé
Ecuador,ECU,Guayas,Guayaquil,Guayaquil
Bolivia,BOL,El Beni,Guayaramerin,Guayaramerín
Mexico,MEX,Sonora,Guaymas,Guaymas
Russia,RUS,Permskiy Kray,Gubakha,Gubakha
Russia,RUS,Belgorodskaya Oblast’,Gubkin,Gubkin
Malta,MLT,Gudja,Gudja,Gudja
Guinea,GIN,N’Zérékoré,Gueckedou,Gueckedou
Algeria,DZA,Guelma,Guelma,Guelma
Peru,PER,Loreto,Gueppi,Gueppi
Mexico,MEX,Baja California,Guerrero Negro,Guerrero Negro
China,CHN,Qinghai,Guide,Guide
Cameroon,CMR,Nord,Guider,Guider
Côte D’Ivoire,CIV,Montagnes,Guiglo,Guiglo
China,CHN,Guangxi,Guilin,Guilin
Cuba,CUB,Mayabeque,Guines,Güines
China,CHN,Guizhou,Guiyang,Guiyang
Pakistan,PAK,Punjab,Gujranwala,Gujranwala
Pakistan,PAK,Punjab,Gujrat,Gujrat
India,IND,Karnātaka,Gulbarga,Gulbarga
Latvia,LVA,Gulbenes Novads,Gulbene,Gulbene
United States,USA,Florida,Gulf Breeze,Gulf Breeze
United States,USA,Alabama,Gulf Shores,Gulf Shores
United States,USA,Florida,Gulfport,Gulfport
United States,USA,Mississippi,Gulfport,Gulfport
Uzbekistan,UZB,Sirdaryo,Guliston,Guliston
Uganda,UGA,Gulu,Gulu,Gulu
Turkey,TUR,Gümüşhane,Gumushane,Gümüşhane
United States,USA,Texas,Gun Barrel City,Gun Barrel City
Australia,AUS,New South Wales,Gunnedah,Gunnedah
United States,USA,Colorado,Gunnison,Gunnison
"Korea, South",KOR,Jeonbuk,Gunsan,Gunsan
United States,USA,Alabama,Guntersville,Guntersville
India,IND,Andhra Pradesh,Guntur,Guntur
India,IND,Haryāna,Gurgaon,Gurgaon
United States,USA,Illinois,Gurnee,Gurnee
Brazil,BRA,Tocantins,Gurupi,Gurupi
Russia,RUS,Kemerovskaya Oblast’,Guryevsk,Guryevsk
Nigeria,NGA,Zamfara,Gusau,Gusau
Montenegro,MNE,Gusinje,Gusinje,Gusinje
Russia,RUS,Buryatiya,Gusinoozyorsk,Gusinoozyorsk
Saint Barthelemy,BLM,,Gustavia,Gustavia
United States,USA,California,Gustine,Gustine
United States,USA,Oklahoma,Guthrie,Guthrie
United States,USA,New Jersey,Guttenberg,Guttenberg
India,IND,Assam,Guwahati,Guwahati
United States,USA,Oklahoma,Guymon,Guymon
Pakistan,PAK,Balochistān,Gwadar,Gwadar
India,IND,Madhya Pradesh,Gwalior,Gwalior
Zimbabwe,ZWE,Matabeleland South,Gwanda,Gwanda
"Korea, South",KOR,Gwangju,Gwangju,Gwangju
Zimbabwe,ZWE,Midlands,Gweru,Gweru
China,CHN,Tibet,Gyangze,Gyangze
Russia,RUS,Yamalo-Nenetskiy Avtonomnyy Okrug,Gyda,Gyda
"Korea, South",KOR,Gyeongbuk,Gyeongju,Gyeongju
Australia,AUS,Queensland,Gympie,Gympie
Hungary,HUN,Győr,Gyor,Győr
United States,USA,Colorado,Gypsum,Gypsum
Armenia,ARM,Shirak,Gyumri,Gyumri
Turkmenistan,TKM,Balkan,Gyzlarbat,Gyzlarbat
Malta,MLT,Gżira,Gzira,Gżira
Vietnam,VNM,Hà Giang,Ha Giang,Ha Giang
Vietnam,VNM,Hà Tĩnh,Ha Tinh,Hà Tĩnh
Bhutan,BTN,Haa,Haa,Haa
Estonia,EST,Läänemaa,Haapsalu,Haapsalu
Netherlands,NLD,Noord-Holland,Haarlem,Haarlem
Japan,JPN,Aomori,Hachinohe,Hachinohe
Japan,JPN,Tōkyō,Hachioji,Hachiōji
Azerbaijan,AZE,Hacıqabul,Haciqabul,Hacıqabul
United States,USA,New Jersey,Hackensack,Hackensack
United States,USA,New Jersey,Hackettstown,Hackettstown
United Kingdom,GBR,Hackney,Hackney,Hackney
United Kingdom,GBR,East Lothian,Haddington,Haddington
United States,USA,New Jersey,Haddon Heights,Haddon Heights
United States,USA,New Jersey,Haddonfield,Haddonfield
Yemen,YEM,Arkhabīl Suquţrá,Hadiboh,Hadiboh
"Korea, North",PRK,Hwangnam,Haeju,Haeju
Saudi Arabia,SAU,Ash Sharqīyah,Hafar al Batin,Hafar al Batin
Guam,GUM,,Hagta,Hagåtña
Ethiopia,ETH,Oromīya,Hagere Hiywet,Hagere Hiywet
United States,USA,Maryland,Hagerstown,Hagerstown
Vietnam,VNM,Hải Dương,Hai Duong,Hai Duong
Israel,ISR,Haifa,Haifa,Haifa
China,CHN,Hainan,Haikou,Haikou
Saudi Arabia,SAU,Ḩā’il,Hail,Hail
China,CHN,Inner Mongolia,Hailar,Hailar
United States,USA,Idaho,Hailey,Hailey
China,CHN,Heilongjiang,Hailun,Hailun
United States,USA,Florida,Haines City,Haines City
Vietnam,VNM,Hải Phòng,Haiphong,Haiphong
Sudan,SDN,Red Sea,Haiya,Haiya
Yemen,YEM,Ḩajjah,Hajjah,Hajjah
Burma,MMR,Chin State,Hakha,Hakha
Turkey,TUR,Hakkâri,Hakkari,Hakkâri
Japan,JPN,Hokkaidō,Hakodate,Hakodate
Mexico,MEX,Yucatán,Halacho,Halachó
Lebanon,LBN,Aakkâr,Halba,Halba
India,IND,West Bengal,Haldia,Haldia
United States,USA,New Jersey,Haledon,Haledon
United States,USA,Wisconsin,Hales Corners,Hales Corners
United States,USA,California,Half Moon Bay,Half Moon Bay
Jamaica,JAM,Saint Andrew,Half Way Tree,Half Way Tree
Canada,CAN,Nova Scotia,Halifax,Halifax
United Kingdom,GBR,Calderdale,Halifax,Halifax
Canada,CAN,Nunavut,Hall Beach,Hall Beach
United States,USA,Florida,Hallandale Beach,Hallandale Beach
Australia,AUS,Western Australia,Halls Creek,Halls Creek
Sweden,SWE,Halland,Halmstad,Halmstad
United States,USA,Texas,Haltom City,Haltom City
United States,USA,Minnesota,Ham Lake,Ham Lake
Iran,IRN,Hamadān,Hamadan,Hamadan
Syria,SYR,Ḩamāh,Hamah,Hamah
Japan,JPN,Shizuoka,Hamamatsu,Hamamatsu
Norway,NOR,Hedmark,Hamar,Hamar
Germany,DEU,Hamburg,Hamburg,Hamburg
United States,USA,New York,Hamburg,Hamburg
Finland,FIN,Kanta-Häme,Hameenlinna,Hämeenlinna
"Korea, North",PRK,Hamnam,Hamhung,Hamhung
China,CHN,Xinjiang,Hami,Hami
New Zealand,NZL,Waikato,Hamilton,Hamilton
Australia,AUS,Victoria,Hamilton,Hamilton
Bermuda,BMU,Hamilton,Hamilton,Hamilton
Canada,CAN,Ontario,Hamilton,Hamilton
United Kingdom,GBR,South Lanarkshire,Hamilton,Hamilton
United States,USA,Alabama,Hamilton,Hamilton
United States,USA,Ohio,Hamilton,Hamilton
United States,USA,Montana,Hamilton,Hamilton
United States,USA,North Carolina,Hamlet,Hamlet
Norway,NOR,Finnmark,Hammerfest,Hammerfest
United Kingdom,GBR,Hammersmith and Fulham,Hammersmith,Hammersmith
United States,USA,Louisiana,Hammond,Hammond
United States,USA,Indiana,Hammond,Hammond
United States,USA,New Jersey,Hammonton,Hammonton
United States,USA,Illinois,Hampshire,Hampshire
United States,USA,Maryland,Hampstead,Hampstead
United States,USA,Virginia,Hampton,Hampton
United States,USA,Georgia,Hampton,Hampton
Malta,MLT,Ħamrun,Hamrun,Ħamrun
United States,USA,Michigan,Hamtramck,Hamtramck
United States,USA,South Carolina,Hanahan,Hanahan
China,CHN,Shaanxi,Hancheng,Hancheng
China,CHN,Hebei,Handan,Handan
United States,USA,California,Hanford,Hanford
China,CHN,Inner Mongolia,Hanggin Houqi,Hanggin Houqi
China,CHN,Tianjin,Hangu,Hangu
China,CHN,Zhejiang,Hangzhou,Hangzhou
Kosovo,XKS,Hani i Elezit,Hani i Elezit,Hani i Elezit
Greece,GRC,Kríti,Hania,Hania
United States,USA,Missouri,Hannibal,Hannibal
Germany,DEU,Lower Saxony,Hannover,Hannover
Vietnam,VNM,Hà Nội,Hanoi,Hanoi
United States,USA,Pennsylvania,Hanover,Hanover
United States,USA,Illinois,Hanover Park,Hanover Park
China,CHN,Shaanxi,Hanzhong,Hanzhong
India,IND,West Bengal,Haora,Haora
United States,USA,Georgia,Hapeville,Hapeville
United States,USA,Oregon,Happy Valley,Happy Valley
Canada,CAN,Newfoundland and Labrador,Happy Valley - Goose Bay,Happy Valley - Goose Bay
India,IND,Uttar Pradesh,Hapur,Hapur
United States,USA,Louisiana,Harahan,Harahan
Ethiopia,ETH,Hārerī Hizb,Harar,Harar
Zimbabwe,ZWE,Harare,Harare,Harare
China,CHN,Heilongjiang,Harbin,Harbin
United States,USA,South Carolina,Hardeeville,Hardeeville
Somalia,SOM,Woqooyi Galbeed,Hargeysa,Hargeysa
United States,USA,Texas,Harker Heights,Harker Heights
United States,USA,Kentucky,Harlan,Harlan
United States,USA,Texas,Harlingen,Harlingen
Sweden,SWE,Västernorrland,Harnosand,Härnösand
Liberia,LBR,Maryland,Harper,Harper
United States,USA,Michigan,Harper Woods,Harper Woods
United States,USA,Tennessee,Harriman,Harriman
United States,USA,North Carolina,Harrisburg,Harrisburg
United States,USA,Pennsylvania,Harrisburg,Harrisburg
United States,USA,Illinois,Harrisburg,Harrisburg
United States,USA,Wisconsin,Harrison,Harrison
United States,USA,New Jersey,Harrison,Harrison
United States,USA,New York,Harrison,Harrison
United States,USA,Arkansas,Harrison,Harrison
United States,USA,Ohio,Harrison,Harrison
United States,USA,Virginia,Harrisonburg,Harrisonburg
United States,USA,Missouri,Harrisonville,Harrisonville
United States,USA,Utah,Harrisville,Harrisville
United States,USA,Kentucky,Harrodsburg,Harrodsburg
United Kingdom,GBR,Harrow,Harrow,Harrow
Norway,NOR,Troms,Harstad,Harstad
United States,USA,Wisconsin,Hartford,Hartford
United States,USA,Connecticut,Hartford,Hartford
United States,USA,South Dakota,Hartford,Hartford
United States,USA,Indiana,Hartford City,Hartford City
United States,USA,Wisconsin,Hartland,Hartland
United Kingdom,GBR,Hartlepool,Hartlepool,Hartlepool
United States,USA,Alabama,Hartselle,Hartselle
United States,USA,South Carolina,Hartsville,Hartsville
United States,USA,Georgia,Hartwell,Hartwell
United States,USA,Illinois,Harvard,Harvard
United States,USA,Illinois,Harvey,Harvey
United States,USA,Illinois,Harwood Heights,Harwood Heights
United States,USA,New Jersey,Hasbrouck Heights,Hasbrouck Heights
Belgium,BEL,Flanders,Hasselt,Hasselt
Algeria,DZA,Ouargla,Hassi Messaoud,Hassi Messaoud
United States,USA,Nebraska,Hastings,Hastings
United States,USA,Minnesota,Hastings,Hastings
United States,USA,Michigan,Hastings,Hastings
United States,USA,New York,Hastings-on-Hudson,Hastings-on-Hudson
Thailand,THA,Songkhla,Hat Yai,Hat Yai
Turkey,TUR,Hatay,Hatay,Hatay
United States,USA,Pennsylvania,Hatboro,Hatboro
India,IND,Uttar Pradesh,Hathras,Hathras
Dominican Republic,DOM,Higuamo,Hato Mayor,Hato Mayor
United States,USA,Mississippi,Hattiesburg,Hattiesburg
Norway,NOR,Rogaland,Haugesund,Haugesund
Cuba,CUB,La Habana,Havana,Havana
United States,USA,North Carolina,Havelock,Havelock
United States,USA,Massachusetts,Haverhill,Haverhill
United States,USA,New York,Haverstraw,Haverstraw
United States,USA,Montana,Havre,Havre
United States,USA,Maryland,Havre de Grace,Havre de Grace
United States,USA,California,Hawaiian Gardens,Hawaiian Gardens
New Zealand,NZL,Taranaki,Hawera,Hawera
United States,USA,Illinois,Hawthorn Woods,Hawthorn Woods
United States,USA,New Jersey,Hawthorne,Hawthorne
United States,USA,California,Hawthorne,Hawthorne
Canada,CAN,Northwest Territories,Hay River,Hay River
United States,USA,Idaho,Hayden,Hayden
Oman,OMN,Al Wusţá,Hayma',Haymā’
United States,USA,Kansas,Hays,Hays
United States,USA,Kansas,Haysville,Haysville
United States,USA,California,Hayward,Hayward
United States,USA,Kentucky,Hazard,Hazard
United States,USA,Illinois,Hazel Crest,Hazel Crest
United States,USA,Michigan,Hazel Park,Hazel Park
United States,USA,Missouri,Hazelwood,Hazelwood
United States,USA,Pennsylvania,Hazleton,Hazleton
United States,USA,California,Healdsburg,Healdsburg
Canada,CAN,Ontario,Hearst,Hearst
United States,USA,Texas,Heath,Heath
United States,USA,Ohio,Heath,Heath
United States,USA,Arkansas,Heber Springs,Heber Springs
China,CHN,Henan,Hebi,Hebi
China,CHN,Guangxi,Hechi,Hechi
China,CHN,Anhui,Hefei,Hefei
China,CHN,Heilongjiang,Hegang,Hegang
Germany,DEU,Baden-Württemberg,Heidelberg,Heidelberg
China,CHN,Heilongjiang,Heihe,Heihe
United States,USA,Alabama,Helena,Helena
United States,USA,Montana,Helena,Helena
United States,USA,Arkansas,Helena-West Helena,Helena-West Helena
United States,USA,Pennsylvania,Hellertown,Hellertown
China,CHN,Jilin,Helong,Helong
United States,USA,Texas,Helotes,Helotes
Sweden,SWE,Skåne,Helsingborg,Helsingborg
Finland,FIN,Uusimaa,Helsinki,Helsinki
United States,USA,California,Hemet,Hemet
United States,USA,Texas,Hempstead,Hempstead
United States,USA,New York,Hempstead,Hempstead
United States,USA,Texas,Henderson,Henderson
United States,USA,North Carolina,Henderson,Henderson
United States,USA,Tennessee,Henderson,Henderson
United States,USA,Nevada,Henderson,Henderson
United States,USA,Kentucky,Henderson,Henderson
United States,USA,North Carolina,Hendersonville,Hendersonville
United States,USA,Tennessee,Hendersonville,Hendersonville
United Kingdom,GBR,Barnet,Hendon,Hendon
China,CHN,Hebei,Hengshui,Hengshui
China,CHN,Hunan,Hengyang,Hengyang
United States,USA,Oklahoma,Henryetta,Henryetta
Afghanistan,AFG,Herāt,Herat,Herat
Montenegro,MNE,Herceg Novi,Herceg-Novi,Herceg-Novi
United States,USA,California,Hercules,Hercules
Costa Rica,CRI,Heredia,Heredia,Heredia
United Kingdom,GBR,Herefordshire,Hereford,Hereford
United States,USA,Texas,Hereford,Hereford
Switzerland,CHE,Appenzell Ausserrhoden,Herisau,Herisau
United States,USA,New York,Herkimer,Herkimer
Norway,NOR,Sogn og Fjordane,Hermansverk,Hermansverk
United States,USA,Minnesota,Hermantown,Hermantown
South Africa,ZAF,Western Cape,Hermanus,Hermanus
United States,USA,Oregon,Hermiston,Hermiston
United States,USA,Pennsylvania,Hermitage,Hermitage
United States,USA,California,Hermosa Beach,Hermosa Beach
Mexico,MEX,Sonora,Hermosillo,Hermosillo
United States,USA,Mississippi,Hernando,Hernando
United States,USA,Virginia,Herndon,Herndon
United States,USA,Utah,Herriman,Herriman
United States,USA,Illinois,Herrin,Herrin
United Kingdom,GBR,Hertfordshire,Hertford,Hertford
Australia,AUS,Queensland,Hervey Bay,Hervey Bay
United States,USA,California,Hesperia,Hesperia
Nepal,NPL,,Hetauda,Hetauda
United States,USA,Texas,Hewitt,Hewitt
Azerbaijan,AZE,Sədərək,Heydarabad,Heydərabad
China,CHN,Guangdong,Heyuan,Heyuan
China,CHN,Shandong,Heze,Heze
United States,USA,Florida,Hialeah,Hialeah
United States,USA,Florida,Hialeah Gardens,Hialeah Gardens
United States,USA,Iowa,Hiawatha,Hiawatha
United States,USA,Minnesota,Hibbing,Hibbing
United States,USA,North Carolina,Hickory,Hickory
United States,USA,Illinois,Hickory Hills,Hickory Hills
United States,USA,Texas,Hidalgo,Hidalgo
Mexico,MEX,Chihuahua,Hidalgo del Parral,Hidalgo del Parral
United States,USA,North Carolina,High Point,High Point
United States,USA,California,Highland,Highland
United States,USA,Illinois,Highland,Highland
United States,USA,Indiana,Highland,Highland
United States,USA,Utah,Highland,Highland
United States,USA,Ohio,Highland Heights,Highland Heights
United States,USA,Kentucky,Highland Heights,Highland Heights
United States,USA,New Jersey,Highland Park,Highland Park
United States,USA,Texas,Highland Park,Highland Park
United States,USA,Illinois,Highland Park,Highland Park
United States,USA,Michigan,Highland Park,Highland Park
United States,USA,Texas,Highland Village,Highland Village
United States,USA,New Jersey,Hightstown,Hightstown
United States,USA,Illinois,Highwood,Highwood
Dominican Republic,DOM,Yuma,Higuey,Higuey
Denmark,DNK,Hovedstaden,Hillerod,Hillerød
United States,USA,Ohio,Hilliard,Hilliard
United States,USA,Texas,Hillsboro,Hillsboro
United States,USA,Illinois,Hillsboro,Hillsboro
United States,USA,Ohio,Hillsboro,Hillsboro
United States,USA,Oregon,Hillsboro,Hillsboro
United States,USA,North Carolina,Hillsborough,Hillsborough
United States,USA,California,Hillsborough,Hillsborough
United States,USA,New Jersey,Hillsdale,Hillsdale
United States,USA,Michigan,Hillsdale,Hillsdale
United States,USA,Illinois,Hillside,Hillside
United States,USA,Kentucky,Hillview,Hillview
United States,USA,New York,Hilton,Hilton
United States,USA,South Carolina,Hilton Head Island,Hilton Head Island
Syria,SYR,Ḩimş,Hims,Hims
Moldova,MDA,Hînceşti,Hincesti,Hînceşti
Haiti,HTI,Centre,Hinche,Hinche
India,IND,Andhra Pradesh,Hindupur,Hindupur
United States,USA,Georgia,Hinesville,Hinesville
United States,USA,Illinois,Hinsdale,Hinsdale
Burma,MMR,Ayeyawady,Hinthada,Hinthada
Canada,CAN,Alberta,Hinton,Hinton
Greece,GRC,Voreío Aigaío,Hios,Hios
Japan,JPN,Aomori,Hirosaki,Hirosaki
Japan,JPN,Hiroshima,Hiroshima,Hiroshima
India,IND,Haryāna,Hisar,Hisar
United States,USA,Texas,Hitchcock,Hitchcock
Maldives,MDV,,Hithadhoo,Hithadhoo
Swaziland,SWZ,Shiselweni,Hlatikulu,Hlatikulu
Lesotho,LSO,Leribe,Hlotse,Hlotse
Ghana,GHA,Volta,Ho,Ho
Vietnam,VNM,Hồ Chí Minh,Ho Chi Minh City,Ho Chi Minh City
Vietnam,VNM,Hòa Bình,Hoa Binh,Hoa Binh
Australia,AUS,Tasmania,Hobart,Hobart
United States,USA,Wisconsin,Hobart,Hobart
United States,USA,Indiana,Hobart,Hobart
United States,USA,New Mexico,Hobbs,Hobbs
United States,USA,New Jersey,Hoboken,Hoboken
Hungary,HUN,Csongrád,Hodmezovasarhely,Hódmezővásárhely
Slovenia,SVN,Hodoš,Hodos,Hodoš
Mongolia,MNG,Dzavhan,Hodrogo,Hodrogo
Germany,DEU,Bavaria,Hof,Hof
United States,USA,Illinois,Hoffman Estates,Hoffman Estates
Iceland,ISL,Austurland,Hofn,Höfn
Paraguay,PRY,Itapúa,Hohenau,Hohenau
China,CHN,Inner Mongolia,Hohhot,Hohhot
Uganda,UGA,Hoima,Hoima,Hoima
New Zealand,NZL,West Coast,Hokitika,Hokitika
Kenya,KEN,Tana River,Hola,Hola
United States,USA,Oklahoma,Holdenville,Holdenville
United States,USA,Nebraska,Holdrege,Holdrege
Cuba,CUB,Holguín,Holguin,Holguín
United States,USA,Utah,Holladay,Holladay
United States,USA,Michigan,Holland,Holland
United States,USA,Pennsylvania,Hollidaysburg,Hollidaysburg
United States,USA,California,Hollister,Hollister
United States,USA,Michigan,Holly,Holly
United States,USA,Florida,Holly Hill,Holly Hill
United States,USA,North Carolina,Holly Springs,Holly Springs
United States,USA,Georgia,Holly Springs,Holly Springs
United States,USA,Mississippi,Holly Springs,Holly Springs
United States,USA,Florida,Hollywood,Hollywood
United States,USA,South Carolina,Hollywood,Hollywood
Canada,CAN,Northwest Territories,Holman,Holman
United States,USA,Wisconsin,Holmen,Holmen
United States,USA,California,Holtville,Holtville
United States,USA,Massachusetts,Holyoke,Holyoke
Kenya,KEN,Homa Bay,Homa Bay,Homa Bay
United States,USA,Alaska,Homer,Homer
United States,USA,Illinois,Homer Glen,Homer Glen
United States,USA,Florida,Homestead,Homestead
United States,USA,Alabama,Homewood,Homewood
United States,USA,Illinois,Homewood,Homewood
Belarus,BLR,Homyel’skaya Voblasts’,Homyel,Homyel
Vietnam,VNM,Bình Phước,Hon Quan,Hon Quan
Colombia,COL,Tolima,Honda,Honda
United States,USA,Texas,Hondo,Hondo
United States,USA,New York,Honeoye Falls,Honeoye Falls
United States,USA,Pennsylvania,Honesdale,Honesdale
Vietnam,VNM,Quảng Ninh,Hong Gai,Hong Gai
Hong Kong,HKG,,Hong Kong,Hong Kong
"Korea, South",KOR,Chungnam,Hongseong,Hongseong
Solomon Islands,SLB,Honiara,Honiara,Honiara
United States,USA,Hawaii,Honolulu,Honolulu
United States,USA,Oregon,Hood River,Hood River
United States,USA,Utah,Hooper,Hooper
United States,USA,Alabama,Hoover,Hoover
United States,USA,New Jersey,Hopatcong,Hopatcong
United States,USA,Arkansas,Hope,Hope
United States,USA,North Carolina,Hope Mills,Hope Mills
Canada,CAN,Newfoundland and Labrador,Hopedale,Hopedale
United States,USA,Virginia,Hopewell,Hopewell
United States,USA,Minnesota,Hopkins,Hopkins
United States,USA,Kentucky,Hopkinsville,Hopkinsville
United States,USA,Washington,Hoquiam,Hoquiam
United States,USA,Texas,Horizon City,Horizon City
Slovenia,SVN,Horjul,Horjul,Horjul
Ukraine,UKR,Donets’ka Oblast’,Horlivka,Horlivka
United States,USA,Mississippi,Horn Lake,Horn Lake
United States,USA,New York,Hornell,Hornell
Paraguay,PRY,Concepción,Horqueta,Horqueta
United States,USA,New York,Horseheads,Horseheads
Australia,AUS,Victoria,Horsham,Horsham
Portugal,PRT,Azores,Horta,Horta
Ethiopia,ETH,YeDebub Bihēroch Bihēreseboch na Hizboch,Hosaina,Hosaina
India,IND,Punjab,Hoshiarpur,Hoshiarpur
Papua New Guinea,PNG,West New Britain,Hoskins,Hoskins
India,IND,Karnātaka,Hospet,Hospet
United States,USA,Arkansas,Hot Springs,Hot Springs
China,CHN,Xinjiang,Hotan,Hotan
United States,USA,Michigan,Houghton,Houghton
China,CHN,Shanxi,Houma,Houma
United States,USA,Louisiana,Houma,Houma
United Kingdom,GBR,Hounslow,Hounslow,Hounslow
United States,USA,Texas,Houston,Houston
Faroe Islands,FRO,,Hov,Hov
United Kingdom,GBR,Brighton and Hove,Hove,Hove
United States,USA,Wisconsin,Howard,Howard
United States,USA,Michigan,Howell,Howell
Czechia,CZE,Královéhradecký Kraj,Hradec Kralove,Hradec Králové
Slovenia,SVN,Hrastnik,Hrastnik,Hrastnik
Armenia,ARM,Kotayk’,Hrazdan,Hrazdan
Slovenia,SVN,Loški Potok,Hrib-Loski Potok,Hrib-Loški Potok
Belarus,BLR,Hrodzyenskaya Voblasts’,Hrodna,Hrodna
Taiwan,TWN,Hsinchu,Hsinchu,Hsinchu
Thailand,THA,Prachuap Khiri Khan,Hua Hin,Hua Hin
Peru,PER,Lima,Huacho,Huacho
China,CHN,Anhui,Huaibei,Huaibei
China,CHN,Anhui,Huainan,Huainan
China,CHN,Jiangsu,Huaiyin,Huaiyin
Mexico,MEX,Oaxaca,Huajuapan de Leon,Huajuapan de León
Taiwan,TWN,Hualien,Hualien,Hualien
Peru,PER,La Libertad,Huamachuco,Huamachuco
Angola,AGO,Huambo,Huambo,Huambo
Peru,PER,Huancavelica,Huancavelica,Huancavelica
Peru,PER,Junín,Huancayo,Huancayo
China,CHN,Hebei,Huanghua,Huanghua
China,CHN,Hubei,Huangshi,Huangshi
China,CHN,Zhejiang,Huangyan,Huangyan
China,CHN,Liaoning,Huanren,Huanren
Peru,PER,Ayacucho,Huanta,Huanta
Peru,PER,Huánuco,Huanuco,Huánuco
Peru,PER,Ancash,Huaraz,Huaraz
Peru,PER,Ancash,Huarmey,Huarmey
Chile,CHL,Atacama,Huasco,Huasco
Mexico,MEX,Sonora,Huatabampo,Huatabampo
Peru,PER,Lima,Huaura,Huaura
United States,USA,Ohio,Hubbard,Hubbard
United States,USA,Ohio,Huber Heights,Huber Heights
India,IND,Karnātaka,Hubli,Hubli
United Kingdom,GBR,Kirklees,Huddersfield,Huddersfield
United States,USA,Wisconsin,Hudson,Hudson
United States,USA,New York,Hudson,Hudson
United States,USA,Ohio,Hudson,Hudson
Canada,CAN,Saskatchewan,Hudson Bay,Hudson Bay
United States,USA,New York,Hudson Falls,Hudson Falls
United States,USA,Michigan,Hudsonville,Hudsonville
Somalia,SOM,Bakool,Hudur,Hudur
Vietnam,VNM,Thừa Thiên-Huế,Hue,Hue
Guatemala,GTM,Huehuetenango,Huehuetenango,Huehuetenango
Spain,ESP,Andalusia,Huelva,Huelva
United States,USA,Alabama,Hueytown,Hueytown
United Kingdom,GBR,Isles of Scilly,Hugh Town,Hugh Town
Australia,AUS,Queensland,Hughenden,Hughenden
United States,USA,California,Hughson,Hughson
United States,USA,Minnesota,Hugo,Hugo
China,CHN,Jilin,Huinan,Huinan
China,CHN,Yunnan,Huize,Huize
China,CHN,Guangdong,Huizhou,Huizhou
China,CHN,Heilongjiang,Hulan Ergi,Hulan Ergi
China,CHN,Heilongjiang,Hulin,Hulin
Argentina,ARG,Jujuy,Humahuaca,Humahuaca
United States,USA,Texas,Humble,Humble
United States,USA,Tennessee,Humboldt,Humboldt
United States,USA,Iowa,Humboldt,Humboldt
Libya,LBY,Al Jufrah,Hun,Hun
Romania,ROU,Hunedoara,Hunedoara,Hunedoara
Vietnam,VNM,Hưng Yên,Hung Yen,Hưng Yên
"Korea, North",PRK,Hamnam,Hungnam,Hungnam
United States,USA,North Carolina,Huntersville,Huntersville
United States,USA,Indiana,Huntertown,Huntertown
United States,USA,Indiana,Huntingburg,Huntingburg
United States,USA,Pennsylvania,Huntingdon,Huntingdon
United States,USA,West Virginia,Huntington,Huntington
United States,USA,Indiana,Huntington,Huntington
United States,USA,California,Huntington Beach,Huntington Beach
United States,USA,California,Huntington Park,Huntington Park
United States,USA,Michigan,Huntington Woods,Huntington Woods
United States,USA,Illinois,Huntley,Huntley
United States,USA,Texas,Huntsville,Huntsville
United States,USA,Alabama,Huntsville,Huntsville
Somalia,SOM,Bari,Hurdiyo,Hurdiyo
Egypt,EGY,Al Baḩr al Aḩmar,Hurghada,Hurghada
United States,USA,California,Huron,Huron
United States,USA,Ohio,Huron,Huron
United States,USA,South Dakota,Huron,Huron
United States,USA,West Virginia,Hurricane,Hurricane
United States,USA,Utah,Hurricane,Hurricane
United States,USA,Texas,Hurst,Hurst
Faroe Islands,FRO,,Husavik,Húsavík
United States,USA,Texas,Hutchins,Hutchins
United States,USA,Minnesota,Hutchinson,Hutchinson
United States,USA,Kansas,Hutchinson,Hutchinson
United States,USA,Texas,Hutto,Hutto
China,CHN,Zhejiang,Huzhou,Huzhou
Faroe Islands,FRO,,Hvalba,Hvalba
Faroe Islands,FRO,,Hvannasund,Hvannasund
Zimbabwe,ZWE,,Hwange,Hwange
United Kingdom,GBR,Pembrokeshire,Hwlffordd,Hwlffordd
United States,USA,Maryland,Hyattsville,Hyattsville
Pakistan,PAK,Sindh,Hyderabad,Hyderabad
India,IND,Andhra Pradesh,Hyderabad,Hyderabad
"Korea, North",PRK,Yanggang,Hyeson,Hyeson
United States,USA,Utah,Hyrum,Hyrum
Moldova,MDA,Ialoveni,Ialoveni,Ialoveni
Romania,ROU,Iaşi,Iasi,Iași
Philippines,PHL,Zambales,Iba,Iba
Nigeria,NGA,Oyo,Ibadan,Ibadan
Colombia,COL,Tolima,Ibague,Ibagué
Uganda,UGA,Ibanda,Ibanda,Ibanda
Ecuador,ECU,Imbabura,Ibarra,Ibarra
Yemen,YEM,Ibb,Ibb,Ibb
Oman,OMN,Shamāl ash Sharqīyah,Ibra',Ibrā’
Oman,OMN,Ad Dākhilīyah,Ibri,Ibri
Peru,PER,Ica,Ica,Ica
Brazil,BRA,Ceará,Ico,Icó
United States,USA,Oklahoma,Idabel,Idabel
Nigeria,NGA,Kogi,Idah,Idah
United States,USA,Idaho,Idaho Falls,Idaho Falls
Syria,SYR,Idlib,Idlib,Idlib
Libya,LBY,Wādī ash Shāţi’,Idri,Idrī
Slovenia,SVN,Idrija,Idrija,Idrija
Latvia,LVA,Iecavas Novads,Iecava,Iecava
Tanzania,TZA,Morogoro,Ifakara,Ifakara
Nigeria,NGA,Osun,Ife,Ife
Slovenia,SVN,Ig,Ig,Ig
Uganda,UGA,Iganga,Iganga,Iganga
Russia,RUS,Krasnoyarskiy Kray,Igarka,Igarka
Turkey,TUR,Iğdır,Igdir,Iğdır
Canada,CAN,Nunavut,Igloolik,Igloolik
Lithuania,LTU,Ignalina,Ignalina,Ignalina
Russia,RUS,Khanty-Mansiyskiy Avtonomnyy Okrug-Yugra,Igrim,Igrim
Mexico,MEX,Guerrero,Iguala,Iguala
Brazil,BRA,São Paulo,Iguape,Iguape
Brazil,BRA,Ceará,Iguatu,Iguatu
Madagascar,MDG,Fianarantsoa,Ihosy,Ihosy
Nigeria,NGA,Ogun,Ijebu Ode,Ijebu Ode
Armenia,ARM,Tavush,Ijevan,Ijevan
Armenia,ARM,Tavush,Ijevan,Ijevan
Brazil,BRA,Rio Grande do Sul,Ijui,Ijuí
Nigeria,NGA,Ondo,Ikare,Ikare
Nigeria,NGA,Lagos,Ikeja,Ikeja
Congo (Kinshasa),COD,Tshuapa,Ikela,Ikela
Malta,MLT,Iklin,Iklin,Iklin
"Korea, South",KOR,Jeonbuk,Iksan,Iksan
Latvia,LVA,Ikšķiles Novads,Ikskile,Ikšķile
Philippines,PHL,Isabela,Ilagan,Ilagan
Nepal,NPL,,Ilam,Ilam
Iran,IRN,Īlām,Ilam,Ilam
Iran,IRN,Īlām,Ilam,Īlām
Peru,PER,Puno,Ilave,Ilave
Congo (Kinshasa),COD,Kasaï,Ilebo,Ilebo
United Kingdom,GBR,Redbridge,Ilford,Ilford
Brazil,BRA,Bahia,Ilheus,Ilhéus
Philippines,PHL,Iligan,Iligan,Iligan
Macedonia,MKD,Ilinden,Ilinden,Ilinden
United States,USA,New York,Ilion,Ilion
Slovenia,SVN,Ilirska Bistrica,Ilirska Bistrica,Ilirska Bistrica
Chile,CHL,Coquimbo,Illapel,Illapel
Ukraine,UKR,Odes’ka Oblast’,Illichivsk,Illichivsk
Algeria,DZA,Illizi,Illizi,Illizi
Peru,PER,Moquegua,Ilo,Ilo
Philippines,PHL,Iloilo,Iloilo,Iloilo
Nigeria,NGA,Kwara,Ilorin,Ilorin
Russia,RUS,Kamchatskiy Kray,Il'pyrskiy,Il'pyrskiy
Latvia,LVA,Ilūkstes Novads,Ilukste,Ilūkste
Greenland,GRL,,Ilulissat,Ilulissat
Brazil,BRA,Santa Catarina,Imbituba,Imbituba
Malta,MLT,Imdina,Imdina,Imdina
Malta,MLT,Imġarr,Imgarr,Imġarr
Azerbaijan,AZE,İmişli,Imisli,İmişli
Brazil,BRA,Maranhão,Imperatriz,Imperatriz
United States,USA,California,Imperial,Imperial
United States,USA,California,Imperial Beach,Imperial Beach
Congo (Brazzaville),COG,Likouala,Impfondo,Impfondo
India,IND,Manipur,Imphal,Imphal
Malta,MLT,Imqabba,Imqabba,Imqabba
Malta,MLT,Imsida,Imsida,Imsida
Malta,MLT,Imtarfa,Imtarfa,Imtarfa
Algeria,DZA,Tamanrasset,In Amguel,In Amguel
Algeria,DZA,Illizi,I-n-Amenas,I-n-Amenas
"Korea, South",KOR,Incheon,Incheon,Incheon
Latvia,LVA,Inčukalna Novads,Incukalns,Inčukalns
United States,USA,Iowa,Independence,Independence
United States,USA,Ohio,Independence,Independence
United States,USA,Missouri,Independence,Independence
United States,USA,Kansas,Independence,Independence
United States,USA,Kentucky,Independence,Independence
United States,USA,Oregon,Independence,Independence
United States,USA,Florida,Indian Harbour Beach,Indian Harbour Beach
United States,USA,North Carolina,Indian Trail,Indian Trail
United States,USA,California,Indian Wells,Indian Wells
United States,USA,Pennsylvania,Indiana,Indiana
United States,USA,Indiana,Indianapolis,Indianapolis
United States,USA,Iowa,Indianola,Indianola
United States,USA,Mississippi,Indianola,Indianola
Russia,RUS,Nenetskiy Avtonomnyy Okrug,Indiga,Indiga
Serbia,SRB,Inđija,Indija,Inđija
United States,USA,California,Indio,Indio
India,IND,Madhya Pradesh,Indore,Indore
Indonesia,IDN,Jawa Barat,Indramayu,Indramayu
Argentina,ARG,Formosa,Ingeniero Guillermo N. Juarez,Ingeniero Guillermo N. Juarez
Argentina,ARG,Río Negro,Ingeniero Jacobacci,Ingeniero Jacobacci
Australia,AUS,Queensland,Ingham,Ingham
United States,USA,Texas,Ingleside,Ingleside
United States,USA,California,Inglewood,Inglewood
Germany,DEU,Bavaria,Ingolstadt,Ingolstadt
Mozambique,MOZ,Inhambane,Inhambane,Inhambane
Brazil,BRA,Goiás,Inhumas,Inhumas
Colombia,COL,Guainía,Inirida,Inírida
United States,USA,Michigan,Inkster,Inkster
Australia,AUS,Queensland,Innisfail,Innisfail
Austria,AUT,Tirol,Innsbruck,Innsbruck
Congo (Kinshasa),COD,Mai-Ndombe,Inongo,Inongo
Poland,POL,Kujawsko-Pomorskie,Inowroclaw,Inowrocław
Algeria,DZA,Tamanrasset,I-n-Salah,I-n-Salah
Russia,RUS,Komi,Inta,Inta
United States,USA,Minnesota,International Falls,International Falls
Canada,CAN,Québec,Inukjuak,Inukjuak
Canada,CAN,Northwest Territories,Inuvik,Inuvik
United States,USA,Minnesota,Inver Grove Heights,Inver Grove Heights
New Zealand,NZL,Southland,Invercargill,Invercargill
Australia,AUS,New South Wales,Inverell,Inverell
United Kingdom,GBR,Highland,Inverness,Inverness
United States,USA,Florida,Inverness,Inverness
United States,USA,Illinois,Inverness,Inverness
Greece,GRC,Ípeiros,Ioanina,Ioanina
United States,USA,Kansas,Iola,Iola
United States,USA,California,Ione,Ione
United States,USA,Michigan,Ionia,Ionia
United States,USA,Iowa,Iowa City,Iowa City
United States,USA,Texas,Iowa Park,Iowa Park
Brazil,BRA,Minas Gerais,Ipatinga,Ipatinga
Colombia,COL,Nariño,Ipiales,Ipiales
Philippines,PHL,Zamboanga Sibugay,Ipil,Ipil
Malaysia,MYS,Perak,Ipoh,Ipoh
Brazil,BRA,Goiás,Ipora,Iporá
United Kingdom,GBR,Suffolk,Ipswich,Ipswich
Brazil,BRA,Ceará,Ipu,Ipú
Canada,CAN,Nunavut,Iqaluit,Iqaluit
Chile,CHL,Tarapacá,Iquique,Iquique
Peru,PER,Loreto,Iquitos,Iquitos
French Guiana,GUF,,Iracoubo,Iracoubo
Greece,GRC,Kríti,Iraklio,Iraklio
Mexico,MEX,Guanajuato,Irapuato,Irapuato
Brazil,BRA,Paraná,Irati,Irati
Jordan,JOR,Irbid,Irbid,Irbid
Iraq,IRQ,Arbīl,Irbil,Irbil
Brazil,BRA,Bahia,Irece,Irecê
Serbia,SRB,Irig,Irig,Irig
Tanzania,TZA,Iringa,Iringa,Iringa
Russia,RUS,Irkutskaya Oblast’,Irkutsk,Irkutsk
United States,USA,South Carolina,Irmo,Irmo
United States,USA,Michigan,Iron Mountain,Iron Mountain
United States,USA,Alabama,Irondale,Irondale
United States,USA,Ohio,Ironton,Ironton
United States,USA,Michigan,Ironwood,Ironwood
United Kingdom,GBR,North Ayrshire,Irvine,Irvine
United States,USA,California,Irvine,Irvine
United States,USA,Texas,Irving,Irving
United States,USA,New York,Irvington,Irvington
Iceland,ISL,,Isafjordur,Ísafjörður
Burundi,BDI,Bujumbura Rural,Isale,Isale
Vanuatu,VUT,Tafea,Isangel,Isangel
United States,USA,Minnesota,Isanti,Isanti
Nigeria,NGA,Oyo,Iseyin,Iseyin
Iran,IRN,Eşfahān,Isfahan,Isfahan
Russia,RUS,Tyumenskaya Oblast’,Ishim,Ishim
United States,USA,Michigan,Ishpeming,Ishpeming
Russia,RUS,Omskaya Oblast’,Isikul,Isikul
Uganda,UGA,Isingiro,Isingiro,Isingiro
Kenya,KEN,Isiolo,Isiolo,Isiolo
Congo (Kinshasa),COD,Haut-Uélé,Isiro,Isiro
Uzbekistan,UZB,Toshkent,Iskandar,Iskandar
Turkey,TUR,Hatay,Iskenderun,İskenderun
Russia,RUS,Novosibirskaya Oblast’,Iskitim,Iskitim
Mexico,MEX,Quintana Roo,Isla Mujeres,Isla Mujeres
Pakistan,PAK,Islāmābād,Islamabad,Islamabad
Canada,CAN,Manitoba,Island Lake,Island Lake
United States,USA,Illinois,Island Lake,Island Lake
United Kingdom,GBR,Islington,Islington,Islington
Egypt,EGY,Al Ismā‘īlīyah,Ismailia,Ismaïlia
Azerbaijan,AZE,İsmayıllı,Ismayilli,İsmayıllı
Egypt,EGY,Qinā,Isna,Isna
Turkey,TUR,Isparta,Isparta,Isparta
United States,USA,Washington,Issaquah,Issaquah
Turkey,TUR,İstanbul,Istanbul,Istanbul
Kosovo,XKS,Istog,Istog,Istog
Philippines,PHL,Sultan Kudarat,Isulan,Isulan
Paraguay,PRY,Central,Ita,Itá
Brazil,BRA,Bahia,Itaberaba,Itaberaba
Brazil,BRA,Goiás,Itaberai,Itaberaí
Brazil,BRA,Bahia,Itabuna,Itabuna
Brazil,BRA,Amazonas,Itacoatiara,Itacoatiara
Brazil,BRA,Pará,Itaituba,Itaituba
Brazil,BRA,Santa Catarina,Itajai,Itajaí
Brazil,BRA,Bahia,Itamaraju,Itamaraju
Brazil,BRA,Bahia,Itambe,Itambé
India,IND,Arunāchal Pradesh,Itanagar,Itanagar
Brazil,BRA,São Paulo,Itanhaem,Itanhaem
Brazil,BRA,Maranhão,Itapecuru Mirim,Itapecuru Mirim
Brazil,BRA,Bahia,Itapetinga,Itapetinga
Brazil,BRA,São Paulo,Itapetininga,Itapetininga
Brazil,BRA,São Paulo,Itapeva,Itapeva
Brazil,BRA,Ceará,Itapipoca,Itapipoca
United States,USA,Illinois,Itasca,Itasca
Brazil,BRA,Minas Gerais,Itauna,Itaúna
Kenya,KEN,Elgeyo/Marakwet,Iten,Iten
United States,USA,New York,Ithaca,Ithaca
Tanzania,TZA,Singida,Itigi,Itigi
Greenland,GRL,Sermersooq,Ittoqqortoormiit,Ittoqqortoormiit
Brazil,BRA,São Paulo,Itu,Itu
Brazil,BRA,Minas Gerais,Ituiutaba,Ituiutaba
Brazil,BRA,Goiás,Itumbiara,Itumbiara
Guyana,GUY,Upper Demerara-Berbice,Ituni,Ituni
Brazil,BRA,Pará,Itupiranga,Itupiranga
Brazil,BRA,Minas Gerais,Iturama,Iturama
Slovenia,SVN,Ivančna Gorica,Ivancna Gorica,Ivančna Gorica
Australia,AUS,New South Wales,Ivanhoe,Ivanhoe
Serbia,SRB,Ivanjica,Ivanjica,Ivanjica
Ukraine,UKR,Ivano-Frankivs’ka Oblast’,Ivano-Frankivsk,Ivano-Frankivsk
Russia,RUS,Ivanovskaya Oblast’,Ivanovo,Ivanovo
Russia,RUS,Sverdlovskaya Oblast’,Ivdel,Ivdel
United States,USA,Utah,Ivins,Ivins
Canada,CAN,Québec,Ivugivik,Ivugivik
Japan,JPN,Fukushima,Iwaki,Iwaki
Nigeria,NGA,Osun,Iwo,Iwo
Mexico,MEX,Yucatán,Izamal,Izamal
Syria,SYR,Ḩalab,Izaz,Izaz
Russia,RUS,Udmurtiya,Izhevsk,Izhevsk
Ukraine,UKR,Odes’ka Oblast’,Izmayil,Izmayil
Turkey,TUR,İzmir,Izmir,İzmir
Turkey,TUR,Kocaeli,Izmit,İzmit
Slovenia,SVN,Izola,Izola,Izola
India,IND,Madhya Pradesh,Jabalpur,Jabalpur
Brazil,BRA,Pernambuco,Jaboatao,Jaboatao
Brazil,BRA,São Paulo,Jaboticabal,Jaboticabal
Brazil,BRA,Pará,Jacareacanga,Jacareacanga
Brazil,BRA,Paraná,Jacarezinho,Jacarezinho
United States,USA,Texas,Jacinto City,Jacinto City
United States,USA,Wisconsin,Jackson,Jackson
United States,USA,Wyoming,Jackson,Jackson
United States,USA,Tennessee,Jackson,Jackson
United States,USA,California,Jackson,Jackson
United States,USA,Georgia,Jackson,Jackson
United States,USA,Ohio,Jackson,Jackson
United States,USA,Missouri,Jackson,Jackson
United States,USA,Michigan,Jackson,Jackson
United States,USA,Mississippi,Jackson,Jackson
United States,USA,Florida,Jacksonville,Jacksonville
United States,USA,Texas,Jacksonville,Jacksonville
United States,USA,North Carolina,Jacksonville,Jacksonville
United States,USA,Alabama,Jacksonville,Jacksonville
United States,USA,Arkansas,Jacksonville,Jacksonville
United States,USA,Illinois,Jacksonville,Jacksonville
United States,USA,Florida,Jacksonville Beach,Jacksonville Beach
Haiti,HTI,Sud-Est,Jacmel,Jacmel
Peru,PER,Cajamarca,Jaen,Jaén
Spain,ESP,Andalusia,Jaen,Jaén
Sri Lanka,LKA,Northern,Jaffna,Jaffna
Serbia,SRB,Jagodina,Jagodina,Jagodina
Brazil,BRA,Bahia,Jaguaquara,Jaguaquara
Brazil,BRA,Rio Grande do Sul,Jaguarao,Jaguarão
India,IND,Rājasthān,Jaipur,Jaipur
Bhutan,BTN,Bumthang,Jakar,Jakar
Indonesia,IDN,Jakarta,Jakarta,Jakarta
Kyrgyzstan,KGZ,Jalal-Abad,Jalal Abad,Jalal Abad
Afghanistan,AFG,Nangarhār,Jalalabad,Jalalabad
Guatemala,GTM,Jalapa,Jalapa,Jalapa
Nigeria,NGA,Taraba,Jalingo,Jalingo
Mexico,MEX,Veracruz,Jaltipan,Jaltipan
Somalia,SOM,Jubbada Hoose,Jamaame,Jamaame
Bangladesh,BGD,Mymensingh,Jamalpur,Jamalpur
Indonesia,IDN,Jambi,Jambi,Jambi
United States,USA,New Jersey,Jamesburg,Jamesburg
"Saint Helena, Ascension, And Tristan Da Cunha",SHN,Saint Helena,Jamestown,Jamestown
United States,USA,North Dakota,Jamestown,Jamestown
United States,USA,New York,Jamestown,Jamestown
India,IND,Jammu and Kashmīr,Jammu,Jammu
India,IND,Jharkhand,Jamshedpur,Jamshedpur
Brazil,BRA,Minas Gerais,Janauba,Janaúba
United States,USA,Wisconsin,Janesville,Janesville
Brazil,BRA,Minas Gerais,Januaria,Januária
Panama,PAN,Darién,Jaque,Jaqué
Brazil,BRA,Santa Catarina,Jaragua do Sul,Jaraguá do Sul
Jordan,JOR,Jarash,Jarash,Jarash
Brazil,BRA,Mato Grosso do Sul,Jardim,Jardim
Canada,CAN,Alberta,Jasper,Jasper
United States,USA,Texas,Jasper,Jasper
United States,USA,Alabama,Jasper,Jasper
United States,USA,Georgia,Jasper,Jasper
United States,USA,Indiana,Jasper,Jasper
Brazil,BRA,Goiás,Jatai,Jataí
Brazil,BRA,São Paulo,Jau,Jaú
Peru,PER,Junín,Jauja,Jauja
Latvia,LVA,Jaunjelgavas Novads,Jaunjelgava,Jaunjelgava
Latvia,LVA,Jaunpiebalgas Novads,Jaunpiebalga,Jaunpiebalga
Latvia,LVA,Jaunpils Novads,Jaunpils,Jaunpils
Somalia,SOM,Shabeellaha Dhexe,Jawhar,Jawhar
Indonesia,IDN,Papua,Jayapura,Jayapura
United States,USA,Louisiana,Jeanerette,Jeanerette
United States,USA,Pennsylvania,Jeannette,Jeannette
Saudi Arabia,SAU,Makkah al Mukarramah,Jeddah,Jeddah
United States,USA,Wisconsin,Jefferson,Jefferson
United States,USA,Georgia,Jefferson,Jefferson
United States,USA,Tennessee,Jefferson City,Jefferson City
United States,USA,Missouri,Jefferson City,Jefferson City
United States,USA,Pennsylvania,Jefferson Hills,Jefferson Hills
United States,USA,Kentucky,Jeffersontown,Jeffersontown
United States,USA,Indiana,Jeffersonville,Jeffersonville
Macedonia,MKD,Jegunovce,Jegunovce,Jegunovce
"Korea, South",KOR,Jeju,Jeju,Jeju
Latvia,LVA,Jēkabpils Novads,Jekabpils,Jēkabpils
Latvia,LVA,Jelgavas Novads,Jelgava,Jelgava
Indonesia,IDN,Jawa Timur,Jember,Jember
Germany,DEU,Thuringia,Jena,Jena
Tunisia,TUN,Jendouba,Jendouba,Jendouba
United States,USA,Oklahoma,Jenks,Jenks
United States,USA,Louisiana,Jennings,Jennings
United States,USA,Missouri,Jennings,Jennings
"Korea, South",KOR,Jeonbuk,Jeonju,Jeonju
Brazil,BRA,Bahia,Jequie,Jequié
Haiti,HTI,Grand’Anse,Jeremie,Jérémie
United States,USA,Idaho,Jerome,Jerome
United States,USA,New Jersey,Jersey City,Jersey City
United States,USA,Pennsylvania,Jersey Shore,Jersey Shore
United States,USA,Texas,Jersey Village,Jersey Village
United States,USA,Illinois,Jerseyville,Jerseyville
Israel,ISR,,Jerusalem,Jerusalem
Slovenia,SVN,Jesenice,Jesenice,Jesenice
Bangladesh,BGD,Khulna,Jessore,Jessore
United States,USA,Georgia,Jesup,Jesup
United States,USA,Connecticut,Jewett City,Jewett City
Pakistan,PAK,Punjab,Jhang,Jhang
India,IND,Uttar Pradesh,Jhansi,Jhansi
China,CHN,Heilongjiang,Jiamusi,Jiamusi
China,CHN,Jiangxi,Jian,Jian
China,CHN,Guangdong,Jiangmen,Jiangmen
China,CHN,Hubei,Jianmen,Jianmen
China,CHN,Jilin,Jiaohe,Jiaohe
China,CHN,Zhejiang,Jiaojing,Jiaojing
China,CHN,Henan,Jiaozuo,Jiaozuo
China,CHN,Zhejiang,Jiaxing,Jiaxing
China,CHN,Gansu,Jiayuguan,Jiayuguan
China,CHN,Anhui,Jieshou,Jieshou
China,CHN,Shanxi,Jiexiu,Jiexiu
Czechia,CZE,Vysočina,Jihlava,Jihlava
Algeria,DZA,Jijel,Jijel,Jijel
Ethiopia,ETH,Sumalē,Jijiga,Jijiga
China,CHN,Jilin,Jilin,Jilin
United States,USA,Pennsylvania,Jim Thorpe,Jim Thorpe
Ethiopia,ETH,Oromīya,Jima,Jima
Dominican Republic,DOM,Enriquillo,Jimani,Jimaní
China,CHN,Shandong,Jinan,Jinan
China,CHN,Gansu,Jinchang,Jinchang
Taiwan,TWN,Kinmen,Jincheng,Jincheng
China,CHN,Shanxi,Jincheng,Jincheng
China,CHN,Jiangxi,Jingdezhen,Jingdezhen
China,CHN,Hubei,Jingmen,Jingmen
China,CHN,Zhejiang,Jinhua,Jinhua
China,CHN,Shandong,Jining,Jining
China,CHN,Inner Mongolia,Jining,Jining
Uganda,UGA,Jinja,Jinja,Jinja
Nicaragua,NIC,Jinotega,Jinotega,Jinotega
Nicaragua,NIC,Carazo,Jinotepe,Jinotepe
China,CHN,Hunan,Jinshi,Jinshi
China,CHN,Liaoning,Jinxi,Jinxi
China,CHN,Liaoning,Jinzhou,Jinzhou
Brazil,BRA,Rondônia,Ji-Parana,Ji-Paraná
Ecuador,ECU,Manabí,Jipijapa,Jipijapa
China,CHN,Jiangxi,Jiujiang,Jiujiang
China,CHN,Jilin,Jiutai,Jiutai
China,CHN,Heilongjiang,Jixi,Jixi
Saudi Arabia,SAU,Jāzān,Jizan,Jizan
Uzbekistan,UZB,Jizzax,Jizzax,Jizzax
Brazil,BRA,Santa Catarina,Joacaba,Joaçaba
Brazil,BRA,Paraíba,Joao Pessoa,João Pessoa
Argentina,ARG,Salta,Joaquin V. Gonzalez,Joaquín V. González
India,IND,Rājasthān,Jodhpur,Jodhpur
Finland,FIN,Pohjois-Karjala,Joensuu,Joensuu
Estonia,EST,Jõgevamaa,Jogeva,Jõgeva
South Africa,ZAF,Gauteng,Johannesburg,Johannesburg
United States,USA,Georgia,Johns Creek,Johns Creek
United States,USA,Illinois,Johnsburg,Johnsburg
United States,USA,Tennessee,Johnson City,Johnson City
United States,USA,New York,Johnson City,Johnson City
United States,USA,Iowa,Johnston,Johnston
United States,USA,New York,Johnstown,Johnstown
United States,USA,Pennsylvania,Johnstown,Johnstown
United States,USA,Colorado,Johnstown,Johnstown
Malaysia,MYS,Johor,Johor Bahru,Johor Bahru
Estonia,EST,Ida-Virumaa,Johvi,Jõhvi
Brazil,BRA,Santa Catarina,Joinville,Joinville
United States,USA,Illinois,Joliet,Joliet
Canada,CAN,Québec,Joliette,Joliette
Philippines,PHL,Sulu,Jolo,Jolo
Lithuania,LTU,Jonava,Jonava,Jonava
United States,USA,Louisiana,Jonesboro,Jonesboro
United States,USA,Arkansas,Jonesboro,Jonesboro
United States,USA,Tennessee,Jonesborough,Jonesborough
Lithuania,LTU,Joniškis,Joniskis,Joniškis
Sweden,SWE,Jönköping,Jonkoping,Jönköping
United States,USA,Missouri,Joplin,Joplin
Philippines,PHL,Guimaras,Jordan,Jordan
United States,USA,Minnesota,Jordan,Jordan
India,IND,Assam,Jorhat,Jorhat
Nigeria,NGA,Plateau,Jos,Jos
Uruguay,URY,Lavalleja,Jose Batlle y Ordonez,José Batlle y Ordóñez
United States,USA,Texas,Joshua,Joshua
Mexico,MEX,Zacatecas,Juan Aldama,Juan Aldama
Argentina,ARG,Chaco,Juan Jose Castelli,Juan José Castelli
Peru,PER,San Martín,Juanjui,Juanjuí
Argentina,ARG,Buenos Aires,Juarez,Juarez
Brazil,BRA,Bahia,Juazeiro,Juazeiro
Brazil,BRA,Ceará,Juazeiro do Norte,Juazeiro do Norte
South Sudan,SSD,Central Equatoria,Juba,Juba
Mexico,MEX,Oaxaca,Juchitan,Juchitan
Nicaragua,NIC,Chontales,Juigalpa,Juigalpa
Brazil,BRA,Minas Gerais,Juiz de Fora,Juiz de Fora
Peru,PER,Puno,Juliaca,Juliaca
India,IND,Punjab,Jullundur,Jullundur
Nepal,NPL,,Jumla,Jumla
United States,USA,Kansas,Junction City,Junction City
United States,USA,Oregon,Junction City,Junction City
Brazil,BRA,São Paulo,Jundiai,Jundiaí
United States,USA,Alaska,Juneau,Juneau
Kosovo,XKS,Junik,Junik,Junik
Peru,PER,Junín,Junin,Junín
Argentina,ARG,Buenos Aires,Junin,Junín
United States,USA,Florida,Jupiter,Jupiter
Colombia,COL,Chocó,Jurado,Juradó
Lithuania,LTU,Jurbarkas,Jurbarkas,Jurbarkas
Latvia,LVA,Jūrmala,Jurmala,Jūrmala
Slovenia,SVN,Sveti Jurij v Slovenskih Goricah,Jurovski Dol,Jurovski Dol
Slovenia,SVN,Juršinci,Jursinci,Juršinci
United States,USA,Illinois,Justice,Justice
Guatemala,GTM,Jutiapa,Jutiapa,Jutiapa
Honduras,HND,Olancho,Juticalpa,Juticalpa
Botswana,BWA,Jwaneng,Jwaneng,Jwaneng
China,CHN,Qinghai,Jyekundo,Jyekundo
Finland,FIN,Keski-Suomi,Jyvaskyla,Jyväskylä
Uganda,UGA,Kaabong,Kaabong,Kaabong
Uganda,UGA,Kabale,Kabale,Kabale
Congo (Kinshasa),COD,Tanganyika,Kabalo,Kabalo
Kenya,KEN,Baringo,Kabarnet,Kabarnet
Uganda,UGA,Kaberamaido,Kaberamaido,Kaberamaido
Congo (Kinshasa),COD,Lomami,Kabinda,Kabinda
Philippines,PHL,Apayao,Kabugao,Kabugao
Afghanistan,AFG,Kābul,Kabul,Kabul
Zambia,ZMB,Central,Kabwe,Kabwe
Kosovo,XKS,Kaçanik,Kacanik,Kaçanik
Kazakhstan,KAZ,Pavlodar,Kachiry,Kachiry
Zimbabwe,ZWE,Mashonaland West,Kadoma,Kadoma
Sudan,SDN,South Kordofan,Kadugli,Kadugli
Nigeria,NGA,Kaduna,Kaduna,Kaduna
Mauritania,MRT,Gorgol,Kaedi,Kaédi
Senegal,SEN,Matam,Kaedi,Kaédi
"Korea, North",PRK,Hwangnam,Kaesong,Kaesong
Senegal,SEN,Kaffrine,Kaffrine,Kaffrine
Egypt,EGY,Kafr ash Shaykh,Kafr el Sheikh,Kafr el Sheikh
Zambia,ZMB,Lusaka,Kafue,Kafue
Central African Republic,CAF,Nana-Grébizi,Kaga Bandoro,Kaga Bandoro
Uganda,UGA,,Kagadi,Kagadi
Japan,JPN,Kagoshima,Kagoshima,Kagoshima
Tanzania,TZA,Shinyanga,Kahama,Kahama
Congo (Kinshasa),COD,Kwango,Kahemba,Kahemba
Turkey,TUR,Kahramanmaraş,Kahramanmaras,Kahramanmaraş
New Zealand,NZL,Canterbury,Kaiapoi,Kaiapoi
China,CHN,Henan,Kaifeng,Kaifeng
New Zealand,NZL,Canterbury,Kaikoura,Kaikoura
China,CHN,Inner Mongolia,Kailu,Kailu
Lithuania,LTU,Kaišiadorys,Kaisiadorys,Kaišiadorys
New Zealand,NZL,Northland,Kaitaia,Kaitaia
Finland,FIN,Kainuu,Kajaani,Kajaani
Kenya,KEN,Kajiado,Kajiado,Kajiado
Turkmenistan,TKM,Ahal,Kaka,Kaka
Kenya,KEN,Kakamega,Kakamega,Kakamega
Liberia,LBR,Margibi,Kakata,Kakata
India,IND,Andhra Pradesh,Kakinada,Kakinada
Tanzania,TZA,Kigoma,Kakonko,Kakonko
Uganda,UGA,,Kakumiro,Kakumiro
Zambia,ZMB,Western,Kalabo,Kalabo
Russia,RUS,Omskaya Oblast’,Kalachinsk,Kalachinsk
Greece,GRC,Peloponnísos,Kalamata,Kalamata
United States,USA,Michigan,Kalamazoo,Kalamazoo
Uganda,UGA,Kalangala,Kalangala,Kalangala
Thailand,THA,Kalasin,Kalasin,Kalasin
Australia,AUS,Western Australia,Kalbarri,Kalbarri
Congo (Kinshasa),COD,Tanganyika,Kalemie,Kalemie
Australia,AUS,Western Australia,Kalgoorlie,Kalgoorlie
Philippines,PHL,Aklan,Kalibo,Kalibo
Congo (Kinshasa),COD,Maniema,Kalima,Kalima
Russia,RUS,Kaliningradskaya Oblast’,Kaliningrad,Kaliningrad
Uganda,UGA,Kaliro,Kaliro,Kaliro
United States,USA,Montana,Kalispell,Kalispell
Malta,MLT,Kalkara,Kalkara,Kalkara
Sweden,SWE,Kalmar,Kalmar,Kalmar
Russia,RUS,Kaluzhskaya Oblast’,Kaluga,Kaluga
Uganda,UGA,Kalungu,Kalungu,Kalungu
Lithuania,LTU,Kalvarijos,Kalvarija,Kalvarija
India,IND,Mahārāshtra,Kalyan,Kalyan
Congo (Kinshasa),COD,Haut-Katanga,Kambove,Kambove
Kosovo,XKS,Kamenicë,Kamenice,Kamenicë
Russia,RUS,Penzenskaya Oblast’,Kamenka,Kamenka
Russia,RUS,Altayskiy Kray,Kamenna Obi,Kamenna Obi
Russia,RUS,Rostovskaya Oblast’,Kamensk Shakhtinskiy,Kamensk Shakhtinskiy
Russia,RUS,Sverdlovskaya Oblast’,Kamensk Uralskiy,Kamensk Uralskiy
Congo (Kinshasa),COD,Haut-Lomami,Kamina,Kamina
Canada,CAN,British Columbia,Kamloops,Kamloops
Slovenia,SVN,Kamnik,Kamnik,Kamnik
Uganda,UGA,Kampala,Kampala,Kampala
Congo (Kinshasa),COD,Maniema,Kampene,Kampene
Thailand,THA,Kamphaeng Phet,Kamphaeng Phet,Kamphaeng Phet
Cambodia,KHM,Kampong Cham,Kampong Cham,Kampong Cham
Cambodia,KHM,Kampong Speu,Kampong Spoe,Kampong Spoe
Cambodia,KHM,Kampong Thom,Kampong Thom,Kampong Thom
Cambodia,KHM,Kampong Thom,Kampong Thum,Kampong Thum
Cambodia,KHM,Kampot,Kampot,Kampot
Guinea,GIN,Boké,Kamsar,Kamsar
Uganda,UGA,Kamuli,Kamuli,Kamuli
Uganda,UGA,Kamwenge,Kamwenge,Kamwenge
Ukraine,UKR,Khmel’nyts’ka Oblast’,Kamyanets-Podilskyy,Kamyanets-Podilskyy
Russia,RUS,Volgogradskaya Oblast’,Kamyshin,Kamyshin
Slovenia,SVN,Kanal,Kanal,Kanal
Congo (Kinshasa),COD,Kasaï Central,Kananga,Kananga
Russia,RUS,Chuvashiya,Kanash,Kanash
Japan,JPN,Ishikawa,Kanazawa,Kanazawa
Thailand,THA,Kanchanaburi,Kanchanaburi,Kanchanaburi
India,IND,Tamil Nādu ,Kanchipuram,Kanchipuram
Afghanistan,AFG,Kandahār,Kandahar,Kandahar
Russia,RUS,Murmanskaya Oblast’,Kandalaksha,Kandalaksha
Latvia,LVA,Kandavas Novads,Kandava,Kandava
Benin,BEN,Alibori,Kandi,Kandi
Sri Lanka,LKA,Central,Kandy,Kandy
Mali,MLI,Koulikoro,Kangaba,Kangaba
Malaysia,MYS,Perlis,Kangar,Kangar
Greenland,GRL,Qaasuitsup,Kangersuatsiaq,Kangersuatsiaq
"Korea, North",PRK,Chagang,Kanggye,Kanggye
Canada,CAN,Québec,Kangirsuk,Kangirsuk
Congo (Kinshasa),COD,Haut-Lomami,Kaniama,Kaniama
"Gambia, The",GMB,,Kanifing,Kanifing
Serbia,SRB,Kanjiža,Kanjiza,Kanjiža
United States,USA,Illinois,Kankakee,Kankakee
Guinea,GIN,Kankan,Kankan,Kankan
United States,USA,North Carolina,Kannapolis,Kannapolis
Nigeria,NGA,Kano,Kano,Kano
Uganda,UGA,Gomba,Kanoni,Kanoni
Japan,JPN,Kagoshima,Kanoya,Kanoya
India,IND,Uttar Pradesh,Kanpur,Kanpur
United States,USA,Missouri,Kansas City,Kansas City
United States,USA,Kansas,Kansas City,Kansas City
Russia,RUS,Krasnoyarskiy Kray,Kansk,Kansk
Uganda,UGA,Kanungu,Kanungu,Kanungu
Tanzania,TZA,Kigoma,Kanyato,Kanyato
Botswana,BWA,Southern,Kanye,Kanye
Taiwan,TWN,Kaohsiung,Kaohsiung,Kaohsiung
Senegal,SEN,Kaolack,Kaolack,Kaolack
Zambia,ZMB,Western,Kaoma,Kaoma
Armenia,ARM,Syunik’,Kapan,Kapan
Azerbaijan,AZE,Qubadlı,Kapan,Kapan
Uganda,UGA,Kapchorwa,Kapchorwa,Kapchorwa
Kenya,KEN,West Pokot,Kapenguria,Kapenguria
Zambia,ZMB,Central,Kapiri Mposhi,Kapiri Mposhi
South Sudan,SSD,Eastern Equatoria,Kapoeta,Kapoeta
Hungary,HUN,Somogy,Kaposvar,Kaposvár
Kenya,KEN,Nandi,Kapsabet,Kapsabet
Canada,CAN,Ontario,Kapuskasing,Kapuskasing
Togo,TGO,Kara,Kara,Kara
Kyrgyzstan,KGZ,Chüy,Kara Balta,Kara Balta
Turkey,TUR,Karabük,Karabuk,Karabük
Pakistan,PAK,Sindh,Karachi,Karachi
Iran,IRN,Alborz,Karaj,Karaj
Kyrgyzstan,KGZ,Ysyk-Köl,Karakol,Karakol
Turkey,TUR,Karaman,Karaman,Karaman
China,CHN,Xinjiang,Karamay,Karamay
Russia,RUS,Magadanskaya Oblast’,Karamken,Karamken
Namibia,NAM,//Karas,Karasburg,Karasburg
Russia,RUS,Novosibirskaya Oblast’,Karasuk,Karasuk
Iraq,IRQ,Karbalā’,Karbala,Karbala
Macedonia,MKD,Karbinci,Karbinci,Karbinci
Estonia,EST,Hiiumaa,Kardla,Kärdla
Bulgaria,BGR,Kardzhali,Kardzhali,Kardzhali
Tanzania,TZA,Katavi,Karema,Karema
Russia,RUS,Novosibirskaya Oblast’,Kargat,Kargat
Zimbabwe,ZWE,,Kariba,Kariba
Namibia,NAM,Erongo,Karibib,Karibib
India,IND,Andhra Pradesh,Karimnagar,Karimnagar
Croatia,HRV,Karlovačka Županija,Karlovac,Karlovac
Czechia,CZE,Karlovarský Kraj,Karlovy Vary,Karlovy Vary
Sweden,SWE,Blekinge,Karlskrona,Karlskrona
Germany,DEU,Baden-Württemberg,Karlsruhe,Karlsruhe
Sweden,SWE,Värmland,Karlstad,Karlstad
India,IND,Haryāna,Karnal,Karnal
Zimbabwe,ZWE,Mashonaland West,Karoi,Karoi
Afghanistan,AFG,Herāt,Karokh,Karokh
Malawi,MWI,Karonga,Karonga,Karonga
Russia,RUS,Sverdlovskaya Oblast’,Karpinsk,Karpinsk
Australia,AUS,Western Australia,Karratha,Karratha
Turkey,TUR,Kars,Kars,Kars
Latvia,LVA,Kārsavas Novads,Karsava,Kārsava
Russia,RUS,Chelyabinskaya Oblast’,Kartaly,Kartaly
Australia,AUS,Queensland,Karumba,Karumba
Kenya,KEN,Migori,Karungu,Karungu
India,IND,Tamil Nādu ,Karur,Karur
Burundi,BDI,Karuzi,Karusi,Karusi
Uganda,UGA,,Kasaali,Kasaali
Congo (Kinshasa),COD,Lualaba,Kasaji,Kasaji
Zambia,ZMB,Northern,Kasama,Kasama
Botswana,BWA,Chobe,Kasane,Kasane
Congo (Kinshasa),COD,Kongo Central,Kasangulu,Kasangulu
Zambia,ZMB,North-Western,Kasempa,Kasempa
United States,USA,New York,Kaser,Kaser
Uganda,UGA,Kasese,Kasese,Kasese
Iran,IRN,Eşfahān,Kashan,Kashan
China,CHN,Xinjiang,Kashgar,Kashgar
Iran,IRN,Khorāsān-e Raẕavī,Kashmar,Kashmar
Russia,RUS,Ryazanskaya Oblast’,Kasimov,Kasimov
Congo (Kinshasa),COD,Maniema,Kasongo,Kasongo
Congo (Kinshasa),COD,Kwango,Kasongo-Lunda,Kasongo-Lunda
Russia,RUS,Dagestan,Kaspiysk,Kaspiysk
Sudan,SDN,Kassala,Kassala,Kassala
Germany,DEU,Hesse,Kassel,Kassel
United States,USA,Minnesota,Kasson,Kasson
Turkey,TUR,Kastamonu,Kastamonu,Kastamonu
Tanzania,TZA,Kigoma,Kasulu,Kasulu
Malawi,MWI,Kasungu,Kasungu,Kasungu
Pakistan,PAK,Punjab,Kasur,Kasur
Uganda,UGA,Katakwi,Katakwi,Katakwi
Australia,AUS,Western Australia,Katanning,Katanning
Greece,GRC,Kentrikí Makedonía,Katerini,Katerini
Australia,AUS,Northern Territory,Katherine,Katherine
Nepal,NPL,Bāgmatī,Kathmandu,Kathmandu
Kenya,KEN,Tharaka-Nithi,Kathwana,Kathwana
Mali,MLI,Koulikoro,Kati,Kati
Namibia,NAM,Zambezi,Katima Mulilo,Katima Mulilo
Australia,AUS,New South Wales,Katoomba,Katoomba
Poland,POL,Śląskie,Katowice,Katowice
Nigeria,NGA,Katsina,Katsina,Katsina
Uzbekistan,UZB,Samarqand,Kattaqorgon,Kattaqorgon
Uganda,UGA,Kasese,Katwe,Katwe
United States,USA,Texas,Katy,Katy
United States,USA,Texas,Kaufman,Kaufman
United States,USA,Wisconsin,Kaukauna,Kaukauna
Lithuania,LTU,Kauno Miestas,Kaunas,Kaunas
Macedonia,MKD,Kavadarci,Kavadarci,Kavadarci
Greece,GRC,Anatolikí Makedonía kai Thráki,Kavala,Kavala
Russia,RUS,Primorskiy Kray,Kavalerovo,Kavalerovo
India,IND,Lakshadweep,Kavaratti,Kavaratti
Papua New Guinea,PNG,New Ireland,Kavieng,Kavieng
Japan,JPN,Saitama,Kawagoe,Kawagoe
Zambia,ZMB,Luapula,Kawambwa,Kawambwa
Japan,JPN,Kanagawa,Kawasaki,Kawasaki
Burkina Faso,BFA,Centre-Nord,Kaya,Kaya
Burundi,BDI,Kayanza,Kayanza,Kayanza
Mali,MLI,Kayes,Kayes,Kayes
Congo (Brazzaville),COG,Bouenza,Kayes,Kayes
Turkey,TUR,Kayseri,Kayseri,Kayseri
United States,USA,Utah,Kaysville,Kaysville
Uganda,UGA,Kayunga,Kayunga,Kayunga
Russia,RUS,Tatarstan,Kazan,Kazan
Lithuania,LTU,Kazlų Rūdos,Kazlu Ruda,Kazlų Rūda
United States,USA,New Jersey,Keansburg,Keansburg
United States,USA,Nebraska,Kearney,Kearney
United States,USA,Missouri,Kearney,Kearney
United States,USA,New Jersey,Kearny,Kearny
Tunisia,TUN,Kébili,Kebili,Kebili
Hungary,HUN,Bács-Kiskun,Kecskemet,Kecskemét
Lithuania,LTU,Kėdainiai,Kedainiai,Kėdainiai
Indonesia,IDN,Jawa Timur,Kediri,Kediri
Senegal,SEN,Kédougou,Kedougou,Kédougou
Taiwan,TWN,Keelung,Keelung,Keelung
United States,USA,New Hampshire,Keene,Keene
United States,USA,Texas,Keene,Keene
Namibia,NAM,//Karas,Keetmanshoop,Keetmanshoop
Nigeria,NGA,Nasarawa,Keffi,Keffi
Iceland,ISL,,Keflavik,Keflavík
Latvia,LVA,Ķeguma Novads,Kegums,Ķegums
United States,USA,Oregon,Keizer,Keizer
Latvia,LVA,Ķekavas Novads,Kekava,Ķekava
Malaysia,MYS,Selangor,Kelang,Kelang
Azerbaijan,AZE,Kəlbəcər,Kalbacar,Kəlbəcər
United States,USA,Texas,Keller,Keller
Lithuania,LTU,Kelmė,Kelme,Kelmė
Chad,TCD,Tandjilé,Kelo,Kelo
Canada,CAN,British Columbia,Kelowna,Kelowna
United States,USA,Washington,Kelso,Kelso
Malaysia,MYS,Johor,Keluang,Keluang
Russia,RUS,Kareliya,Kem,Kem
Russia,RUS,Kemerovskaya Oblast’,Kemerovo,Kemerovo
Finland,FIN,Lappi,Kemi,Kemi
Finland,FIN,Lappi,Kemijarvi,Kemijärvi
Australia,AUS,New South Wales,Kempsey,Kempsey
United States,USA,Alaska,Kenai,Kenai
United States,USA,Indiana,Kendallville,Kendallville
Indonesia,IDN,Sulawesi Tenggara,Kendari,Kendari
Kenya,KEN,Homa Bay,Kendu Bay,Kendu Bay
United States,USA,Texas,Kenedy,Kenedy
Sierra Leone,SLE,Eastern,Kenema,Kenema
Congo (Kinshasa),COD,Kwango,Kenge,Kenge
United States,USA,New Jersey,Kenilworth,Kenilworth
Morocco,MAR,Rabat-Salé-Kénitra,Kenitra,Kenitra
United States,USA,Washington,Kenmore,Kenmore
United States,USA,New York,Kenmore,Kenmore
United States,USA,Texas,Kennedale,Kennedale
United States,USA,Louisiana,Kenner,Kenner
United States,USA,Georgia,Kennesaw,Kennesaw
United States,USA,Florida,Kenneth City,Kenneth City
United States,USA,Missouri,Kennett,Kennett
United States,USA,Pennsylvania,Kennett Square,Kennett Square
United States,USA,Washington,Kennewick,Kennewick
Canada,CAN,Ontario,Kenora,Kenora
United States,USA,Wisconsin,Kenosha,Kenosha
United Kingdom,GBR,Kensington and Chelsea,Kensington,Kensington
United States,USA,Washington,Kent,Kent
United States,USA,Ohio,Kent,Kent
Kazakhstan,KAZ,Ongtüstik Qazaqstan,Kentau,Kentau
United States,USA,Ohio,Kenton,Kenton
United States,USA,Michigan,Kentwood,Kentwood
United States,USA,Iowa,Keokuk,Keokuk
Malta,MLT,Kerċem,Kercem,Kerċem
Papua New Guinea,PNG,Gulf,Kerema,Kerema
Eritrea,ERI,Ānseba,Keren,Keren
"Gambia, The",GMB,North Bank,Kerewan,Kerewan
Kenya,KEN,Kericho,Kericho,Kericho
New Zealand,NZL,Northland,Kerikeri,Kerikeri
Greece,GRC,Ionía Nísia,Kerkira,Kerkira
Sudan,SDN,Northern,Kerma,Kerma
Iran,IRN,Kermān,Kerman,Kerman
United States,USA,California,Kerman,Kerman
Iran,IRN,Kermānshāh,Kermanshah,Kermanshah
United States,USA,Texas,Kermit,Kermit
United States,USA,North Carolina,Kernersville,Kernersville
Guinea,GIN,Kankan,Kerouane,Kérouané
United States,USA,Texas,Kerrville,Kerrville
Kenya,KEN,Kirinyaga,Kerugoya,Kerugoya
China,CHN,Heilongjiang,Keshan,Keshan
United States,USA,Alaska,Ketchikan,Ketchikan
United States,USA,Ohio,Kettering,Kettering
United States,USA,Illinois,Kewanee,Kewanee
United States,USA,Florida,Key Biscayne,Key Biscayne
United States,USA,Florida,Key West,Key West
United States,USA,New Jersey,Keyport,Keyport
United States,USA,West Virginia,Keyser,Keyser
United States,USA,Florida,Keystone Heights,Keystone Heights
Russia,RUS,Khabarovskiy Kray,Khabarovsk,Khabarovsk
Russia,RUS,Khabarovskiy Kray,Khakhar,Khakhar
India,IND,Andhra Pradesh,Khammam,Khammam
Russia,RUS,Sakha (Yakutiya),Khandyga,Khandyga
Russia,RUS,Khanty-Mansiyskiy Avtonomnyy Okrug-Yugra,Khanty Mansiysk,Khanty Mansiysk
Ukraine,UKR,Kharkivs’ka Oblast’,Kharkiv,Kharkiv
Sudan,SDN,Khartoum,Khartoum,Khartoum
Oman,OMN,Musandam,Khasab,Khaşab
Bulgaria,BGR,Haskovo,Khaskovo,Khaskovo
Russia,RUS,Krasnoyarskiy Kray,Khatanga,Khatanga
Algeria,DZA,Khenchela,Khenchela,Khenchela
Ukraine,UKR,Khersons’ka Oblast’,Kherson,Kherson
Russia,RUS,Zabaykal’skiy Kray,Khilok,Khilok
Uzbekistan,UZB,Xorazm,Khiwa,Khiwa
Ukraine,UKR,Khmel’nyts’ka Oblast’,Khmelnytskyy,Khmelnytskyy
Russia,RUS,Sakhalinskaya Oblast’,Kholmsk,Kholmsk
Iran,IRN,Eşfahān,Khomeini Shahr,Khomeini Shahr
Thailand,THA,Khon Kaen,Khon Kaen,Khon Kaen
Russia,RUS,Sakha (Yakutiya),Khorgo,Khorgo
Iran,IRN,Lorestān,Khorramabad,Khorramabad
Tajikistan,TJK,Kŭhistoni Badakhshon,Khorugh,Khorugh
Afghanistan,AFG,Khōst,Khost,Khōst
Kazakhstan,KAZ,Aqtöbe,Khromtau,Khromtau
Tajikistan,TJK,Sughd,Khujand,Khujand
Uzbekistan,UZB,Qoraqalpog‘iston,Khujayli,Khujayli
Bangladesh,BGD,Khulna,Khulna,Khulna
Iran,IRN,Āz̄arbāyjān-e Gharbī,Khvoy,Khvoy
Australia,AUS,New South Wales,Kiama,Kiama
Kenya,KEN,Kiambu,Kiambu,Kiambu
Tanzania,TZA,Coast,Kibaha,Kibaha
Uganda,UGA,Kibaale,Kibale,Kibale
Uganda,UGA,,Kibiito,Kibiito
Uganda,UGA,Sheema,Kibingo,Kibingo
Tanzania,TZA,Coast,Kibiti,Kibiti
Uganda,UGA,Kiboga,Kiboga,Kiboga
Uganda,UGA,Kibuku,Kibuku,Kibuku
Rwanda,RWA,Eastern Province,Kibungo,Kibungo
Rwanda,RWA,Western Province,Kibuye,Kibuye
Macedonia,MKD,Kičevo,Kicevo,Kičevo
Mali,MLI,Kidal,Kidal,Kidal
Philippines,PHL,Cotabato,Kidapawan,Kidapawan
Slovenia,SVN,Kidričevo,Kidricevo,Kidričevo
Germany,DEU,Schleswig-Holstein,Kiel,Kiel
United States,USA,Wisconsin,Kiel,Kiel
Poland,POL,Świętokrzyskie,Kielce,Kielce
Papua New Guinea,PNG,Bougainville,Kieta,Kieta
Ukraine,UKR,"Kyyiv, Misto",Kiev,Kiev
Mauritania,MRT,Assaba,Kiffa,Kiffa
Rwanda,RWA,,Kigali,Kigali
Tanzania,TZA,Kigoma,Kigoma,Kigoma
Serbia,SRB,Kikinda,Kikinda,Kikinda
Congo (Kinshasa),COD,Kwilu,Kikwit,Kikwit
"Korea, North",PRK,Hambuk,Kilchu,Kilchu
United States,USA,Texas,Kilgore,Kilgore
Kenya,KEN,Kilifi,Kilifi,Kilifi
Tanzania,TZA,Coast,Kilindoni,Kilindoni
Sri Lanka,LKA,Northern,Kilinochchi,Kilinochchi
Turkey,TUR,Kilis,Kilis,Kilis
Ireland,IRL,Kilkenny,Kilkenny,Kilkenny
United States,USA,North Carolina,Kill Devil Hills,Kill Devil Hills
Ireland,IRL,Kerry,Killarney,Killarney
United States,USA,Texas,Killeen,Killeen
United Kingdom,GBR,East Ayrshire,Kilmarnock,Kilmarnock
Tanzania,TZA,Morogoro,Kilosa,Kilosa
Australia,AUS,South Australia,Kimba,Kimba
Papua New Guinea,PNG,West New Britain,Kimbe,Kimbe
South Africa,ZAF,Northern Cape,Kimberley,Kimberley
United States,USA,Wisconsin,Kimberly,Kimberly
"Korea, North",PRK,Hambuk,Kimchaek,Kimchaek
"Korea, North",PRK,Yanggang,Kimhyonggwon,Kimhyonggwon
Canada,CAN,Nunavut,Kimmirut,Kimmirut
Congo (Kinshasa),COD,Kongo Central,Kimpese,Kimpese
Russia,RUS,Tverskaya Oblast’,Kimry,Kimry
Canada,CAN,Saskatchewan,Kindersley,Kindersley
Guinea,GIN,Kindia,Kindia,Kindia
Congo (Kinshasa),COD,Maniema,Kindu,Kindu
Russia,RUS,Ivanovskaya Oblast’,Kineshma,Kineshma
United States,USA,North Carolina,King,King
United States,USA,California,King City,King City
Australia,AUS,Queensland,Kingaroy,Kingaroy
United States,USA,Arizona,Kingman,Kingman
Australia,AUS,South Australia,Kingoonya,Kingoonya
United States,USA,North Carolina,Kings Mountain,Kings Mountain
United States,USA,New York,Kings Point,Kings Point
United States,USA,California,Kingsburg,Kingsburg
United States,USA,Georgia,Kingsland,Kingsland
United States,USA,Tennessee,Kingsport,Kingsport
Norfolk Island,NFK,,Kingston,Kingston
Australia,AUS,Tasmania,Kingston,Kingston
Canada,CAN,Ontario,Kingston,Kingston
Jamaica,JAM,,Kingston,Kingston
United States,USA,Tennessee,Kingston,Kingston
United States,USA,New York,Kingston,Kingston
United States,USA,Pennsylvania,Kingston,Kingston
Australia,AUS,South Australia,Kingston South East,Kingston South East
United Kingdom,GBR,"Kingston upon Hull, City of",Kingston upon Hull,Kingston upon Hull
United Kingdom,GBR,Kingston upon Thames,Kingston upon Thames,Kingston upon Thames
Saint Vincent And The Grenadines,VCT,Saint George,Kingstown,Kingstown
United States,USA,South Carolina,Kingstree,Kingstree
United States,USA,Texas,Kingsville,Kingsville
Congo (Brazzaville),COG,Pool,Kinkala,Kinkala
United States,USA,New Jersey,Kinnelon,Kinnelon
Congo (Kinshasa),COD,Kinshasa,Kinshasa,Kinshasa
United States,USA,North Carolina,Kinston,Kinston
Tanzania,TZA,Rukwa,Kipili,Kipili
Congo (Kinshasa),COD,Haut-Katanga,Kipushi,Kipushi
Solomon Islands,SLB,Makira and Ulawa,Kirakira,Kirakira
United States,USA,Texas,Kirby,Kirby
Russia,RUS,Irkutskaya Oblast’,Kirensk,Kirensk
Turkey,TUR,Kırıkkale,Kirikkale,Kırıkkale
Norway,NOR,Finnmark,Kirkenes,Kirkenes
United Kingdom,GBR,East Dunbartonshire,Kirkintilloch,Kirkintilloch
Faroe Islands,FRO,,Kirkja,Kirkja
United States,USA,Washington,Kirkland,Kirkland
Turkey,TUR,Kırklareli,Kirklareli,Kırklareli
Malta,MLT,Kirkop,Kirkop,Kirkop
United States,USA,Missouri,Kirksville,Kirksville
Iraq,IRQ,Kirkūk,Kirkuk,Kirkuk
United Kingdom,GBR,Orkney Islands,Kirkwall,Kirkwall
United States,USA,Missouri,Kirkwood,Kirkwood
Russia,RUS,Kaluzhskaya Oblast’,Kirov,Kirov
Russia,RUS,Kirovskaya Oblast’,Kirov,Kirov
Russia,RUS,Kirovskaya Oblast’,Kirovo-Chepetsk,Kirovo-Chepetsk
Ukraine,UKR,Kirovohrads’ka Oblast’,Kirovohrad,Kirovohrad
Russia,RUS,Murmanskaya Oblast’,Kirovsk,Kirovsk
Russia,RUS,Kirovskaya Oblast’,Kirs,Kirs
Russia,RUS,Tambovskaya Oblast’,Kirsanov,Kirsanov
Turkey,TUR,Kırşehir,Kirsehir,Kırşehir
United States,USA,Ohio,Kirtland,Kirtland
Uganda,UGA,Kiruhura,Kiruhura,Kiruhura
Sweden,SWE,Norrbotten,Kiruna,Kiruna
Burundi,BDI,Kirundo,Kirundo,Kirundo
Uganda,UGA,Kiryandongo,Kiryandongo,Kiryandongo
United States,USA,New York,Kiryas Joel,Kiryas Joel
Congo (Kinshasa),COD,Tshopo,Kisangani,Kisangani
Russia,RUS,Kemerovskaya Oblast’,Kiselevsk,Kiselevsk
Kazakhstan,KAZ,Soltüstik Qazaqstan,Kishkenekol,Kishkenekol
Kenya,KEN,Kisii,Kisii,Kisii
Russia,RUS,Stavropol’skiy Kray,Kislovodsk,Kislovodsk
Somalia,SOM,Jubbada Hoose,Kismaayo,Kismaayo
Uganda,UGA,Kisoro,Kisoro,Kisoro
Guinea,GIN,Faranah,Kissidougou,Kissidougou
United States,USA,Florida,Kissimmee,Kissimmee
Kenya,KEN,Kisumu,Kisumu,Kisumu
Mali,MLI,Kayes,Kita,Kita
Japan,JPN,Fukuoka,Kitakyushu,Kitakyūshū
Kenya,KEN,Trans Nzoia,Kitale,Kitale
Japan,JPN,Hokkaidō,Kitami,Kitami
Uganda,UGA,Buvuma,Kitamilo,Kitamilo
Canada,CAN,Ontario,Kitchener,Kitchener
Uganda,UGA,Kitgum,Kitgum,Kitgum
United States,USA,Pennsylvania,Kittanning,Kittanning
Kenya,KEN,Kitui,Kitui,Kitui
Zambia,ZMB,Copperbelt,Kitwe,Kitwe
Russia,RUS,Permskiy Kray,Kizel,Kizel
Serbia,SRB,Kladovo,Kladovo,Kladovo
Austria,AUT,Kärnten,Klagenfurt,Klagenfurt
Lithuania,LTU,Klaipėdos Miestas,Klaipeda,Klaipėda
Faroe Islands,FRO,,Klaksvik,Klaksvík
United States,USA,Oregon,Klamath Falls,Klamath Falls
South Africa,ZAF,North West,Klerksdorp,Klerksdorp
Russia,RUS,Moskovskaya Oblast’,Klin,Klin
Kosovo,XKS,Klinë,Kline,Klinë
Russia,RUS,Bryanskaya Oblast’,Klintsy,Klintsy
Kosovo,XKS,Kllokot,Kllokot,Kllokot
Russia,RUS,Kamchatskiy Kray,Klyuchi,Klyuchi
Serbia,SRB,Knić,Knic,Knić
United States,USA,North Carolina,Knightdale,Knightdale
Serbia,SRB,Knjaževac,Knjazevac,Knjaževac
United Kingdom,GBR,Knowsley,Knowsley,Knowsley
United States,USA,Tennessee,Knoxville,Knoxville
United States,USA,Iowa,Knoxville,Knoxville
South Africa,ZAF,Western Cape,Knysna,Knysna
Tanzania,TZA,Zanzibar Central/South,Koani,Koani
Slovenia,SVN,Kobarid,Kobarid,Kobarid
Japan,JPN,Hyōgo,Kobe,Kōbe
Denmark,DNK,Hovedstaden,Kobenhavn,København
Slovenia,SVN,Kobilje,Kobilje,Kobilje
Germany,DEU,Rhineland-Palatinate,Koblenz,Koblenz
Uganda,UGA,Koboko,Koboko,Koboko
Macedonia,MKD,Kočani,Kocani,Kočani
Serbia,SRB,Koceljeva,Koceljeva,Koceljeva
Latvia,LVA,Kocēnu Novads,Koceni,Kocēni
Slovenia,SVN,Kočevje,Kocevje,Kočevje
India,IND,Kerala,Kochi,Kochi
Japan,JPN,Kōchi,Kochi,Kōchi
United States,USA,Alaska,Kodiak,Kodiak
Russia,RUS,Krasnoyarskiy Kray,Kodinskiy,Kodinskiy
Ghana,GHA,Eastern,Koforidua,Koforidua
Japan,JPN,Yamanashi,Kofu,Kōfu
Uzbekistan,UZB,Buxoro,Kogon,Kogon
Pakistan,PAK,Khyber Pakhtunkhwa,Kohat,Kohat
India,IND,Nāgāland,Kohima,Kohima
Estonia,EST,Ida-Virumaa,Kohtla-Jarve,Kohtla-Järve
Sierra Leone,SLE,Eastern,Koidu,Koidu
Kyrgyzstan,KGZ,Jalal-Abad,Kok Yangak,Kok Yangak
Finland,FIN,Keski-Pohjanmaa,Kokkola,Kokkola
Latvia,LVA,Kokneses Novads,Koknese,Koknese
Nigeria,NGA,Kebbi,Koko,Koko
United States,USA,Indiana,Kokomo,Kokomo
Kazakhstan,KAZ,Aqmola,Kokshetau,Kokshetau
China,CHN,Xinjiang,Koktokay,Koktokay
India,IND,Karnātaka,Kolar,Kolar
Montenegro,MNE,Kolašin,Kolasin,Kolašin
Senegal,SEN,Kolda,Kolda,Kolda
Uganda,UGA,Kole,Kole,Kole
India,IND,Mahārāshtra,Kolhapur,Kolhapur
India,IND,West Bengal,Kolkata,Kolkata
India,IND,Kerala,Kollam,Kollam
Russia,RUS,Moskovskaya Oblast’,Kolomna,Kolomna
"Micronesia, Federated States Of",FSM,Pohnpei,Kolonia,Kolonia
Russia,RUS,Tomskaya Oblast’,Kolpashevo,Kolpashevo
Russia,RUS,Sankt-Peterburg,Kolpino,Kolpino
Congo (Kinshasa),COD,Lualaba,Kolwezi,Kolwezi
Egypt,EGY,Aswān,Kom Ombo,Kom Ombo
Greece,GRC,Anatolikí Makedonía kai Thráki,Komatini,Komatini
South Africa,ZAF,Mpumalanga,Komatipoort,Komatipoort
Burkina Faso,BFA,Centre-Sud,Kombissiri,Kombissiri
Slovenia,SVN,Komen,Komen,Komen
Slovenia,SVN,Komenda,Komenda,Komenda
Cambodia,KHM,Kampong Chhnang,Kompong Chhnang,Kompong Chhnang
Russia,RUS,Krasnoyarskiy Kray,Komsa,Komsa
Kazakhstan,KAZ,Qostanay,Komsomolets,Komsomolets
Russia,RUS,Khabarovskiy Kray,Komsomolsk na Amure,Komsomolsk na Amure
Vietnam,VNM,Kon Tum,Kon Tum,Kon Tum
Vietnam,VNM,Kon Tum,Kon Tum,Kon Tum
Macedonia,MKD,Konče,Konce,Konče
Russia,RUS,Kareliya,Kondopoga,Kondopoga
Afghanistan,AFG,Kunduz,Kondoz,Kondoz
New Caledonia,NCL,Province Nord,Kone,Koné
Turkmenistan,TKM,,Koneurgench,Koneurgench
Congo (Kinshasa),COD,Tanganyika,Kongolo,Kongolo
Tajikistan,TJK,Sughd,Konibodom,Konibodom
Ukraine,UKR,Sums’ka Oblast’,Konotop,Konotop
Nigeria,NGA,Niger,Kontagora,Kontagora
Cameroon,CMR,Adamaoua,Kontcha,Kontcha
Turkey,TUR,Konya,Konya,Konya
Kenya,KEN,Machakos,Konza,Konza
Slovenia,SVN,Koper,Koper,Koper
Croatia,HRV,Koprivničko-Križevačka Županija,Koprivnica,Koprivnica
Albania,ALB,Korçë,Korce,Korçë
Russia,RUS,Kamchatskiy Kray,Korf,Korf
Côte D’Ivoire,CIV,Savanes,Korhogo,Korhogo
Japan,JPN,Fukushima,Koriyama,Kōriyama
China,CHN,Xinjiang,Korla,Korla
Tanzania,TZA,Tanga,Korogwe,Korogwe
Philippines,PHL,South Cotabato,Koronadal,Koronadal
Palau,PLW,,Koror,Koror
Ukraine,UKR,Zhytomyrs’ka Oblast’,Korosten,Korosten
Russia,RUS,Sakhalinskaya Oblast’,Korsakov,Korsakov
Greece,GRC,Notío Aigaío,Kos,Kos
United States,USA,Mississippi,Kosciusko,Kosciusko
Slovakia,SVK,Košický,Kosice,Košice
Serbia,SRB,Kosjerić,Kosjeric,Kosjerić
Slovenia,SVN,Kostanjevica na Krki,Kostanjevica na Krki,Kostanjevica na Krki
Slovenia,SVN,Kostel,Kostel,Kostel
Sudan,SDN,White Nile,Kosti,Kosti
Russia,RUS,Kostromskaya Oblast’,Kostroma,Kostroma
Poland,POL,Zachodniopomorskie,Koszalin,Koszalin
India,IND,Rājasthān,Kota,Kota
Malaysia,MYS,Kelantan,Kota Baharu,Kota Baharu
Malaysia,MYS,Sabah,Kota Kinabalu,Kota Kinabalu
Indonesia,IDN,Lampung,Kotabumi,Kotabumi
Russia,RUS,Kirovskaya Oblast’,Kotelnich,Kotelnich
Uganda,UGA,Kotido,Kotido,Kotido
Russia,RUS,Arkhangel’skaya Oblast’,Kotlas,Kotlas
Montenegro,MNE,Kotor,Kotor,Kotor
Russia,RUS,Tambovskaya Oblast’,Kotovsk,Kotovsk
Burkina Faso,BFA,Centre-Ouest,Koudougou,Koudougou
Gabon,GAB,Ogooué-Lolo,Koulamoutou,Koulamoutou
Mali,MLI,Koulikoro,Koulikoro,Koulikoro
Chad,TCD,Mandoul,Koumra,Koumra
Guinea,GIN,Boké,Koundara,Koundara
Burkina Faso,BFA,Centre-Est,Koupela,Koupéla
French Guiana,GUF,,Kourou,Kourou
Guinea,GIN,Kankan,Kouroussa,Kouroussa
Mali,MLI,Sikasso,Koutiala,Koutiala
Finland,FIN,Kymenlaakso,Kouvola,Kouvola
Serbia,SRB,Kovačica,Kovacica,Kovačica
Russia,RUS,Murmanskaya Oblast’,Kovda,Kovda
Ukraine,UKR,Volyns’ka Oblast’,Kovel,Kovel
Serbia,SRB,Kovin,Kovin,Kovin
Russia,RUS,Vladimirskaya Oblast’,Kovrov,Kovrov
Greece,GRC,Dytikí Makedonía,Kozani,Kozáni
India,IND,Kerala,Kozhikode,Kozhikode
Slovenia,SVN,Hrpelje-Kozina,Kozina,Kozina
Slovenia,SVN,Kozje,Kozje,Kozje
Togo,TGO,,Kpalime,Kpalimé
Thailand,THA,Krabi,Krabi,Krabi
Cambodia,KHM,Kratie,Kracheh,Kracheh
Serbia,SRB,Kragujevac,Kragujevac,Kragujevac
Poland,POL,Małopolskie,Krakow,Kraków
Serbia,SRB,Kraljevo,Kraljevo,Kraljevo
Ukraine,UKR,Donets’ka Oblast’,Kramatorsk,Kramatorsk
Slovenia,SVN,Kranj,Kranj,Kranj
Slovenia,SVN,Kranjska Gora,Kranjska Gora,Kranjska Gora
Croatia,HRV,Krapinsko-Zagorska Županija,Krapina,Krapina
Latvia,LVA,Krāslavas Novads,Kraslava,Krāslava
Russia,RUS,Saratovskaya Oblast’,Krasnoarmeysk,Krasnoarmeysk
Russia,RUS,Krasnodarskiy Kray,Krasnodar,Krasnodar
Russia,RUS,Sakhalinskaya Oblast’,Krasnogorsk,Krasnogorsk
Russia,RUS,Zabaykal’skiy Kray,Krasnokamensk,Krasnokamensk
Russia,RUS,Permskiy Kray,Krasnokamsk,Krasnokamsk
Russia,RUS,Sverdlovskaya Oblast’,Krasnoturinsk,Krasnoturinsk
Russia,RUS,Sverdlovskaya Oblast’,Krasnoufimsk,Krasnoufimsk
Russia,RUS,Sverdlovskaya Oblast’,Krasnouralsk,Krasnouralsk
Russia,RUS,Krasnoyarskiy Kray,Krasnoyarsk,Krasnoyarsk
Macedonia,MKD,Kratovo,Kratovo,Kratovo
Ukraine,UKR,Poltavs’ka Oblast’,Kremenchuk,Kremenchuk
Lithuania,LTU,Kretinga,Kretinga,Kretinga
Cameroon,CMR,Sud,Kribi,Kribi
India,IND,West Bengal,Krishnanagar,Krishnanagar
Norway,NOR,Vest-Agder,Kristiansand,Kristiansand
Sweden,SWE,Skåne,Kristianstad,Kristianstad
Macedonia,MKD,Kriva Palanka,Kriva Palanka,Kriva Palanka
Macedonia,MKD,Krivogaštani,Krivogastani,Krivogaštani
Slovenia,SVN,Križevci,Krizevci pri Ljutomeru,Križevci pri Ljutomeru
United States,USA,Wisconsin,Kronenwetter,Kronenwetter
Cambodia,KHM,Kep,Krong Kep,Krong Kep
Cambodia,KHM,Koh Kong,Krong Koh Kong,Krong Koh Kong
South Africa,ZAF,Free State,Kroonstad,Kroonstad
Russia,RUS,Krasnodarskiy Kray,Kropotkin,Kropotkin
Slovenia,SVN,Krško,Krsko,Krško
Albania,ALB,Durrës,Kruje,Krujë
United States,USA,Texas,Krum,Krum
Serbia,SRB,Krupanj,Krupanj,Krupanj
Serbia,SRB,Kruševac,Krusevac,Kruševac
Macedonia,MKD,Kruševo,Krusevo,Kruševo
Ukraine,UKR,Dnipropetrovs’ka Oblast’,Kryvyy Rih,Kryvyy Rih
Morocco,MAR,Tanger-Tétouan-Al Hoceïma,Ksar El Kebir,Ksar El Kebir
South Sudan,SSD,Warrap,Kuacjok,Kuacjok
Malaysia,MYS,Pahang,Kuala Lipis,Kuala Lipis
Malaysia,MYS,Kuala Lumpur ,Kuala Lumpur,Kuala Lumpur
Malaysia,MYS,Terengganu,Kuala Terengganu,Kuala Terengganu
Indonesia,IDN,Kalimantan Tengah,Kualakapuas,Kualakapuas
Malaysia,MYS,Pahang,Kuantan,Kuantan
Serbia,SRB,Kučevo,Kucevo,Kučevo
Malaysia,MYS,Sarawak,Kuching,Kuching
Maldives,MDV,,Kudahuvadhoo,Kudahuvadhoo
Russia,RUS,Permskiy Kray,Kudymkar,Kudymkar
Canada,CAN,Nunavut,Kugluktuk,Kugluktuk
Angola,AGO,Bié,Kuito,Kuito
Albania,ALB,Kukës,Kukes,Kukës
Serbia,SRB,Kula,Kula,Kula
Latvia,LVA,Kuldīgas Novads,Kuldiga,Kuldīga
Maldives,MDV,,Kulhudhuffushi,Kulhudhuffushi
Greenland,GRL,Qaasuitsup,Kullorsuaq,Kullorsuaq
Tajikistan,TJK,Khatlon,Kulob,Kulob
Russia,RUS,Altayskiy Kray,Kulunda,Kulunda
Greenland,GRL,Sermersooq,Kulusuk,Kulusuk
Japan,JPN,Kumamoto,Kumamoto,Kumamoto
Macedonia,MKD,Kumanovo,Kumanovo,Kumanovo
Ghana,GHA,Ashanti,Kumasi,Kumasi
Cameroon,CMR,South-West,Kumba,Kumba
India,IND,Tamil Nādu ,Kumbakonam,Kumbakonam
Cameroon,CMR,North-West,Kumbo,Kumbo
Russia,RUS,Bashkortostan,Kumertau,Kumertau
Uganda,UGA,Kumi,Kumi,Kumi
Nigeria,NGA,Gombe,Kumo,Kumo
United States,USA,Idaho,Kuna,Kuna
Pakistan,PAK,Punjab,Kundian,Kundian
Papua New Guinea,PNG,Chimbu,Kundiawa,Kundiawa
Russia,RUS,Permskiy Kray,Kungur,Kungur
China,CHN,Yunnan,Kunming,Kunming
Faroe Islands,FRO,,Kunoy,Kunoy
Australia,AUS,Western Australia,Kununurra,Kununurra
Finland,FIN,Pohjois-Savo,Kuopio,Kuopio
Indonesia,IDN,Nusa Tenggara Timur,Kupang,Kupang
Russia,RUS,Novosibirskaya Oblast’,Kupina,Kupina
Lithuania,LTU,Kupiškis,Kupiskis,Kupiškis
Ukraine,UKR,Kharkivs’ka Oblast’,Kupyansk,Kupyansk
China,CHN,Xinjiang,Kuqa,Kuqa
Azerbaijan,AZE,Kürdəmir,Kurdamir,Kürdəmir
Japan,JPN,Hiroshima,Kure,Kure
Estonia,EST,Saaremaa,Kuressaare,Kuressaare
Russia,RUS,Kurganskaya Oblast’,Kurgan,Kurgan
India,IND,Andhra Pradesh,Kurnool,Kurnool
Russia,RUS,Kurskaya Oblast’,Kursk,Kursk
Serbia,SRB,Kuršumlija,Kursumlija,Kuršumlija
Russia,RUS,Kurganskaya Oblast’,Kurtamysh,Kurtamysh
South Africa,ZAF,Northern Cape,Kuruman,Kuruman
Japan,JPN,Hokkaidō,Kushiro,Kushiro
Indonesia,IDN,Bali,Kuta,Kuta
Turkey,TUR,Kütahya,Kutahya,Kütahya
Georgia,GEO,Imereti,Kutaisi,Kutaisi
United States,USA,Pennsylvania,Kutztown,Kutztown
Canada,CAN,Québec,Kuujjuaq,Kuujjuaq
Kuwait,KWT,,Kuwait,Kuwait
Tajikistan,TJK,Khatlon,Kuybyshevskiy,Kuybyshevskiy
Slovenia,SVN,Kuzma,Kuzma,Kuzma
Russia,RUS,Penzenskaya Oblast’,Kuznetsk,Kuznetsk
Faroe Islands,FRO,,Kvivik,Kvívík
Kenya,KEN,Kwale,Kwale,Kwale
Zimbabwe,ZWE,Midlands,Kwekwe,Kwekwe
Australia,AUS,Western Australia,Kwinana,Kwinana
Russia,RUS,Buryatiya,Kyakhta,Kyakhta
Uganda,UGA,Kyankwanzi,Kyankwanzi,Kyankwanzi
Burma,MMR,Rakhine State,Kyaukphyu,Kyaukphyu
Uganda,UGA,Kyegegwa,Kyegegwa,Kyegegwa
Uganda,UGA,Kyenjojo,Kyenjojo,Kyenjojo
United States,USA,Texas,Kyle,Kyle
Japan,JPN,Kyōto,Kyoto,Kyoto
Cyprus,CYP,Kerýneia,Kyrenia,Kyrenia
Russia,RUS,Chelyabinskaya Oblast’,Kyshtym,Kyshtym
Bulgaria,BGR,Kyustendil,Kyustendil,Kyustendil
Russia,RUS,Tyva,Kyzyl,Kyzyl
Venezuela,VEN,Nueva Esparta,La Asuncion,La Asunción
Mexico,MEX,Jalisco,La Barca,La Barca
United States,USA,California,La Canada Flintridge,La Cañada Flintridge
Honduras,HND,Atlántida,La Ceiba,La Ceiba
Panama,PAN,Panamá Oeste,La Chorrera,La Chorrera
Spain,ESP,Galicia,La Coruna,La Coruña
United States,USA,Minnesota,La Crescent,La Crescent
United States,USA,Wisconsin,La Crosse,La Crosse
Mexico,MEX,Sinaloa,La Cruz,La Cruz
Costa Rica,CRI,Guanacaste,La Cruz,La Cruz
Venezuela,VEN,Amazonas,La Esmeralda,La Esmeralda
Honduras,HND,Intibucá,La Esperanza,La Esperanza
United States,USA,Texas,La Feria,La Feria
United States,USA,Oregon,La Grande,La Grande
United States,USA,Texas,La Grange,La Grange
United States,USA,Illinois,La Grange,La Grange
United States,USA,Georgia,La Grange,La Grange
United States,USA,Kentucky,La Grange,La Grange
United States,USA,Illinois,La Grange Park,La Grange Park
Venezuela,VEN,Vargas,La Guaira,La Guaira
United States,USA,California,La Habra,La Habra
United States,USA,California,La Habra Heights,La Habra Heights
United States,USA,Colorado,La Junta,La Junta
Guatemala,GTM,Petén,La Libertad,La Libertad
Chile,CHL,Valparaíso,La Ligua,La Ligua
United States,USA,Texas,La Marque,La Marque
Andorra,AND,La Massana,La Massana,La Massana
United States,USA,California,La Mesa,La Mesa
United States,USA,California,La Mirada,La Mirada
Peru,PER,Junín,La Oroya,La Oroya
Panama,PAN,Darién,La Palma,La Palma
United States,USA,California,La Palma,La Palma
Uruguay,URY,Rocha,La Paloma,La Paloma
Mexico,MEX,Baja California Sur,La Paz,La Paz
Argentina,ARG,Mendoza,La Paz,La Paz
Bolivia,BOL,La Paz,La Paz,La Paz
Honduras,HND,La Paz,La Paz,La Paz
Argentina,ARG,Buenos Aires,La Plata,La Plata
United States,USA,Maryland,La Plata,La Plata
United States,USA,Texas,La Porte,La Porte
United States,USA,California,La Puente,La Puente
United States,USA,California,La Quinta,La Quinta
Argentina,ARG,La Rioja,La Rioja,La Rioja
France,FRA,Nouvelle-Aquitaine,La Rochelle,La Rochelle
Dominican Republic,DOM,Yuma,La Romana,La Romana
Canada,CAN,Saskatchewan,La Ronge,La Ronge
United States,USA,Illinois,La Salle,La Salle
Canada,CAN,Québec,La Sarre,La Sarre
Canada,CAN,Newfoundland and Labrador,La Scie,La Scie
Chile,CHL,Coquimbo,La Serena,La Serena
Philippines,PHL,Benguet,La Trinidad,La Trinidad
El Salvador,SLV,La Unión,La Union,La Unión
Chile,CHL,Los Ríos,La Union,La Unión
Dominican Republic,DOM,Cibao Sur,La Vega,La Vega
United States,USA,Tennessee,La Vergne,La Vergne
United States,USA,California,La Verne,La Verne
Paraguay,PRY,Alto Paraguay,La Victoria,La Victoria
United States,USA,Nebraska,La Vista,La Vista
Somalia,SOM,Sool,Laascaanood,Laascaanood
Fiji,FJI,Macuata,Labasa,Labasa
Guinea,GIN,Labé,Labe,Labé
United States,USA,Florida,LaBelle,LaBelle
Russia,RUS,Krasnodarskiy Kray,Labinsk,Labinsk
Burma,MMR,Ayeyawady,Labutta,Labutta
Canada,CAN,Alberta,Lac La Biche,Lac La Biche
United States,USA,Washington,Lacey,Lacey
Azerbaijan,AZE,Laçın,Lacin,Laçın
United States,USA,New York,Lackawanna,Lackawanna
United States,USA,New Hampshire,Laconia,Laconia
United States,USA,Texas,Lacy-Lakeview,Lacy-Lakeview
United States,USA,Missouri,Ladue,Ladue
United States,USA,Florida,Lady Lake,Lady Lake
South Africa,ZAF,KwaZulu-Natal,Ladysmith,Ladysmith
Papua New Guinea,PNG,Morobe,Lae,Lae
United States,USA,Louisiana,Lafayette,Lafayette
United States,USA,Tennessee,Lafayette,Lafayette
United States,USA,California,Lafayette,Lafayette
United States,USA,Colorado,Lafayette,Lafayette
United States,USA,Georgia,LaFayette,LaFayette
United States,USA,Indiana,Lafayette,Lafayette
Nigeria,NGA,Nasarawa,Lafia,Lafia
United States,USA,Tennessee,LaFollette,LaFollette
Philippines,PHL,Ifugao,Lagawe,Lagawe
Algeria,DZA,Laghouat,Laghouat,Laghouat
United States,USA,Texas,Lago Vista,Lago Vista
Nigeria,NGA,Lagos,Lagos,Lagos
Mexico,MEX,Jalisco,Lagos de Moreno,Lagos de Moreno
Brazil,BRA,Santa Catarina,Laguna,Laguna
United States,USA,California,Laguna Beach,Laguna Beach
United States,USA,California,Laguna Hills,Laguna Hills
United States,USA,California,Laguna Niguel,Laguna Niguel
United States,USA,California,Laguna Woods,Laguna Woods
Chile,CHL,Tarapacá,Lagunas,Lagunas
Malaysia,MYS,Sabah,Lahad Datu,Lahad Datu
Indonesia,IDN,Sumatera Selatan,Lahat,Lahat
Yemen,YEM,Laḩij,Lahij,Lahij
Pakistan,PAK,Punjab,Lahore,Lahore
Finland,FIN,Päijät-Häme,Lahti,Lahti
Chad,TCD,Tandjilé,Lai,Laï
Vietnam,VNM,Lai Châu,Lai Chau,Lai Châu
China,CHN,Shandong,Laiwu,Laiwu
China,CHN,Shandong,Laiyang,Laiyang
Brazil,BRA,Santa Catarina,Lajes,Lajes
Serbia,SRB,Lajkovac,Lajkovac,Lajkovac
Vanuatu,VUT,Malampa,Lakatoro,Lakatoro
United States,USA,Florida,Lake Alfred,Lake Alfred
United States,USA,Illinois,Lake Bluff,Lake Bluff
United States,USA,Louisiana,Lake Charles,Lake Charles
United States,USA,Florida,Lake City,Lake City
United States,USA,Minnesota,Lake City,Lake City
United States,USA,South Carolina,Lake City,Lake City
United States,USA,Texas,Lake Dallas,Lake Dallas
United States,USA,Wisconsin,Lake Delton,Lake Delton
United States,USA,Minnesota,Lake Elmo,Lake Elmo
United States,USA,California,Lake Elsinore,Lake Elsinore
United States,USA,California,Lake Forest,Lake Forest
United States,USA,Illinois,Lake Forest,Lake Forest
United States,USA,Washington,Lake Forest Park,Lake Forest Park
United States,USA,Wisconsin,Lake Geneva,Lake Geneva
United States,USA,New York,Lake Grove,Lake Grove
United States,USA,Wisconsin,Lake Hallie,Lake Hallie
United States,USA,Arizona,Lake Havasu City,Lake Havasu City
United States,USA,Illinois,Lake in the Hills,Lake in the Hills
United States,USA,Texas,Lake Jackson,Lake Jackson
Canada,CAN,Alberta,Lake Louise,Lake Louise
United States,USA,Florida,Lake Mary,Lake Mary
United States,USA,Wisconsin,Lake Mills,Lake Mills
United States,USA,Oregon,Lake Oswego,Lake Oswego
United States,USA,Florida,Lake Park,Lake Park
United States,USA,Florida,Lake Placid,Lake Placid
United States,USA,Missouri,Lake Saint Louis,Lake Saint Louis
United States,USA,Indiana,Lake Station,Lake Station
United States,USA,Washington,Lake Stevens,Lake Stevens
United States,USA,Illinois,Lake Villa,Lake Villa
United States,USA,Florida,Lake Wales,Lake Wales
United States,USA,Florida,Lake Worth,Lake Worth
United States,USA,Illinois,Lake Zurich,Lake Zurich
United States,USA,Florida,Lakeland,Lakeland
United States,USA,Tennessee,Lakeland,Lakeland
United States,USA,Illinois,Lakemoor,Lakemoor
United States,USA,California,Lakeport,Lakeport
United States,USA,Minnesota,Lakeville,Lakeville
United States,USA,Texas,Lakeway,Lakeway
United States,USA,Washington,Lakewood,Lakewood
United States,USA,California,Lakewood,Lakewood
United States,USA,Colorado,Lakewood,Lakewood
United States,USA,Ohio,Lakewood,Lakewood
Nepal,NPL,,Lalitpur,Lalitpur
Laos,LAO,Xékong,Lamam,Lamam
United States,USA,Colorado,Lamar,Lamar
Peru,PER,San Martín,Lamas,Lamas
Gabon,GAB,Moyen-Ogooué,Lambarene,Lambaréné
United Kingdom,GBR,Lambeth,Lambeth,Lambeth
United States,USA,Texas,Lamesa,Lamesa
Greece,GRC,Stereá Elláda,Lamia,Lamia
Thailand,THA,Lampang,Lampang,Lampang
United States,USA,Texas,Lampasas,Lampasas
Thailand,THA,Lamphun,Lamphun,Lamphun
Kenya,KEN,Lamu,Lamu,Lamu
Uganda,UGA,Lamwo,Lamwo,Lamwo
United States,USA,Texas,Lancaster,Lancaster
United States,USA,New York,Lancaster,Lancaster
United States,USA,Pennsylvania,Lancaster,Lancaster
United States,USA,California,Lancaster,Lancaster
United States,USA,Ohio,Lancaster,Lancaster
United States,USA,South Carolina,Lancaster,Lancaster
United States,USA,Wyoming,Lander,Lander
United States,USA,Alabama,Lanett,Lanett
Vietnam,VNM,Lạng Sơn,Lang Son,Lạng Sơn
China,CHN,Hebei,Langfang,Langfang
Indonesia,IDN,Aceh,Langsa,Langsa
China,CHN,Sichuan,Langzhong,Langzhong
Azerbaijan,AZE,Lənkəran,Lankaran,Lankaran
United States,USA,Pennsylvania,Lansdale,Lansdale
United States,USA,Pennsylvania,Lansdowne,Lansdowne
Canada,CAN,Ontario,Lansdowne House,Lansdowne House
United States,USA,Illinois,Lansing,Lansing
United States,USA,Michigan,Lansing,Lansing
United States,USA,Kansas,Lansing,Lansing
United States,USA,Florida,Lantana,Lantana
China,CHN,Heilongjiang,Lanxi,Lanxi
China,CHN,Gansu,Lanzhou,Lanzhou
Vietnam,VNM,Lào Cai,Lao Chi,Lao Chi
Philippines,PHL,Ilocos Norte,Laoag,Laoag
Brazil,BRA,Paraná,Lapa,Lapa
United States,USA,Michigan,Lapeer,Lapeer
United States,USA,Indiana,LaPorte,LaPorte
Serbia,SRB,Lapovo,Lapovo,Lapovo
Finland,FIN,Etelä-Karjala,Lappeenranta,Lappeenranta
Philippines,PHL,Lapu-Lapu,Lapu-Lapu City,Lapu-Lapu City
Italy,ITA,Abruzzo,L'Aquila,L'Aquila
Morocco,MAR,Tanger-Tétouan-Al Hoceïma,Larache,Larache
United States,USA,Wyoming,Laramie,Laramie
United States,USA,New York,Larchmont,Larchmont
United States,USA,Texas,Laredo,Laredo
United States,USA,Florida,Largo,Largo
Tunisia,TUN,L’Ariana,L'Ariana,L'Ariana
Greece,GRC,Thessalía,Larissa,Larissa
Pakistan,PAK,Sindh,Larkana,Larkana
United States,USA,California,Larkspur,Larkspur
Cyprus,CYP,Lárnaka,Larnaka,Larnaka
Russia,RUS,Khanty-Mansiyskiy Avtonomnyy Okrug-Yugra,Laryak,Laryak
United States,USA,New Mexico,Las Cruces,Las Cruces
Argentina,ARG,Mendoza,Las Heras,Las Heras
Argentina,ARG,Neuquén,Las Lajas,Las Lajas
Argentina,ARG,Formosa,Las Lomitas,Las Lomitas
Spain,ESP,Canary Islands,Las Palmas,Las Palmas
Panama,PAN,Los Santos,Las Tablas,Las Tablas
Cuba,CUB,Las Tunas,Las Tunas,Las Tunas
United States,USA,New Mexico,Las Vegas,Las Vegas
United States,USA,Nevada,Las Vegas,Las Vegas
Uruguay,URY,Rocha,Lascano,Lascano
Afghanistan,AFG,Helmand,Lashkar Gah,Lashkar Gah
Slovenia,SVN,Laško,Lasko,Laško
Solomon Islands,SLB,Temotu,Lata,Lata
Ecuador,ECU,Cotopaxi,Latacunga,Latacunga
United States,USA,California,Lathrop,Lathrop
United States,USA,Pennsylvania,Latrobe,Latrobe
India,IND,Mahārāshtra,Latur,Latur
United States,USA,Florida,Lauderdale Lakes,Lauderdale Lakes
United States,USA,Florida,Lauderdale-by-the-Sea,Lauderdale-by-the-Sea
United States,USA,Florida,Lauderhill,Lauderhill
Australia,AUS,Tasmania,Launceston,Launceston
United States,USA,Maryland,Laurel,Laurel
United States,USA,Montana,Laurel,Laurel
United States,USA,Mississippi,Laurel,Laurel
United States,USA,South Carolina,Laurens,Laurens
United States,USA,North Carolina,Laurinburg,Laurinburg
United States,USA,Michigan,Laurium,Laurium
Switzerland,CHE,Vaud,Lausanne,Lausanne
Fiji,FJI,Ba,Lautoka,Lautoka
Australia,AUS,Western Australia,Laverton,Laverton
Brazil,BRA,Minas Gerais,Lavras,Lavras
Russia,RUS,Chukotskiy Avtonomnyy Okrug,Lavrentiya,Lavrentiya
United States,USA,California,Lawndale,Lawndale
United States,USA,New York,Lawrence,Lawrence
United States,USA,Indiana,Lawrence,Lawrence
United States,USA,Massachusetts,Lawrence,Lawrence
United States,USA,Kansas,Lawrence,Lawrence
United States,USA,Tennessee,Lawrenceburg,Lawrenceburg
United States,USA,Indiana,Lawrenceburg,Lawrenceburg
United States,USA,Kentucky,Lawrenceburg,Lawrenceburg
United States,USA,Illinois,Lawrenceville,Lawrenceville
United States,USA,Georgia,Lawrenceville,Lawrenceville
United States,USA,Oklahoma,Lawton,Lawton
United States,USA,Utah,Layton,Layton
Mexico,MEX,Michoacán de Ocampo,Lazaro Cardenas,Lázaro Cárdenas
Lithuania,LTU,Lazdijai,Lazdijai,Lazdijai
France,FRA,Normandie,Le Havre,Le Havre
France,FRA,Pays de la Loire,Le Mans,Le Mans
United States,USA,Iowa,Le Mars,Le Mars
United States,USA,Colorado,Leadville,Leadville
United States,USA,Texas,League City,League City
United States,USA,Texas,Leander,Leander
Wallis And Futuna,WLF,Sigave,Leava,Leava
United States,USA,Kansas,Leavenworth,Leavenworth
United States,USA,Kansas,Leawood,Leawood
Serbia,SRB,Lebane,Lebane,Lebane
United States,USA,New Hampshire,Lebanon,Lebanon
United States,USA,Tennessee,Lebanon,Lebanon
United States,USA,Pennsylvania,Lebanon,Lebanon
United States,USA,Indiana,Lebanon,Lebanon
United States,USA,Ohio,Lebanon,Lebanon
United States,USA,Missouri,Lebanon,Lebanon
United States,USA,Kentucky,Lebanon,Lebanon
United States,USA,Oregon,Lebanon,Lebanon
South Africa,ZAF,Limpopo,Lebowakgomo,Lebowakgomo
Chile,CHL,Biobío,Lebu,Lebu
Italy,ITA,Puglia,Lecce,Lecce
United Kingdom,GBR,Leeds,Leeds,Leeds
United States,USA,Alabama,Leeds,Leeds
United States,USA,Missouri,Lees Summit,Lees Summit
United States,USA,Virginia,Leesburg,Leesburg
United States,USA,Florida,Leesburg,Leesburg
United States,USA,Louisiana,Leesville,Leesville
Australia,AUS,New South Wales,Leeton,Leeton
Netherlands,NLD,Fryslân,Leeuwarden,Leeuwarden
Philippines,PHL,Albay,Legazpi,Legazpi
United States,USA,Utah,Lehi,Lehi
United States,USA,Pennsylvania,Lehighton,Lehighton
Botswana,BWA,,Lehututu,Lehututu
United Kingdom,GBR,Leicester,Leicester,Leicester
Norway,NOR,Sogn og Fjordane,Leikanger,Leikanger
Germany,DEU,Saxony,Leipzig,Leipzig
Portugal,PRT,Leiria,Leiria,Leiria
United States,USA,Kentucky,Leitchfield,Leitchfield
United States,USA,North Carolina,Leland,Leland
Suriname,SUR,Wanica,Lelydorp,Lelydorp
Netherlands,NLD,Flevoland,Lelystad,Lelystad
United States,USA,California,Lemon Grove,Lemon Grove
United States,USA,Illinois,Lemont,Lemont
United States,USA,California,Lemoore,Lemoore
Cyprus,CYP,Lemesós,Lemosos,Lemosos
Slovenia,SVN,Lenart,Lenart v Slovenskih Goricah,Lenart v Slovenskih Goricah
Slovenia,SVN,Lendava,Lendava,Lendava
United States,USA,Kansas,Lenexa,Lenexa
Kazakhstan,KAZ,Ongtüstik Qazaqstan,Lenger,Lenger
Russia,RUS,Tatarstan,Leninogorsk,Leninogorsk
Russia,RUS,Kemerovskaya Oblast’,Leninsk Kuznetsky,Leninsk Kuznetsky
United States,USA,North Carolina,Lenoir,Lenoir
United States,USA,Tennessee,Lenoir City,Lenoir City
Russia,RUS,Sakha (Yakutiya),Lensk,Lensk
Burkina Faso,BFA,Centre-Ouest,Leo,Leo
United States,USA,Massachusetts,Leominster,Leominster
Mexico,MEX,Guanajuato,Leon,León
Nicaragua,NIC,León,Leon,León
Spain,ESP,Castille-Leon,Leon,León
United States,USA,Texas,Leon Valley,Leon Valley
Australia,AUS,Western Australia,Leonara,Leonara
United States,USA,Maryland,Leonardtown,Leonardtown
United States,USA,New Jersey,Leonia,Leonia
Brazil,BRA,Minas Gerais,Leopoldina,Leopoldina
Moldova,MDA,Leova,Leova,Leova
Kosovo,XKS,Leposaviq,Leposaviq,Leposaviq
Azerbaijan,AZE,Lerik,Lerik,Lerik
United Kingdom,GBR,Shetland Islands,Lerwick,Lerwick
Haiti,HTI,Sud,Les Cayes,Les Cayes
China,CHN,Sichuan,Leshan,Leshan
Serbia,SRB,Leskovac,Leskovac,Leskovac
Russia,RUS,Krasnoyarskiy Kray,Lesosibirsk,Lesosibirsk
Russia,RUS,Primorskiy Kray,Lesozavodsk,Lesozavodsk
Canada,CAN,Alberta,Lethbridge,Lethbridge
Guyana,GUY,Upper Takutu-Upper Essequibo,Lethem,Lethem
Colombia,COL,Amazonas,Leticia,Leticia
Burma,MMR,Bago,Letpadan,Letpadan
Samoa,WSM,A‘ana,Leulumoega,Leulumoega
United States,USA,Texas,Levelland,Levelland
New Zealand,NZL,Manawatu-Wanganui,Levin,Levin
United Kingdom,GBR,East Sussex,Lewes,Lewes
United States,USA,Delaware,Lewes,Lewes
United States,USA,West Virginia,Lewisburg,Lewisburg
United States,USA,Tennessee,Lewisburg,Lewisburg
United States,USA,Pennsylvania,Lewisburg,Lewisburg
United States,USA,Idaho,Lewiston,Lewiston
United States,USA,Maine,Lewiston,Lewiston
United States,USA,Pennsylvania,Lewistown,Lewistown
United States,USA,Montana,Lewistown,Lewistown
United States,USA,Texas,Lewisville,Lewisville
United States,USA,North Carolina,Lewisville,Lewisville
United States,USA,Virginia,Lexington,Lexington
United States,USA,North Carolina,Lexington,Lexington
United States,USA,Nebraska,Lexington,Lexington
United States,USA,Tennessee,Lexington,Lexington
United States,USA,South Carolina,Lexington,Lexington
United States,USA,Kentucky,Lexington,Lexington
Albania,ALB,Lezhë,Lezhe,Lezhë
Russia,RUS,Kurskaya Oblast’,Lgov,Lgov
China,CHN,Tibet,Lhasa,Lhasa
Indonesia,IDN,Aceh,Lhokseumawe,Lhokseumawe
Bhutan,BTN,Lhuentse,Lhuentse,Lhuentse
China,CHN,Guangdong,Lianxian,Lianxian
China,CHN,Jiangsu,Lianyungang,Lianyungang
China,CHN,Shandong,Liaocheng,Liaocheng
China,CHN,Liaoning,Liaoyang,Liaoyang
China,CHN,Jilin,Liaoyuan,Liaoyuan
Congo (Kinshasa),COD,Sud-Ubangi,Libenge,Libenge
United States,USA,Kansas,Liberal,Liberal
Czechia,CZE,Liberecký Kraj,Liberec,Liberec
Costa Rica,CRI,Guanacaste,Liberia,Liberia
Argentina,ARG,Jujuy,Libertador General San Martin,Libertador General San Martín
United States,USA,Texas,Liberty,Liberty
United States,USA,Missouri,Liberty,Liberty
United States,USA,Washington,Liberty Lake,Liberty Lake
United States,USA,Illinois,Libertyville,Libertyville
Albania,ALB,Elbasan,Librazhd,Librazhd
Gabon,GAB,Estuaire,Libreville,Libreville
Mozambique,MOZ,Niassa,Lichinga,Lichinga
Belarus,BLR,Hrodzyenskaya Voblasts’,Lida,Lida
Belgium,BEL,Wallonia,Liege,Liège
Latvia,LVA,Durbes Novads,Liegi,Lieģi
Latvia,LVA,Lielvārdes Novads,Lielvarde,Lielvārde
Latvia,LVA,Liepāja,Liepaga,Liepaga
Switzerland,CHE,Basel-Landschaft,Liestal,Liestal
Ireland,IRL,Donegal,Lifford,Lifford
Latvia,LVA,Līgatnes Novads,Ligatne,Līgatne
United States,USA,Florida,Lighthouse Point,Lighthouse Point
Mozambique,MOZ,Nampula,Ligonha,Ligonha
Malta,MLT,Lija,Lija,Lija
China,CHN,Yunnan,Lijiang,Lijiang
Congo (Kinshasa),COD,Haut-Katanga,Likasi,Likasi
United States,USA,Georgia,Lilburn,Lilburn
France,FRA,Hauts-de-France,Lille,Lille
Norway,NOR,Oppland,Lillehammer,Lillehammer
Canada,CAN,British Columbia,Lillooet,Lillooet
Malawi,MWI,Lilongwe,Lilongwe,Lilongwe
Peru,PER,Lima,Lima,Lima
United States,USA,Ohio,Lima,Lima
Latvia,LVA,Limbažu Novads,Limbazi,Limbaži
Cameroon,CMR,South-West,Limbe,Limbe
Brazil,BRA,São Paulo,Limeira,Limeira
Ireland,IRL,Limerick,Limerick,Limerick
France,FRA,Nouvelle-Aquitaine,Limoges,Limoges
Mexico,MEX,Nuevo León,Linares,Linares
Chile,CHL,Maule,Linares,Linares
Spain,ESP,Andalusia,Linares,Linares
China,CHN,Jiangxi,Linchuan,Linchuan
Argentina,ARG,Buenos Aires,Lincoln,Lincoln
United Kingdom,GBR,Lincolnshire,Lincoln,Lincoln
United States,USA,Nebraska,Lincoln,Lincoln
United States,USA,California,Lincoln,Lincoln
United States,USA,Alabama,Lincoln,Lincoln
United States,USA,Illinois,Lincoln,Lincoln
United States,USA,Oregon,Lincoln City,Lincoln City
United States,USA,New Jersey,Lincoln Park,Lincoln Park
United States,USA,Michigan,Lincoln Park,Lincoln Park
United States,USA,Illinois,Lincolnshire,Lincolnshire
United States,USA,North Carolina,Lincolnton,Lincolnton
United States,USA,Illinois,Lincolnwood,Lincolnwood
United States,USA,Texas,Lindale,Lindale
Guyana,GUY,Upper Demerara-Berbice,Linden,Linden
United States,USA,New Jersey,Linden,Linden
United States,USA,New York,Lindenhurst,Lindenhurst
United States,USA,Illinois,Lindenhurst,Lindenhurst
United States,USA,New Jersey,Lindenwold,Lindenwold
Tanzania,TZA,Lindi,Lindi,Lindi
United States,USA,Utah,Lindon,Lindon
United States,USA,California,Lindsay,Lindsay
United States,USA,Minnesota,Lindstrom,Lindstrom
China,CHN,Shanxi,Linfen,Linfen
Philippines,PHL,Pangasinan,Lingayen,Lingayen
China,CHN,Liaoning,Lingyuan,Lingyuan
China,CHN,Zhejiang,Linhai,Linhai
Brazil,BRA,Espírito Santo,Linhares,Linhares
China,CHN,Jilin,Linjiang,Linjiang
Sweden,SWE,Östergötland,Linkoping,Linköping
China,CHN,Heilongjiang,Linkou,Linkou
United States,USA,Minnesota,Lino Lakes,Lino Lakes
China,CHN,Shandong,Linqing,Linqing
United States,USA,Indiana,Linton,Linton
United States,USA,New Jersey,Linwood,Linwood
China,CHN,Inner Mongolia,Linxi,Linxi
China,CHN,Gansu,Linxia,Linxia
China,CHN,Shandong,Linyi,Linyi
Austria,AUT,Oberösterreich,Linz,Linz
Russia,RUS,Lipetskaya Oblast’,Lipetsk,Lipetsk
Kosovo,XKS,Lipjan,Lipjan,Lipjan
Macedonia,MKD,Lipkovo,Lipkovo,Lipkovo
Timor-Leste,TLS,Liquiçá,Liquica,Liquiçá
Uganda,UGA,Lira,Lira,Lira
Congo (Kinshasa),COD,Mongala,Lisala,Lisala
Portugal,PRT,Lisboa,Lisbon,Lisbon
United States,USA,Ohio,Lisbon,Lisbon
United Kingdom,GBR,Lisburn and Castlereagh,Lisburn,Lisburn
China,CHN,Zhejiang,Lishui,Lishui
United States,USA,Illinois,Lisle,Lisle
Australia,AUS,New South Wales,Lismore,Lismore
United States,USA,Illinois,Litchfield,Litchfield
United States,USA,Minnesota,Litchfield,Litchfield
United States,USA,Arizona,Litchfield Park,Litchfield Park
Australia,AUS,New South Wales,Lithgow,Lithgow
Slovenia,SVN,Litija,Litija,Litija
United States,USA,Pennsylvania,Lititz,Lititz
United States,USA,Minnesota,Little Canada,Little Canada
United States,USA,Wisconsin,Little Chute,Little Chute
Canada,CAN,Ontario,Little Current,Little Current
United States,USA,Texas,Little Elm,Little Elm
United States,USA,Minnesota,Little Falls,Little Falls
United States,USA,New Jersey,Little Ferry,Little Ferry
United States,USA,Arkansas,Little Rock,Little Rock
United States,USA,New Jersey,Little Silver,Little Silver
United States,USA,Texas,Littlefield,Littlefield
United States,USA,Pennsylvania,Littlestown,Littlestown
United States,USA,Colorado,Littleton,Littleton
China,CHN,Jilin,Liuhe,Liuhe
China,CHN,Guangxi,Liuzhou,Liuzhou
Latvia,LVA,Līvānu Novads,Livani,Līvāni
United States,USA,Florida,Live Oak,Live Oak
United States,USA,Texas,Live Oak,Live Oak
United States,USA,California,Live Oak,Live Oak
United States,USA,California,Livermore,Livermore
Canada,CAN,Nova Scotia,Liverpool,Liverpool
United Kingdom,GBR,Liverpool,Liverpool,Liverpool
United Kingdom,GBR,West Lothian,Livingston,Livingston
Guatemala,GTM,Izabal,Livingston,Livingston
United States,USA,California,Livingston,Livingston
United States,USA,Montana,Livingston,Livingston
Zambia,ZMB,Southern,Livingstone,Livingstone
Russia,RUS,Orlovskaya Oblast’,Livny,Livny
United States,USA,Michigan,Livonia,Livonia
Italy,ITA,Tuscany,Livorno,Livorno
Serbia,SRB,Ljig,Ljig,Ljig
Slovenia,SVN,Ljubljana,Ljubljana,Ljubljana
Slovenia,SVN,Ljubno,Ljubno,Ljubno
Serbia,SRB,Ljubovija,Ljubovija,Ljubovija
Slovenia,SVN,Ljutomer,Ljutomer,Ljutomer
Bolivia,BOL,Potosí,Llallagua,Llallagua
United Kingdom,GBR,Powys,Llandrindod Wells,Llandrindod Wells
United Kingdom,GBR,Isle of Anglesey,Llangefni,Llangefni
Bolivia,BOL,Potosí,Llica,Llica
Congo (Brazzaville),COG,Kouilou,Loango,Loango
Swaziland,SWZ,,Lobamba,Lobamba
Botswana,BWA,Lobatse,Lobatse,Lobatse
Angola,AGO,Benguela,Lobito,Lobito
Argentina,ARG,Buenos Aires,Lobos,Lobos
United States,USA,Colorado,Lochbuie,Lochbuie
United Kingdom,GBR,Argyll and Bute,Lochgilphead,Lochgilphead
United States,USA,Pennsylvania,Lock Haven,Lock Haven
United States,USA,Texas,Lockhart,Lockhart
United States,USA,New York,Lockport,Lockport
United States,USA,Illinois,Lockport,Lockport
United States,USA,Georgia,Locust Grove,Locust Grove
United States,USA,New Jersey,Lodi,Lodi
United States,USA,California,Lodi,Lodi
Congo (Kinshasa),COD,Sankuru,Lodja,Lodja
Kenya,KEN,Turkana,Lodwar,Lodwar
Poland,POL,Łódzkie,Lodz,Łódź
Thailand,THA,Loei,Loei,Loei
Slovenia,SVN,Log-Dragomer,Log pri Brezovici,Log pri Brezovici
United States,USA,West Virginia,Logan,Logan
United States,USA,Ohio,Logan,Logan
United States,USA,Utah,Logan,Logan
United States,USA,Indiana,Logansport,Logansport
United States,USA,Georgia,Loganville,Loganville
Russia,RUS,Sakha (Yakutiya),Logashkino,Logashkino
Slovenia,SVN,Logatec,Logatec,Logatec
Spain,ESP,La Rioja,Logrono,Logroño
Burma,MMR,Kayah State,Loikaw,Loikaw
Latvia,LVA,Sējas Novads,Loja,Loja
Ecuador,ECU,Loja,Loja,Loja
Botswana,BWA,,Lokhwabe,Lokhwabe
Nigeria,NGA,Kogi,Lokoja,Lokoja
Benin,BEN,Mono,Lokossa,Lokossa
United States,USA,California,Loma Linda,Loma Linda
United States,USA,Illinois,Lombard,Lombard
Togo,TGO,Maritime,Lome,Lomé
United States,USA,California,Lomita,Lomita
United States,USA,California,Lompoc,Lompoc
Chile,CHL,Araucanía,Loncoche,Loncoche
Canada,CAN,Ontario,London,London
United Kingdom,GBR,,London,London
United States,USA,Ohio,London,London
United States,USA,Kentucky,London,London
United Kingdom,GBR,Derry and Strabane,Londonderry,Londonderry
Brazil,BRA,Paraná,Londrina,Londrina
United States,USA,Oklahoma,Lone Grove,Lone Grove
United States,USA,Colorado,Lone Tree,Lone Tree
United States,USA,New York,Long Beach,Long Beach
United States,USA,California,Long Beach,Long Beach
United States,USA,Mississippi,Long Beach,Long Beach
United States,USA,New Jersey,Long Branch,Long Branch
United States,USA,Illinois,Long Grove,Long Grove
Vietnam,VNM,An Giang,Long Xuyen,Long Xuyen
United States,USA,Florida,Longboat Key,Longboat Key
Ireland,IRL,Longford,Longford,Longford
China,CHN,Heilongjiang,Longjiang,Longjiang
United States,USA,Colorado,Longmont,Longmont
Australia,AUS,Queensland,Longreach,Longreach
United States,USA,Washington,Longview,Longview
United States,USA,Texas,Longview,Longview
United States,USA,Florida,Longwood,Longwood
China,CHN,Gansu,Longxi,Longxi
China,CHN,Fujian,Longyan,Longyan
Svalbard,XSV,,Longyearbyen,Longyearbyen
Chile,CHL,Araucanía,Lonquimay,Lonquimay
United States,USA,California,Loomis,Loomis
Thailand,THA,Lop Buri,Lop Buri,Lop Buri
United States,USA,Ohio,Lorain,Lorain
Spain,ESP,Murcia,Lorca,Lorca
Papua New Guinea,PNG,Manus,Lorengau,Lorengau
Mexico,MEX,Baja California Sur,Loreto,Loreto
Colombia,COL,Córdoba,Lorica,Lorica
France,FRA,Bretagne,Lorient,Lorient
United States,USA,California,Los Alamitos,Los Alamitos
United States,USA,California,Los Altos,Los Altos
United States,USA,California,Los Altos Hills,Los Altos Hills
Chile,CHL,Valparaíso,Los Andes,Los Andes
Chile,CHL,Biobío,Los Angeles,Los Angeles
United States,USA,California,Los Angeles,Los Angeles
United States,USA,California,Los Banos,Los Banos
Argentina,ARG,Salta,Los Blancos,Los Blancos
United States,USA,Texas,Los Fresnos,Los Fresnos
United States,USA,California,Los Gatos,Los Gatos
Chile,CHL,Los Ríos,Los Lagos,Los Lagos
United States,USA,New Mexico,Los Lunas,Los Lunas
Mexico,MEX,Sinaloa,Los Mochis,Los Mochis
United States,USA,New Mexico,Los Ranchos de Albuquerque,Los Ranchos de Albuquerque
Venezuela,VEN,Miranda,Los Teques,Los Teques
Timor-Leste,TLS,Lautém,Lospalos,Lospalos
Chile,CHL,Biobío,Lota,Lota
Laos,LAO,Louangnamtha,Louang Namtha,Louang Namtha
Laos,LAO,Louangphabang,Louangphrabang,Louangphrabang
Congo (Brazzaville),COG,Niari,Loubomo,Loubomo
United States,USA,Tennessee,Loudon,Loudon
Senegal,SEN,Louga,Louga,Louga
United States,USA,Colorado,Louisville,Louisville
United States,USA,Ohio,Louisville,Louisville
United States,USA,Kentucky,Louisville,Louisville
Bulgaria,BGR,Lovech,Lovec,Lovec
United States,USA,Georgia,Lovejoy,Lovejoy
United States,USA,Colorado,Loveland,Loveland
United States,USA,Ohio,Loveland,Loveland
United States,USA,Illinois,Loves Park,Loves Park
United States,USA,New Mexico,Lovington,Lovington
Slovenia,SVN,Lovrenc na Pohorju,Lovrenc na Pohorju,Lovrenc na Pohorju
United States,USA,Arkansas,Lowell,Lowell
United States,USA,Indiana,Lowell,Lowell
United States,USA,Massachusetts,Lowell,Lowell
United States,USA,Michigan,Lowell,Lowell
United States,USA,Pennsylvania,Lower Burrell,Lower Burrell
New Zealand,NZL,Wellington,Lower Hutt,Lower Hutt
Serbia,SRB,Loznica,Loznica,Loznica
Macedonia,MKD,Lozovo,Lozovo,Lozovo
China,CHN,Anhui,Luan,Luan
Vietnam,VNM,Điện Biên,Luan Chau,Luan Chau
Angola,AGO,Luanda,Luanda,Luanda
Zambia,ZMB,Copperbelt,Luanshya,Luanshya
Congo (Kinshasa),COD,Haut-Katanga,Luanza,Luanza
Angola,AGO,Moxico,Luau,Luau
Equatorial Guinea,GNQ,Bioko Sur,Luba,Luba
Latvia,LVA,Lubānas Novads,Lubana,Lubāna
Angola,AGO,Huíla,Lubango,Lubango
Angola,AGO,Huíla,Lubango,Lubango
Congo (Kinshasa),COD,Lomami,Lubao,Lubao
United States,USA,Texas,Lubbock,Lubbock
Germany,DEU,Schleswig-Holstein,Lubeck,Lübeck
Poland,POL,Lubelskie,Lublin,Lublin
Congo (Kinshasa),COD,Haut-Katanga,Lubumbashi,Lubumbashi
Congo (Kinshasa),COD,Maniema,Lubutu,Lubutu
Serbia,SRB,Lučani,Lucani,Lučani
Angola,AGO,Lunda Norte,Lucapa,Lucapa
United States,USA,Texas,Lucas,Lucas
Slovenia,SVN,Luče,Luce,Luče
Jamaica,JAM,Hanover,Lucea,Lucea
Philippines,PHL,Lucena,Lucena,Lucena
India,IND,Uttar Pradesh,Lucknow,Lucknow
Namibia,NAM,//Karas,Luderitz,Lüderitz
India,IND,Punjab,Ludhiana,Ludhiana
United States,USA,Michigan,Ludington,Ludington
Latvia,LVA,Ludzas Novads,Ludza,Ludza
Congo (Kinshasa),COD,Kasaï,Luebo,Luebo
Angola,AGO,Moxico,Luena,Luena
Samoa,WSM,Atua,Lufilufi,Lufilufi
United States,USA,Texas,Lufkin,Lufkin
Russia,RUS,Leningradskaya Oblast’,Luga,Luga
Switzerland,CHE,Ticino,Lugano,Lugano
Vanuatu,VUT,Sanma,Luganville,Luganville
Ukraine,UKR,Luhans’ka Oblast’,Luhansk,Luhansk
Angola,AGO,Kuando Kubango,Luiana,Luiana
Argentina,ARG,Buenos Aires,Lujan,Luján
Slovenia,SVN,Lukovica,Lukovica pri Domzalah,Lukovica pri Domžalah
Zambia,ZMB,Western,Lukulu,Lukulu
Sweden,SWE,Norrbotten,Lulea,Luleå
Turkey,TUR,Kırklareli,Luleburgaz,Lüleburgaz
United States,USA,Texas,Luling,Luling
United States,USA,Texas,Lumberton,Lumberton
United States,USA,North Carolina,Lumberton,Lumberton
Cambodia,KHM,Ratanakiri,Lumphat,Lumphat
Zambia,ZMB,Eastern,Lundazi,Lundazi
China,CHN,Henan,Luohe,Luohe
China,CHN,Henan,Luoyang,Luoyang
Zimbabwe,ZWE,Matabeleland North,Lupane,Lupane
China,CHN,Guizhou,Lupanshui,Lupanshui
Malta,MLT,Luqa,Luqa,Luqa
Zambia,ZMB,Lusaka,Lusaka,Lusaka
Congo (Kinshasa),COD,Sankuru,Lusambo,Lusambo
Congo (Kinshasa),COD,Kwango,Lusanga,Lusanga
Albania,ALB,Fier,Lushnje,Lushnjë
United Kingdom,GBR,Luton,Luton,Luton
Canada,CAN,Northwest Territories,Lutselke,Lutselke
Ukraine,UKR,Volyns’ka Oblast’,Lutsk,Lutsk
Uganda,UGA,Luuka,Luuka Town,Luuka Town
Somalia,SOM,Gedo,Luuq,Luuq
Uganda,UGA,Luwero,Luwero,Luwero
Indonesia,IDN,Sulawesi Tengah,Luwuk,Luwuk
Luxembourg,LUX,Luxembourg,Luxembourg,Luxembourg
Egypt,EGY,Al Uqşur,Luxor,Luxor
Switzerland,CHE,Luzern,Luzern,Luzern
China,CHN,Sichuan,Luzhou,Luzhou
Ukraine,UKR,L’vivs’ka Oblast’,Lvov,Lvov
Uganda,UGA,Lwengo,Lwengo,Lwengo
Uganda,UGA,Lyantonde,Lyantonde,Lyantonde
United States,USA,New York,Lynbrook,Lynbrook
United States,USA,Virginia,Lynchburg,Lynchburg
United States,USA,Washington,Lynden,Lynden
United States,USA,Ohio,Lyndhurst,Lyndhurst
United States,USA,Kentucky,Lyndon,Lyndon
United States,USA,Massachusetts,Lynn,Lynn
United States,USA,Florida,Lynn Haven,Lynn Haven
Canada,CAN,Manitoba,Lynn Lake,Lynn Lake
United States,USA,Washington,Lynnwood,Lynnwood
United States,USA,California,Lynwood,Lynwood
United States,USA,Illinois,Lynwood,Lynwood
France,FRA,Auvergne-Rhône-Alpes,Lyon,Lyon
United States,USA,Illinois,Lyons,Lyons
Ukraine,UKR,Luhans’ka Oblast’,Lysychansk,Lysychansk
Jordan,JOR,Ma‘ān,Ma'an,Ma'an
China,CHN,Anhui,Maanshan,Maanshan
Philippines,PHL,Southern Leyte,Maasin,Maasin
Netherlands,NLD,Limburg,Maastricht,Maastricht
Guyana,GUY,Barima-Waini,Mabaruma,Mabaruma
Brazil,BRA,Rio de Janeiro,Macae,Macaé
Brazil,BRA,Amapá,Macapa,Macapá
Ecuador,ECU,Loja,Macara,Macará
Ecuador,ECU,Morona-Santiago,Macas,Macas
Macau,MAC,,Macau,Macau
United States,USA,Florida,Macclenny,Macclenny
United States,USA,Ohio,Macedonia,Macedonia
Brazil,BRA,Alagoas,Maceio,Maceió
Guinea,GIN,N’Zérékoré,Macenta,Macenta
Kenya,KEN,Machakos,Machakos,Machakos
Ecuador,ECU,El Oro,Machala,Machala
China,CHN,Hubei,Macheng,Macheng
United States,USA,Illinois,Machesney Park,Machesney Park
India,IND,Andhra Pradesh,Machilipatnam,Machilipatnam
Malawi,MWI,Machinga,Machinga,Machinga
Venezuela,VEN,Zulia,Machiques,Machiques
Mozambique,MOZ,Gaza,Macia,Macia
Australia,AUS,Queensland,Mackay,Mackay
United States,USA,Illinois,Macomb,Macomb
Jordan,JOR,Ma’dabā,Madaba,Mādabā
Papua New Guinea,PNG,Madang,Madang,Madang
Niger,NER,Tahoua,Madaoua,Madaoua
United States,USA,Ohio,Madeira,Madeira
United States,USA,California,Madera,Madera
Qatar,QAT,Ash Shamāl,Madinat ash Shamal,Madīnat ash Shamāl
Syria,SYR,Ar Raqqah,Madinat ath Thawrah,Madinat ath Thawrah
Congo (Brazzaville),COG,Bouenza,Madingou,Madingou
United States,USA,Wisconsin,Madison,Madison
United States,USA,New Jersey,Madison,Madison
United States,USA,Alabama,Madison,Madison
United States,USA,Indiana,Madison,Madison
United States,USA,Mississippi,Madison,Madison
United States,USA,South Dakota,Madison,Madison
United States,USA,Michigan,Madison Heights,Madison Heights
United States,USA,Tennessee,Madisonville,Madisonville
United States,USA,Kentucky,Madisonville,Madisonville
Indonesia,IDN,Jawa Timur,Madiun,Madiun
Latvia,LVA,Madonas Novads,Madona,Madona
United States,USA,Oregon,Madras,Madras
Spain,ESP,Madrid,Madrid,Madrid
India,IND,Tamil Nādu ,Madurai,Madurai
Thailand,THA,Mae Hong Son,Mae Hong Son,Mae Hong Son
Thailand,THA,Tak,Mae Sot,Mae Sot
Japan,JPN,Gunma,Maebashi,Maebashi
Lesotho,LSO,Mafeteng,Mafetang,Mafetang
Russia,RUS,Magadanskaya Oblast’,Magadan,Magadan
Colombia,COL,Bolívar,Magangue,Magangué
Russia,RUS,Ingushetiya,Magas,Magas
Russia,RUS,Amurskaya Oblast’,Magdagachi,Magdagachi
Mexico,MEX,Sonora,Magdalena,Magdalena
Bolivia,BOL,El Beni,Magdalena,Magdalena
Germany,DEU,Saxony-Anhalt,Magdeburg,Magdeburg
Indonesia,IDN,Jawa Tengah,Magelang,Magelang
United Kingdom,GBR,Mid Ulster,Magherafelt,Magherafelt
Russia,RUS,Chelyabinskaya Oblast’,Magnitogorsk,Magnitogorsk
United States,USA,Arkansas,Magnolia,Magnolia
Taiwan,TWN,Penghu,Magong,Magong
Burma,MMR,Magway,Magway,Magway
Thailand,THA,Maha Sarakham,Maha Sarakham,Maha Sarakham
Iran,IRN,Āz̄arbāyjān-e Gharbī,Mahabad,Mahabad
Madagascar,MDG,Mahajanga,Mahajanga,Mahajanga
Botswana,BWA,Central,Mahalapye,Mahalapye
Tunisia,TUN,Mahdia,Mahdia,Mahdia
Guyana,GUY,Potaro-Siparuni,Mahdia,Mahdia
Maldives,MDV,,Mahibadhoo,Mahibadhoo
South Africa,ZAF,North West,Mahikeng,Mahikeng
Belarus,BLR,Mahilyowskaya Voblasts’,Mahilyow,Mahilyow
Afghanistan,AFG,Kāpīsā,Mahmud-E Eraqi,Mahmud-E Eraqi
United States,USA,Illinois,Mahomet,Mahomet
Tanzania,TZA,Zanzibar North,Mahonda,Mahonda
United States,USA,Minnesota,Mahtomedi,Mahtomedi
Afghanistan,AFG,Wardak,Maidan Shahr,Maīdān Shahr
United Kingdom,GBR,Windsor and Maidenhead,Maidenhead,Maidenhead
United Kingdom,GBR,Kent,Maidstone,Maidstone
Nigeria,NGA,Borno,Maiduguri,Maiduguri
Guam,GUM,,Maina,Maina
Madagascar,MDG,Mahajanga,Maintirano,Maintirano
Germany,DEU,Rhineland-Palatinate,Mainz,Mainz
Venezuela,VEN,Vargas,Maiquetia,Maiquetía
Australia,AUS,New South Wales,Maitland,Maitland
United States,USA,Florida,Maitland,Maitland
Japan,JPN,Kyōto,Maizuru,Maizuru
Serbia,SRB,Majdanpek,Majdanpek,Majdanpek
Indonesia,IDN,Sulawesi Barat,Majene,Majene
Slovenia,SVN,Majšperk,Majsperk,Majšperk
Marshall Islands,MHL,Majuro,Majuro,Majuro
Indonesia,IDN,Sulawesi Selatan,Makale,Makale
Burundi,BDI,Makamba,Makamba,Makamba
Russia,RUS,Sakhalinskaya Oblast’,Makarov,Makarov
Philippines,PHL,Makati,Makati City,Makati City
Macedonia,MKD,Makedonska Kamenica,Makedonska Kamenica,Makedonska Kamenica
Macedonia,MKD,Makedonski Brod,Makedonski Brod,Makedonski Brod
Sierra Leone,SLE,Northern,Makeni,Makeni
Russia,RUS,Dagestan,Makhachkala,Makhachkala
Kazakhstan,KAZ,Atyraū,Makhambet,Makhambet
Kazakhstan,KAZ,Aqmola,Makinsk,Makinsk
Ukraine,UKR,Donets’ka Oblast’,Makiyivka,Makiyivka
Saudi Arabia,SAU,Makkah al Mukarramah,Makkah,Makkah
Gabon,GAB,Ogooué-Ivindo,Makokou,Makokou
Slovenia,SVN,Makole,Makole,Makole
Congo (Brazzaville),COG,Cuvette,Makoua,Makoua
Nigeria,NGA,Benue,Makurdi,Makurdi
Equatorial Guinea,GNQ,Bioko Norte,Malabo,Malabo
Philippines,PHL,Malabon,Malabon,Malabon
Malaysia,MYS,Melaka,Malacca,Malacca
Belarus,BLR,Minskaya Voblasts’,Maladzyechna,Maladzyechna
Spain,ESP,Andalusia,Malaga,Málaga
South Sudan,SSD,Upper Nile,Malakal,Malakal
Indonesia,IDN,Jawa Timur,Malang,Malang
Angola,AGO,Malanje,Malanje,Malanje
Argentina,ARG,Mendoza,Malargue,Malargüe
Turkey,TUR,Malatya,Malatya,Malatya
Philippines,PHL,Bukidnon,Malaybalay,Malaybalay
Iran,IRN,Hamadān,Malayer,Malayer
United States,USA,Massachusetts,Malden,Malden
Uruguay,URY,Maldonado,Maldonado,Maldonado
Maldives,MDV,Maale,Male,Malé
India,IND,Mahārāshtra,Malegaon,Malegaon
Guinea,GIN,Labé,Mali,Mali
Serbia,SRB,Mali Iđoš,Mali Idos,Mali Iđoš
Serbia,SRB,Mali Zvornik,Mali Zvornik,Mali Zvornik
Timor-Leste,TLS,Bobonaro,Maliana,Maliana
United States,USA,California,Malibu,Malibu
Kenya,KEN,Kilifi,Malindi,Malindi
Kosovo,XKS,Malishevë,Malisheve,Malishevë
Philippines,PHL,Davao Occidental,Malita,Malita
Egypt,EGY,Al Minyā,Mallawi,Mallawi
Sweden,SWE,Skåne,Malmo,Malmö
Serbia,SRB,Malo Crniće,Malo Crnice,Malo Crniće
Philippines,PHL,Bulacan,Malolos,Malolos
United States,USA,New York,Malone,Malone
Latvia,LVA,Mālpils Novads,Malpils,Mālpils
Namibia,NAM,Hardap,Maltahohe,Maltahöhe
United States,USA,Arkansas,Malvern,Malvern
United States,USA,New York,Malverne,Malverne
United States,USA,New York,Mamaroneck,Mamaroneck
Philippines,PHL,Camiguin,Mambajao,Mambajao
Philippines,PHL,Occidental Mindoro,Mamburao,Mamburao
United States,USA,California,Mammoth Lakes,Mammoth Lakes
Guinea,GIN,Mamou,Mamou,Mamou
Indonesia,IDN,Sulawesi Barat,Mamuju,Mamuju
Kosovo,XKS,Mamushë,Mamushe,Mamushë
Côte D’Ivoire,CIV,Montagnes,Man,Man
Brazil,BRA,Amazonas,Manacapuru,Manacapuru
Maldives,MDV,,Manadhoo,Manadhoo
Indonesia,IDN,Sulawesi Utara,Manado,Manado
Uganda,UGA,Manafwa,Manafwa,Manafwa
Nicaragua,NIC,Managua,Managua,Managua
Bahrain,BHR,Al ‘Āşimah,Manama,Manama
Madagascar,MDG,Fianarantsoa,Mananjary,Mananjary
United States,USA,New Jersey,Manasquan,Manasquan
United States,USA,Virginia,Manassas,Manassas
United States,USA,Virginia,Manassas Park,Manassas Park
Timor-Leste,TLS,Manatuto,Manatuto,Manatuto
Brazil,BRA,Amazonas,Manaus,Manaus
Syria,SYR,Ḩalab,Manbij,Manbij
United Kingdom,GBR,Manchester,Manchester,Manchester
United States,USA,New Hampshire,Manchester,Manchester
United States,USA,Tennessee,Manchester,Manchester
United States,USA,Maryland,Manchester,Manchester
United States,USA,Missouri,Manchester,Manchester
United States,USA,Kentucky,Manchester,Manchester
Burma,MMR,Mandalay,Mandalay,Mandalay
Mongolia,MNG,Dundgovĭ,Mandalgovi,Mandalgovi
Iraq,IRQ,Diyālá,Mandali,Mandali
Philippines,PHL,Mandaluyong,Mandaluyong City,Mandaluyong City
United States,USA,North Dakota,Mandan,Mandan
Philippines,PHL,Mandaue,Mandaue City,Mandaue City
Kenya,KEN,Mandera,Mandera,Mandera
Jamaica,JAM,Manchester,Mandeville,Mandeville
United States,USA,Louisiana,Mandeville,Mandeville
Madagascar,MDG,Mahajanga,Mandritsara,Mandritsara
Australia,AUS,Western Australia,Mandurah,Mandurah
India,IND,Karnātaka,Mandya,Mandya
Burkina Faso,BFA,Centre-Sud,Manga,Manga
Congo (Kinshasa),COD,Kwilu,Mangai,Mangai
India,IND,Karnātaka,Mangalore,Mangalore
Togo,TGO,Savanes,Mango,Mango
Malawi,MWI,Mangochi,Mangochi,Mangochi
Kazakhstan,KAZ,Mangghystaū,Mangyshlak,Mangyshlak
United States,USA,New York,Manhattan,Manhattan
United States,USA,Illinois,Manhattan,Manhattan
United States,USA,Kansas,Manhattan,Manhattan
United States,USA,California,Manhattan Beach,Manhattan Beach
Mozambique,MOZ,Manica,Manica,Manica
Brazil,BRA,Amazonas,Manicore,Manicoré
Philippines,PHL,,Manila,Manila
Russia,RUS,Kamchatskiy Kray,Manily,Manily
Turkey,TUR,Manisa,Manisa,Manisa
United States,USA,Michigan,Manistee,Manistee
United States,USA,Colorado,Manitou Springs,Manitou Springs
United States,USA,Wisconsin,Manitowoc,Manitowoc
Colombia,COL,Caldas,Manizales,Manizales
Madagascar,MDG,Toliara,Manja,Manja
Australia,AUS,Western Australia,Manjimup,Manjimup
United States,USA,Minnesota,Mankato,Mankato
Germany,DEU,Baden-Württemberg,Mannheim,Mannheim
Indonesia,IDN,Papua Barat,Manokwari,Manokwari
Congo (Kinshasa),COD,Tanganyika,Manono,Manono
United States,USA,Texas,Manor,Manor
United States,USA,New York,Manorhaven,Manorhaven
Tunisia,TUN,Manouba,Manouba,Manouba
"Korea, North",PRK,Chagang,Manpo,Manpo
Zambia,ZMB,Luapula,Mansa,Mansa
"Gambia, The",GMB,Lower River,Mansa Konko,Mansa Konko
Pakistan,PAK,Khyber Pakhtunkhwa,Mansehra,Mansehra
United States,USA,Texas,Mansfield,Mansfield
United States,USA,Louisiana,Mansfield,Mansfield
United States,USA,Ohio,Mansfield,Mansfield
Ecuador,ECU,Manabí,Manta,Manta
United States,USA,California,Manteca,Manteca
United States,USA,Illinois,Manteno,Manteno
United States,USA,North Carolina,Manteo,Manteo
New Zealand,NZL,Auckland,Manukau,Manukau
United States,USA,Texas,Manvel,Manvel
United States,USA,New Jersey,Manville,Manville
Tanzania,TZA,Singida,Manyoni,Manyoni
Mexico,MEX,Colima,Manzanillo,Manzanillo
Cuba,CUB,Granma,Manzanillo,Manzanillo
China,CHN,Inner Mongolia,Manzhouli,Manzhouli
Swaziland,SWZ,Manzini,Manzini,Manzini
Chad,TCD,Kanem,Mao,Mao
Dominican Republic,DOM,Cibao Noroeste,Mao,Mao
China,CHN,Guangdong,Maoming,Maoming
Mozambique,MOZ,Gaza,Mapai,Mapai
United States,USA,Minnesota,Maple Grove,Maple Grove
United States,USA,Ohio,Maple Heights,Maple Heights
United States,USA,Washington,Maple Valley,Maple Valley
United States,USA,Utah,Mapleton,Mapleton
United States,USA,Missouri,Maplewood,Maplewood
United States,USA,Minnesota,Maplewood,Maplewood
Mozambique,MOZ,Maputo,Maputo,Maputo
Kazakhstan,KAZ,Atyraū,Maqat,Maqat
United States,USA,Iowa,Maquoketa,Maquoketa
Argentina,ARG,Buenos Aires,Mar de Ajo,Mar de Ajó
Argentina,ARG,Buenos Aires,Mar del Plata,Mar del Plata
Brazil,BRA,Pará,Maraba,Marabá
Venezuela,VEN,Zulia,Maracaibo,Maracaibo
Brazil,BRA,Mato Grosso do Sul,Maracaju,Maracaju
Venezuela,VEN,Aragua,Maracay,Maracay
Uganda,UGA,Maracha,Maracha,Maracha
Libya,LBY,Al Wāḩāt,Maradah,Maradah
Niger,NER,Maradi,Maradi,Maradi
Iran,IRN,Āz̄arbāyjān-e Sharqī,Maragheh,Maragheh
Kenya,KEN,Samburu,Maralal,Maralal
United States,USA,Arizona,Marana,Marana
Canada,CAN,Ontario,Marathon,Marathon
United States,USA,Florida,Marathon,Marathon
Philippines,PHL,Lanao del Sur,Marawi City,Marawi City
Spain,ESP,Andalusia,Marbella,Marbella
United States,USA,Texas,Marble Falls,Marble Falls
Pakistan,PAK,Khyber Pakhtunkhwa,Mardan,Mardan
Turkey,TUR,Mardin,Mardin,Mardin
United States,USA,Illinois,Marengo,Marengo
United States,USA,Florida,Margate,Margate
United States,USA,New Jersey,Margate City,Margate City
Chile,CHL,Antofagasta,Maria Elena,María Elena
United States,USA,Florida,Marianna,Marianna
Yemen,YEM,Ma’rib,Marib,Marib
Slovenia,SVN,Maribor,Maribor,Maribor
United States,USA,Arizona,Maricopa,Maricopa
South Sudan,SSD,Western Equatoria,Maridi,Maridi
Finland,FIN,Åland,Mariehamn,Mariehamn
Namibia,NAM,Hardap,Mariental,Mariental
Sweden,SWE,Västra Götaland,Mariestad,Mariestad
United States,USA,Georgia,Marietta,Marietta
United States,USA,Ohio,Marietta,Marietta
Saint Martin,MAF,,Marigot,Marigot
Russia,RUS,Kemerovskaya Oblast’,Mariinsk,Mariinsk
Lithuania,LTU,Marijampolė,Marijampole,Marijampolė
Philippines,PHL,Marikina,Marikina City,Marikina City
Brazil,BRA,São Paulo,Marilia,Marília
United States,USA,California,Marina,Marina
United States,USA,Wisconsin,Marinette,Marinette
Brazil,BRA,Paraná,Maringa,Maringá
United States,USA,Virginia,Marion,Marion
United States,USA,North Carolina,Marion,Marion
United States,USA,Arkansas,Marion,Marion
United States,USA,Illinois,Marion,Marion
United States,USA,Indiana,Marion,Marion
United States,USA,Iowa,Marion,Marion
United States,USA,Ohio,Marion,Marion
United States,USA,South Carolina,Marion,Marion
Paraguay,PRY,Boquerón,Mariscal Estigarribia,Mariscal Estigarribia
Ukraine,UKR,Donets’ka Oblast’,Mariupol,Mariupol
Somalia,SOM,Shabeellaha Hoose,Marka,Marka
Mali,MLI,Ségou,Markala,Markala
United States,USA,Illinois,Markham,Markham
Slovenia,SVN,Markovci,Markovci,Markovci
United States,USA,Louisiana,Marksville,Marksville
United States,USA,Massachusetts,Marlborough,Marlborough
United States,USA,Texas,Marlin,Marlin
Madagascar,MDG,Toamasina,Maroantsetra,Maroantsetra
Zimbabwe,ZWE,Mashonaland East,Marondera,Marondera
Cameroon,CMR,Extrême-Nord,Maroua,Maroua
Madagascar,MDG,Mahajanga,Marovoay,Marovoay
United States,USA,Michigan,Marquette,Marquette
Morocco,MAR,Marrakech-Safi,Marrakesh,Marrakesh
Mozambique,MOZ,Niassa,Marrupa,Marrupa
Malta,MLT,Marsa,Marsa,Marsa
Kenya,KEN,Marsabit,Marsabit,Marsabit
Italy,ITA,Sicilia,Marsala,Marsala
Malta,MLT,Marsaskala,Marsaskala,Marsaskala
Malta,MLT,Marsaxlokk,Marsaxlokk,Marsaxlokk
France,FRA,Provence-Alpes-Côte d’Azur,Marseille,Marseille
United States,USA,Texas,Marshall,Marshall
United States,USA,Missouri,Marshall,Marshall
United States,USA,Minnesota,Marshall,Marshall
United States,USA,Michigan,Marshall,Marshall
United States,USA,Iowa,Marshalltown,Marshalltown
United States,USA,Wisconsin,Marshfield,Marshfield
United States,USA,Missouri,Marshfield,Marshfield
Indonesia,IDN,Kalimantan Selatan,Martapura,Martapura
United States,USA,Tennessee,Martin,Martin
United States,USA,California,Martinez,Martinez
United States,USA,Ohio,Martins Ferry,Martins Ferry
United States,USA,West Virginia,Martinsburg,Martinsburg
United States,USA,Virginia,Martinsville,Martinsville
United States,USA,Indiana,Martinsville,Martinsville
Latvia,LVA,Mārupes Novads,Marupe,Mārupe
Iran,IRN,Fārs,Marv Dasht,Marv Dasht
United States,USA,North Carolina,Marvin,Marvin
Turkmenistan,TKM,Mary,Mary,Mary
Australia,AUS,Victoria,Maryborough,Maryborough
Australia,AUS,Queensland,Maryborough,Maryborough
United States,USA,Missouri,Maryland Heights,Maryland Heights
United States,USA,Washington,Marysville,Marysville
United States,USA,California,Marysville,Marysville
United States,USA,Ohio,Marysville,Marysville
United States,USA,Michigan,Marysville,Marysville
United States,USA,Tennessee,Maryville,Maryville
United States,USA,Illinois,Maryville,Maryville
United States,USA,Missouri,Maryville,Maryville
Libya,LBY,Murzuq,Marzuq,Marzuq
Uganda,UGA,Masaka,Masaka,Masaka
Azerbaijan,AZE,Masallı,Masalli,Masallı
Tanzania,TZA,Mtwara,Masasi,Masasi
Nicaragua,NIC,Masaya,Masaya,Masaya
Philippines,PHL,Masbate,Masbate,Masbate
Algeria,DZA,Mascara,Mascara,Mascara
United States,USA,Florida,Mascotte,Mascotte
United States,USA,Illinois,Mascoutah,Mascoutah
Lesotho,LSO,Maseru,Maseru,Maseru
Iran,IRN,Khorāsān-e Raẕavī,Mashhad,Mashhad
Uganda,UGA,Masindi,Masindi,Masindi
Uganda,UGA,Kiryandongo,Masindi-Port,Masindi-Port
Iran,IRN,Khūzestān,Masjed Soleyman,Masjed Soleyman
United States,USA,Ohio,Mason,Mason
United States,USA,Michigan,Mason,Mason
United States,USA,Iowa,Mason City,Mason City
Chad,TCD,Hadjer-Lamis,Massakory,Massakory
Mozambique,MOZ,Gaza,Massangena,Massangena
United States,USA,New York,Massapequa Park,Massapequa Park
Eritrea,ERI,Semēnawī K’eyih Bahrī,Massawa,Massawa
United States,USA,New York,Massena,Massena
Chad,TCD,Chari-Baguirmi,Massenya,Massenya
United States,USA,Ohio,Massillon,Massillon
New Zealand,NZL,Wellington,Masterton,Masterton
United States,USA,New York,Mastic Beach,Mastic Beach
Botswana,BWA,North East,Masunga,Masunga
Zimbabwe,ZWE,Masvingo,Masvingo,Masvingo
Congo (Kinshasa),COD,Kongo Central,Matadi,Matadi
Nicaragua,NIC,Matagalpa,Matagalpa,Matagalpa
Canada,CAN,Québec,Matagami,Matagami
Senegal,SEN,Matam,Matam,Matam
Mexico,MEX,Tamaulipas,Matamoros,Matamoros
Cuba,CUB,Matanzas,Matanzas,Matanzas
Sri Lanka,LKA,Southern,Matara,Matara
Indonesia,IDN,Nusa Tenggara Barat,Mataram,Mataram
Spain,ESP,Catalonia,Mataro,Mataró
Wallis And Futuna,WLF,Uvea,Mata-Utu,Mata-Utu
United States,USA,New Jersey,Matawan,Matawan
Mexico,MEX,San Luis Potosí,Matehuala,Matehuala
United States,USA,Texas,Mathis,Mathis
India,IND,Uttar Pradesh,Mathura,Mathura
Philippines,PHL,Davao Oriental,Mati,Mati
United Kingdom,GBR,Derbyshire,Matlock,Matlock
Brazil,BRA,Mato Grosso,Mato Grosso,Mato Grosso
Russia,RUS,Arkhangel’skaya Oblast’,Matochkin Shar,Matochkin Shar
Mozambique,MOZ,Maputo,Matola,Matola
Egypt,EGY,Maţrūḩ,Matruh,Matruh
Japan,JPN,Shimane,Matsue,Matsue
Japan,JPN,Nagano,Matsumoto,Matsumoto
Japan,JPN,Ehime,Matsuyama,Matsuyama
United States,USA,Washington,Mattawa,Mattawa
United States,USA,Illinois,Matteson,Matteson
United States,USA,North Carolina,Matthews,Matthews
United States,USA,Illinois,Mattoon,Mattoon
Venezuela,VEN,Monagas,Maturin,Maturín
Brazil,BRA,Amazonas,Maues,Maués
United States,USA,South Carolina,Mauldin,Mauldin
United States,USA,Ohio,Maumee,Maumee
United States,USA,Arkansas,Maumelle,Maumelle
Indonesia,IDN,Nusa Tenggara Timur,Maumere,Maumere
Botswana,BWA,North West,Maun,Maun
Liechtenstein,LIE,Mauren,Mauren,Mauren
Angola,AGO,Kuando Kubango,Mavinga,Mavinga
Burma,MMR,Mon State,Mawlamyine,Mawlamyine
Mozambique,MOZ,Inhambane,Maxixe,Maxixe
Jamaica,JAM,Clarendon,May Pen,May Pen
Afghanistan,AFG,Wardak,Mayda Shahr,Mayda Shahr
United States,USA,Kentucky,Mayfield,Mayfield
United States,USA,Ohio,Mayfield Heights,Mayfield Heights
Russia,RUS,Adygeya,Maykop,Maykop
United States,USA,Kentucky,Maysville,Maysville
Uganda,UGA,Mayuge,Mayuge,Mayuge
Gabon,GAB,Nyanga,Mayumba,Mayumba
United States,USA,New Jersey,Maywood,Maywood
United States,USA,California,Maywood,Maywood
United States,USA,Illinois,Maywood,Maywood
Zambia,ZMB,Southern,Mazabuka,Mazabuka
Afghanistan,AFG,Balkh,Mazar-e Sharif,Mazar-e Sharif
Guatemala,GTM,Suchitepéquez,Mazatenango,Mazatenango
Mexico,MEX,Sinaloa,Mazatlan,Mazatlán
Mexico,MEX,Sonora,Mazatlan,Mazatlán
Lithuania,LTU,Mažeikiai,Mazeikiai,Mažeikiai
Zimbabwe,ZWE,Mashonaland Central,Mazowe,Mazowe
Latvia,LVA,Mazsalacas Novads,Mazsalaca,Mazsalaca
Belarus,BLR,Homyel’skaya Voblasts’,Mazyr,Mazyr
Swaziland,SWZ,Hhohho,Mbabane,Mbabane
Central African Republic,CAF,Lobaye,Mbaiki,Mbaïki
Zambia,ZMB,Northern,Mbala,Mbala
Uganda,UGA,Mbale,Mbale,Mbale
Cameroon,CMR,Centre,Mbalmayo,Mbalmayo
Tanzania,TZA,Ruvuma,Mbamba Bay,Mbamba Bay
Congo (Kinshasa),COD,Équateur,Mbandaka,Mbandaka
Angola,AGO,Zaire,Mbanza-Congo,Mbanza-Congo
Congo (Kinshasa),COD,Kongo Central,Mbanza-Ngungu,Mbanza-Ngungu
Uganda,UGA,Mbarara,Mbarara,Mbarara
Cameroon,CMR,Nord,Mbe,Mbe
Tanzania,TZA,Mbeya,Mbeya,Mbeya
Congo (Kinshasa),COD,Kasaï Oriental,Mbuji-Mayi,Mbuji-Mayi
Tanzania,TZA,Manyara,Mbulu,Mbulu
United States,USA,Oklahoma,McAlester,McAlester
United States,USA,Texas,McAllen,McAllen
United States,USA,Mississippi,McComb,McComb
United States,USA,Nebraska,McCook,McCook
United States,USA,Indiana,McCordsville,McCordsville
United States,USA,Georgia,McDonough,McDonough
United States,USA,Wisconsin,McFarland,McFarland
United States,USA,California,McFarland,McFarland
United States,USA,Texas,McGregor,McGregor
United States,USA,Illinois,McHenry,McHenry
Malawi,MWI,Mchinji,Mchinji,Mchinji
United States,USA,Pennsylvania,McKees Rocks,McKees Rocks
United States,USA,Pennsylvania,McKeesport,McKeesport
United States,USA,Tennessee,McKenzie,McKenzie
United States,USA,Texas,McKinney,McKinney
Australia,AUS,Northern Territory,McMinns Lagoon,McMinns Lagoon
United States,USA,Tennessee,McMinnville,McMinnville
United States,USA,Oregon,McMinnville,McMinnville
United States,USA,Kansas,McPherson,McPherson
Canada,CAN,Saskatchewan,Meadow Lake,Meadow Lake
United States,USA,Pennsylvania,Meadville,Meadville
Canada,CAN,Alberta,Meander River,Meander River
United States,USA,North Carolina,Mebane,Mebane
United States,USA,Pennsylvania,Mechanicsburg,Mechanicsburg
United States,USA,New York,Mechanicville,Mechanicville
Indonesia,IDN,Sumatera Utara,Medan,Medan
Sudan,SDN,Al Gazira,Medani,Medani
Algeria,DZA,Médéa,Medea,Médéa
Colombia,COL,Antioquia,Medellin,Medellín
Tunisia,TUN,Médenine,Medenine,Medenine
United States,USA,Massachusetts,Medford,Medford
United States,USA,Oregon,Medford,Medford
United States,USA,Pennsylvania,Media,Media
Canada,CAN,Alberta,Medicine Hat,Medicine Hat
Saudi Arabia,SAU,Al Madīnah al Munawwarah,Medina,Medina
United States,USA,New York,Medina,Medina
United States,USA,Ohio,Medina,Medina
United States,USA,Minnesota,Medina,Medina
India,IND,West Bengal,Medinipur,Medinipur
Russia,RUS,Orenburgskaya Oblast’,Mednogorsk,Mednogorsk
Serbia,SRB,Medveđa,Medveda,Medveđa
Slovenia,SVN,Medvode,Medvode,Medvode
Australia,AUS,Western Australia,Meekatharra,Meekatharra
India,IND,Uttar Pradesh,Meerut,Meerut
Russia,RUS,Khanty-Mansiyskiy Avtonomnyy Okrug-Yugra,Megion,Megion
Afghanistan,AFG,Laghmān,Mehtar Lam,Mehtar Lam
Cameroon,CMR,Adamaoua,Meiganga,Meiganga
China,CHN,Guangdong,Meizhou,Meizhou
Chile,CHL,Antofagasta,Mejillones,Mejillones
Gabon,GAB,Ogooué-Ivindo,Mekambo,Mékambo
Ethiopia,ETH,Tigray,Mekele,Mekele
Morocco,MAR,Fès-Meknès,Meknes,Meknes
Australia,AUS,Victoria,Melbourne,Melbourne
United States,USA,Florida,Melbourne,Melbourne
Palau,PLW,Melekeok,Melekeok,Melekeok
Spain,ESP,Melilla,Melilla,Melilla
United States,USA,Texas,Melissa,Melissa
Ukraine,UKR,Zaporiz’ka Oblast’,Melitopol,Melitopol
Malta,MLT,Mellieħa,Mellieha,Mellieħa
Uruguay,URY,Cerro Largo,Melo,Melo
United States,USA,Massachusetts,Melrose,Melrose
United States,USA,Illinois,Melrose Park,Melrose Park
Australia,AUS,Victoria,Melton,Melton
France,FRA,Île-de-France,Melun,Melun
South Sudan,SSD,Upper Nile,Melut,Melut
Canada,CAN,Saskatchewan,Melville,Melville
United States,USA,Michigan,Melvindale,Melvindale
United States,USA,Tennessee,Memphis,Memphis
United States,USA,Arkansas,Mena,Mena
Mali,MLI,Gao,Menaka,Ménaka
United States,USA,Wisconsin,Menasha,Menasha
Eritrea,ERI,Debub,Mendefera,Mendefera
Papua New Guinea,PNG,Southern Highlands,Mendi,Mendi
United States,USA,California,Mendota,Mendota
United States,USA,Illinois,Mendota,Mendota
United States,USA,Minnesota,Mendota Heights,Mendota Heights
Argentina,ARG,Mendoza,Mendoza,Mendoza
Slovenia,SVN,Mengeš,Menges,Mengeš
China,CHN,Yunnan,Mengzi,Mengzi
United States,USA,California,Menifee,Menifee
Australia,AUS,South Australia,Meningie,Meningie
Russia,RUS,Sakha (Yakutiya),Menkere,Menkere
United States,USA,California,Menlo Park,Menlo Park
United States,USA,Wisconsin,Menominee,Menominee
United States,USA,Michigan,Menominee,Menominee
United States,USA,Wisconsin,Menomonee Falls,Menomonee Falls
Angola,AGO,Kuando Kubango,Menongue,Menongue
United States,USA,Ohio,Mentor,Mentor
United States,USA,Ohio,Mentor-on-the-Lake,Mentor-on-the-Lake
United States,USA,Wisconsin,Mequon,Mequon
Indonesia,IDN,Papua,Merauke,Merauke
United States,USA,California,Merced,Merced
Uruguay,URY,Soriano,Mercedes,Mercedes
Argentina,ARG,San Luis,Mercedes,Mercedes
Argentina,ARG,Buenos Aires,Mercedes,Mercedes
Argentina,ARG,Corrientes,Mercedes,Mercedes
United States,USA,Texas,Mercedes,Mercedes
United States,USA,Washington,Mercer Island,Mercer Island
Somalia,SOM,Galguduud,Mereeg,Mereeg
Venezuela,VEN,Mérida,Merida,Merida
Mexico,MEX,Yucatán,Merida,Mérida
Spain,ESP,Extremadura,Merida,Mérida
United States,USA,Connecticut,Meriden,Meriden
United States,USA,Idaho,Meridian,Meridian
United States,USA,Mississippi,Meridian,Meridian
Australia,AUS,New South Wales,Merimbula,Merimbula
Serbia,SRB,Merošina,Merosina,Merošina
Sudan,SDN,Northern,Merowe,Merowe
Australia,AUS,Western Australia,Merredin,Merredin
United States,USA,Kansas,Merriam,Merriam
United States,USA,Wisconsin,Merrill,Merrill
United States,USA,Indiana,Merrillville,Merrillville
Luxembourg,LUX,Mersch,Mersch,Mersch
Turkey,TUR,Mersin,Mersin,Mersin
Latvia,LVA,Mērsraga Novads,Mersrags,Mērsrags
United Kingdom,GBR,Merthyr Tydfil,Merthyr Tudful,Merthyr Tudful
Kenya,KEN,Meru,Meru,Meru
United States,USA,Arizona,Mesa,Mesa
United States,USA,Texas,Mesquite,Mesquite
United States,USA,Nevada,Mesquite,Mesquite
Italy,ITA,Sicilia,Messina,Messina
United States,USA,Massachusetts,Methuen,Methuen
Slovenia,SVN,Metlika,Metlika,Metlika
United States,USA,Illinois,Metropolis,Metropolis
United States,USA,New Jersey,Metuchen,Metuchen
France,FRA,Grand Est,Metz,Metz
United States,USA,Texas,Mexia,Mexia
Mexico,MEX,Baja California,Mexicali,Mexicali
United States,USA,Missouri,Mexico,Mexico
Mexico,MEX,Ciudad de México,Mexico City,Mexico City
Afghanistan,AFG,Fāryāb,Meymaneh,Meymaneh
Russia,RUS,Arkhangel’skaya Oblast’,Mezen,Mezen
Slovenia,SVN,Mežica,Mezica,Mežica
Mexico,MEX,Oaxaca,Miahuatlan,Miahuatlán
United States,USA,Florida,Miami,Miami
United States,USA,Oklahoma,Miami,Miami
United States,USA,Florida,Miami Beach,Miami Beach
United States,USA,Florida,Miami Gardens,Miami Gardens
United States,USA,Florida,Miami Lakes,Miami Lakes
United States,USA,Florida,Miami Shores,Miami Shores
United States,USA,Florida,Miami Springs,Miami Springs
United States,USA,Ohio,Miamisburg,Miamisburg
Madagascar,MDG,Toliara,Miandrivazo,Miandrivazo
China,CHN,Sichuan,Mianyang,Mianyang
Taiwan,TWN,Miaoli,Miaoli,Miaoli
Russia,RUS,Chelyabinskaya Oblast’,Miass,Miass
United States,USA,Indiana,Michigan City,Michigan City
Russia,RUS,Tambovskaya Oblast’,Michurinsk,Michurinsk
South Africa,ZAF,Eastern Cape,Middelburg,Middelburg
South Africa,ZAF,Mpumalanga,Middelburg,Middelburg
Netherlands,NLD,Zeeland,Middelburg,Middelburg
United States,USA,Ohio,Middleburg Heights,Middleburg Heights
United States,USA,Ohio,Middleport,Middleport
United Kingdom,GBR,Redcar and Cleveland,Middlesbrough,Middlesbrough
United States,USA,New Jersey,Middlesex,Middlesex
United States,USA,Wisconsin,Middleton,Middleton
United States,USA,Idaho,Middleton,Middleton
United States,USA,Delaware,Middletown,Middletown
United States,USA,New York,Middletown,Middletown
United States,USA,Pennsylvania,Middletown,Middletown
United States,USA,Connecticut,Middletown,Middletown
United States,USA,Ohio,Middletown,Middletown
United States,USA,Kentucky,Middletown,Middletown
United States,USA,Alabama,Midfield,Midfield
United States,USA,Texas,Midland,Midland
United States,USA,Michigan,Midland,Midland
United States,USA,New Jersey,Midland Park,Midland Park
United States,USA,Texas,Midlothian,Midlothian
United States,USA,Illinois,Midlothian,Midlothian
United States,USA,Utah,Midvale,Midvale
United States,USA,Utah,Midway,Midway
United States,USA,Oklahoma,Midwest City,Midwest City
Romania,ROU,Harghita,Miercurea Cuic,Miercurea Cuic
Kenya,KEN,Migori,Migori,Migori
Russia,RUS,Sakha (Yakutiya),Mikhalkino,Mikhalkino
Russia,RUS,Volgogradskaya Oblast’,Mikhaylovka,Mikhaylovka
Finland,FIN,Etelä-Savo,Mikkeli,Mikkeli
Slovenia,SVN,Miklavž na Dravskem Polju,Miklavz na Dravskem Polju,Miklavž na Dravskem Polju
Tanzania,TZA,Morogoro,Mikumi,Mikumi
Algeria,DZA,Mila,Mila,Mila
Ecuador,ECU,Guayas,Milagro,Milagro
Italy,ITA,Lombardy,Milan,Milan
United States,USA,Tennessee,Milan,Milan
United States,USA,Illinois,Milan,Milan
United States,USA,Michigan,Milan,Milan
Australia,AUS,Victoria,Mildura,Mildura
United States,USA,Montana,Miles City,Miles City
United States,USA,Delaware,Milford,Milford
United States,USA,Ohio,Milford,Milford
United States,USA,Michigan,Milford,Milford
United States,USA,Washington,Mill Creek,Mill Creek
United States,USA,California,Mill Valley,Mill Valley
United States,USA,California,Millbrae,Millbrae
United States,USA,Alabama,Millbrook,Millbrook
United States,USA,Utah,Millcreek,Millcreek
United States,USA,Georgia,Milledgeville,Milledgeville
Russia,RUS,Rostovskaya Oblast’,Millerovo,Millerovo
United States,USA,Tennessee,Millersville,Millersville
United States,USA,Pennsylvania,Millersville,Millersville
United States,USA,Colorado,Milliken,Milliken
United States,USA,Tennessee,Millington,Millington
United States,USA,North Carolina,Mills River,Mills River
United States,USA,Delaware,Millsboro,Millsboro
United States,USA,New Jersey,Milltown,Milltown
United States,USA,New Jersey,Millville,Millville
United States,USA,California,Milpitas,Milpitas
United States,USA,Washington,Milton,Milton
United States,USA,Wisconsin,Milton,Milton
United States,USA,Florida,Milton,Milton
United States,USA,Pennsylvania,Milton,Milton
United States,USA,Georgia,Milton,Milton
United Kingdom,GBR,Milton Keynes,Milton Keynes,Milton Keynes
United States,USA,Oregon,Milton-Freewater,Milton-Freewater
United States,USA,Wisconsin,Milwaukee,Milwaukee
United States,USA,Oregon,Milwaukie,Milwaukie
Uruguay,URY,Lavalleja,Minas,Minas
Mexico,MEX,Veracruz,Minatitlan,Minatitlán
Cabo Verde,CPV,São Vicente,Mindelo,Mindelo
United States,USA,Louisiana,Minden,Minden
Brazil,BRA,Goiás,Mineiros,Mineiros
United States,USA,Texas,Mineola,Mineola
United States,USA,New York,Mineola,Mineola
United States,USA,Texas,Mineral Wells,Mineral Wells
Canada,CAN,Québec,Mingan,Mingan
Azerbaijan,AZE,Mingəçevir,Mingacevir,Mingəçevir
Nigeria,NGA,Niger,Minna,Minna
United States,USA,Minnesota,Minneapolis,Minneapolis
United States,USA,Florida,Minneola,Minneola
United States,USA,Minnesota,Minnetonka,Minnetonka
United States,USA,Minnesota,Minnetrista,Minnetrista
United States,USA,Illinois,Minooka,Minooka
United States,USA,North Dakota,Minot,Minot
Belarus,BLR,,Minsk,Minsk
United States,USA,North Carolina,Mint Hill,Mint Hill
China,CHN,Gansu,Minxian,Minxian
Serbia,SRB,Mionica,Mionica,Mionica
Brazil,BRA,Rio de Janeiro,Miracema,Miracema
Haiti,HTI,Nippes,Miragoane,Miragoâne
United States,USA,Florida,Miramar,Miramar
Oman,OMN,Z̧ufār,Mirbat,Mirbat
Slovenia,SVN,Miren-Kostanjevica,Miren,Miren
Malaysia,MYS,Sarawak,Miri,Miri
Slovenia,SVN,Mirna,Mirna,Mirna
Slovenia,SVN,Mirna Peč,Mirna Pec,Mirna Peč
Russia,RUS,Sakha (Yakutiya),Mirnyy,Mirnyy
Pakistan,PAK,Sindh,Mirput Khas,Mirput Khas
India,IND,Uttar Pradesh,Mirzapur,Mirzapur
China,CHN,Heilongjiang,Mishan,Mishan
United States,USA,Indiana,Mishawaka,Mishawaka
Hungary,HUN,Miskolc,Miskolc,Miskolc
Slovenia,SVN,Mislinja,Mislinja,Mislinja
Libya,LBY,Mişrātah,Misratah,Misratah
United States,USA,Texas,Mission,Mission
United States,USA,Kansas,Mission,Mission
United States,USA,California,Mission Viejo,Mission Viejo
United States,USA,Montana,Missoula,Missoula
United States,USA,Texas,Missouri City,Missouri City
Canada,CAN,Québec,Mistassini,Mistassini
United States,USA,South Dakota,Mitchell,Mitchell
Greece,GRC,Voreío Aigaío,Mitilini,Mitilini
Mexico,MEX,Oaxaca,Mitla,Mitla
Japan,JPN,Ibaraki,Mito,Mito
Uganda,UGA,Mitooma,Mitoma,Mitoma
Kosovo,XKS,,Mitrovice,Mitrovicë
Colombia,COL,Vaupés,Mitu,Mitú
Uganda,UGA,Mityana,Mityana,Mityana
Gabon,GAB,Woleu-Ntem,Mitzik,Mitzik
Japan,JPN,Miyazaki,Miyazaki,Miyazaki
Libya,LBY,Al Jabal al Gharbī,Mizdah,Mizdah
Tanzania,TZA,Zanzibar North,Mkokotoni,Mkokotoni
South Africa,ZAF,North West,Mmabatho,Mmabatho
Norway,NOR,Nordland,Mo i Rana,Mo i Rana
United States,USA,Utah,Moab,Moab
Congo (Kinshasa),COD,Kongo Central,Moanda,Moanda
Gabon,GAB,Haut-Ogooué,Moanda,Moanda
Mozambique,MOZ,Tete,Moatize,Moatize
Congo (Kinshasa),COD,Tanganyika,Moba,Moba
Central African Republic,CAF,Basse-Kotto,Mobaye,Mobaye
United States,USA,Missouri,Moberly,Moberly
United States,USA,Alabama,Mobile,Mobile
Dominican Republic,DOM,Cibao Norte,Moca,Moca
Mozambique,MOZ,Nampula,Mocambique,Mocambique
Botswana,BWA,Kgatleng,Mochudi,Mochudi
Mozambique,MOZ,,Mocimboa,Mocimboa
United States,USA,North Carolina,Mocksville,Mocksville
Colombia,COL,Putumayo,Mocoa,Mocoa
Mozambique,MOZ,Zambézia,Mocuba,Mocuba
Italy,ITA,Emilia-Romagna,Modena,Modena
United States,USA,California,Modesto,Modesto
Suriname,SUR,Marowijne,Moengo,Moengo
Somalia,SOM,Banaadir,Mogadishu,Mogadishu
Macedonia,MKD,Mogila,Mogila,Mogila
Russia,RUS,Zabaykal’skiy Kray,Mogocha,Mogocha
Lesotho,LSO,Mohale’s Hoek,Mohales Hoek,Mohales Hoek
Botswana,BWA,,Mohembo,Mohembo
Montenegro,MNE,Mojkovac,Mojkovac,Mojkovac
Indonesia,IDN,Jawa Timur,Mojokerto,Mojokerto
United States,USA,Illinois,Mokena,Mokena
Lesotho,LSO,Mokhotlong,Mokhotlong,Mokhotlong
"Korea, South",KOR,Jeonnam,Mokpo,Mokpo
Slovenia,SVN,Mokronog-Trebelno,Mokronog,Mokronog
United States,USA,Oregon,Molalla,Molalla
United Kingdom,GBR,Flintshire,Mold,Mold
Norway,NOR,Møre og Romsdal,Molde,Molde
Botswana,BWA,Kweneng,Molepolole,Molepolole
Lithuania,LTU,Molėtai,Moletai,Molėtai
United States,USA,Illinois,Moline,Moline
Peru,PER,Arequipa,Mollendo,Mollendo
Congo (Brazzaville),COG,Sangha,Moloundou,Moloundou
Kenya,KEN,Mombasa,Mombasa,Mombasa
United States,USA,Pennsylvania,Monaca,Monaca
Monaco,MCO,,Monaco,Monaco
United States,USA,Texas,Monahans,Monahans
Tunisia,TUN,Monastir,Monastir,Monastir
Russia,RUS,Murmanskaya Oblast’,Monchegorsk,Monchegorsk
United States,USA,South Carolina,Moncks Corner,Moncks Corner
Mexico,MEX,Coahuila de Zaragoza,Monclova,Monclova
Canada,CAN,New Brunswick,Moncton,Moncton
United States,USA,Illinois,Monee,Monee
United States,USA,Pennsylvania,Monessen,Monessen
United States,USA,Missouri,Monett,Monett
Bhutan,BTN,Mongar,Mongar,Mongar
Congo (Kinshasa),COD,Ituri,Mongbwalu,Mongbwalu
Chad,TCD,Guéra,Mongo,Mongo
Equatorial Guinea,GNQ,Wele-Nzas,Mongomo,Mongomo
Zambia,ZMB,Western,Mongu,Mongu
United States,USA,Illinois,Monmouth,Monmouth
United States,USA,Oregon,Monmouth,Monmouth
United States,USA,Wisconsin,Monona,Monona
United States,USA,Washington,Monroe,Monroe
United States,USA,Wisconsin,Monroe,Monroe
United States,USA,Louisiana,Monroe,Monroe
United States,USA,North Carolina,Monroe,Monroe
United States,USA,New York,Monroe,Monroe
United States,USA,Georgia,Monroe,Monroe
United States,USA,Ohio,Monroe,Monroe
United States,USA,Michigan,Monroe,Monroe
United States,USA,Pennsylvania,Monroeville,Monroeville
Liberia,LBR,Montserrado,Monrovia,Monrovia
United States,USA,California,Monrovia,Monrovia
Belgium,BEL,Wallonia,Mons,Mons
United States,USA,Texas,Mont Belvieu,Mont Belvieu
Bulgaria,BGR,Montana,Montana,Montana
United States,USA,California,Montclair,Montclair
Dominican Republic,DOM,Cibao Noroeste,Monte Cristi,Monte Cristi
Dominican Republic,DOM,Higuamo,Monte Plata,Monte Plata
Argentina,ARG,Santiago del Estero,Monte Quemado,Monte Quemado
United States,USA,California,Montebello,Montebello
Jamaica,JAM,Saint James,Montego Bay,Montego Bay
Mexico,MEX,Nuevo León,Montemorelos,Montemorelos
Mozambique,MOZ,Cabo Delgado,Montepuez,Montepuez
United States,USA,California,Monterey,Monterey
United States,USA,California,Monterey Park,Monterey Park
Colombia,COL,Córdoba,Monteria,Montería
Bolivia,BOL,Santa Cruz,Montero,Montero
Mexico,MEX,Nuevo León,Monterrey,Monterrey
Brazil,BRA,Minas Gerais,Montes Claros,Montes Claros
United States,USA,Washington,Montesano,Montesano
United States,USA,Alabama,Montevallo,Montevallo
Uruguay,URY,Montevideo,Montevideo,Montevideo
United States,USA,Minnesota,Montevideo,Montevideo
United States,USA,Georgia,Montezuma,Montezuma
United States,USA,Pennsylvania,Montgomery,Montgomery
United States,USA,Alabama,Montgomery,Montgomery
United States,USA,Illinois,Montgomery,Montgomery
United States,USA,Ohio,Montgomery,Montgomery
United States,USA,New York,Monticello,Monticello
United States,USA,Arkansas,Monticello,Monticello
United States,USA,Illinois,Monticello,Monticello
United States,USA,Indiana,Monticello,Monticello
United States,USA,Minnesota,Monticello,Monticello
United States,USA,Kentucky,Monticello,Monticello
Canada,CAN,Québec,Mont-Laurier,Mont-Laurier
United States,USA,Vermont,Montpelier,Montpelier
France,FRA,Occitanie,Montpellier,Montpellier
Canada,CAN,Québec,Montreal,Montréal
United States,USA,Colorado,Montrose,Montrose
United States,USA,New Jersey,Montvale,Montvale
United States,USA,Colorado,Monument,Monument
Burma,MMR,Sagaing,Monywa,Monywa
United States,USA,Alabama,Moody,Moody
United States,USA,Oklahoma,Moore,Moore
United States,USA,North Carolina,Mooresville,Mooresville
United States,USA,Indiana,Mooresville,Mooresville
United States,USA,Minnesota,Moorhead,Moorhead
United States,USA,California,Moorpark,Moorpark
Canada,CAN,Saskatchewan,Moose Jaw,Moose Jaw
United States,USA,Pennsylvania,Moosic,Moosic
Canada,CAN,Ontario,Moosonee,Moosonee
Botswana,BWA,Central,Mopipi,Mopipi
Mali,MLI,Mopti,Mopti,Mopti
Peru,PER,Moquegua,Moquegua,Moquegua
India,IND,Uttar Pradesh,Moradabad,Moradabad
United States,USA,California,Moraga,Moraga
United States,USA,Ohio,Moraine,Moraine
Australia,AUS,Queensland,Moranbah,Moranbah
Jamaica,JAM,Saint Thomas,Morant Bay,Morant Bay
Sri Lanka,LKA,Western,Moratuwa,Moratuwa
Slovenia,SVN,Moravče,Moravce,Moravče
Slovenia,SVN,Moravske Toplice,Moravske-Toplice,Moravske-Toplice
Australia,AUS,Western Australia,Morawa,Morawa
United Kingdom,GBR,Merton,Morden,Morden
Australia,AUS,New South Wales,Moree,Moree
United States,USA,Kentucky,Morehead,Morehead
United States,USA,North Carolina,Morehead City,Morehead City
Mexico,MEX,Michoacán de Ocampo,Morelia,Morelia
United States,USA,California,Moreno Valley,Moreno Valley
United States,USA,Louisiana,Morgan City,Morgan City
United States,USA,California,Morgan Hill,Morgan Hill
United States,USA,Kentucky,Morganfield,Morganfield
United States,USA,North Carolina,Morganton,Morganton
United States,USA,West Virginia,Morgantown,Morgantown
Japan,JPN,Iwate,Morioka,Morioka
Tanzania,TZA,Morogoro,Morogoro,Morogoro
Madagascar,MDG,Toliara,Morombe,Morombe
Cuba,CUB,Ciego de Ávila,Moron,Morón
Mongolia,MNG,Hövsgöl,Moron,Mörön
Madagascar,MDG,Toliara,Morondava,Morondava
Comoros,COM,Grande Comore,Moroni,Moroni
Uganda,UGA,Moroto,Moroto,Moroto
United Kingdom,GBR,Northumberland,Morpeth,Morpeth
United States,USA,Arkansas,Morrilton,Morrilton
Brazil,BRA,Goiás,Morrinhos,Morrinhos
United States,USA,Illinois,Morris,Morris
United States,USA,Minnesota,Morris,Morris
United States,USA,New Jersey,Morris Plains,Morris Plains
United States,USA,New Jersey,Morristown,Morristown
United States,USA,Tennessee,Morristown,Morristown
United States,USA,North Carolina,Morrisville,Morrisville
United States,USA,Pennsylvania,Morrisville,Morrisville
United States,USA,California,Morro Bay,Morro Bay
United States,USA,Georgia,Morrow,Morrow
Russia,RUS,Tambovskaya Oblast’,Morshansk,Morshansk
United States,USA,Illinois,Morton,Morton
United States,USA,Illinois,Morton Grove,Morton Grove
Russia,RUS,Moskva,Moscow,Moscow
United States,USA,Idaho,Moscow,Moscow
United States,USA,Washington,Moses Lake,Moses Lake
Tanzania,TZA,Kilimanjaro,Moshi,Moshi
Norway,NOR,Østfold,Moss,Moss
United States,USA,Mississippi,Moss Point,Moss Point
South Africa,ZAF,Western Cape,Mossel Bay,Mossel Bay
Congo (Brazzaville),COG,Niari,Mossendjo,Mossendjo
Brazil,BRA,Rio Grande do Norte,Mossoro,Mossoró
Malta,MLT,Mosta,Mosta,Mosta
Algeria,DZA,Mostaganem,Mostaganem,Mostaganem
Bosnia And Herzegovina,BIH,"Bosnia and Herzegovina, Federation of",Mostar,Mostar
Iraq,IRQ,Nīnawá,Mosul,Mosul
United Kingdom,GBR,North Lanarkshire,Motherwell,Motherwell
Mexico,MEX,Yucatán,Motul,Motul
Peru,PER,Lambayeque,Motupe,Motupe
Gabon,GAB,Ngounié,Mouila,Mouila
United States,USA,Georgia,Moultrie,Moultrie
United States,USA,Minnesota,Mound,Mound
Chad,TCD,Logone Occidental,Moundou,Moundou
United States,USA,Minnesota,Mounds View,Mounds View
United States,USA,West Virginia,Moundsville,Moundsville
United States,USA,North Carolina,Mount Airy,Mount Airy
United States,USA,Maryland,Mount Airy,Mount Airy
United States,USA,New Jersey,Mount Arlington,Mount Arlington
Australia,AUS,Western Australia,Mount Barker,Mount Barker
United States,USA,Tennessee,Mount Carmel,Mount Carmel
United States,USA,Pennsylvania,Mount Carmel,Mount Carmel
United States,USA,Illinois,Mount Carmel,Mount Carmel
United States,USA,Michigan,Mount Clemens,Mount Clemens
United States,USA,Florida,Mount Dora,Mount Dora
Australia,AUS,South Australia,Mount Gambier,Mount Gambier
United States,USA,Ohio,Mount Healthy,Mount Healthy
United States,USA,North Carolina,Mount Holly,Mount Holly
United States,USA,Wisconsin,Mount Horeb,Mount Horeb
Australia,AUS,Queensland,Mount Isa,Mount Isa
United States,USA,Pennsylvania,Mount Joy,Mount Joy
United States,USA,Tennessee,Mount Juliet,Mount Juliet
United States,USA,New York,Mount Kisco,Mount Kisco
Australia,AUS,Western Australia,Mount Magnet,Mount Magnet
United States,USA,North Carolina,Mount Olive,Mount Olive
United States,USA,Wisconsin,Mount Pleasant,Mount Pleasant
United States,USA,Texas,Mount Pleasant,Mount Pleasant
United States,USA,Iowa,Mount Pleasant,Mount Pleasant
United States,USA,Michigan,Mount Pleasant,Mount Pleasant
United States,USA,South Carolina,Mount Pleasant,Mount Pleasant
United States,USA,Pennsylvania,Mount Pocono,Mount Pocono
United States,USA,Illinois,Mount Prospect,Mount Prospect
United States,USA,Maryland,Mount Rainier,Mount Rainier
United States,USA,California,Mount Shasta,Mount Shasta
United States,USA,Kentucky,Mount Sterling,Mount Sterling
United States,USA,Washington,Mount Vernon,Mount Vernon
United States,USA,New York,Mount Vernon,Mount Vernon
United States,USA,Illinois,Mount Vernon,Mount Vernon
United States,USA,Indiana,Mount Vernon,Mount Vernon
United States,USA,Iowa,Mount Vernon,Mount Vernon
United States,USA,Ohio,Mount Vernon,Mount Vernon
United States,USA,Kentucky,Mount Washington,Mount Washington
United States,USA,Illinois,Mount Zion,Mount Zion
United States,USA,Alabama,Mountain Brook,Mountain Brook
United States,USA,Arkansas,Mountain Home,Mountain Home
United States,USA,Idaho,Mountain Home,Mountain Home
United States,USA,California,Mountain View,Mountain View
United States,USA,New Jersey,Mountainside,Mountainside
United States,USA,Washington,Mountlake Terrace,Mountlake Terrace
Chad,TCD,Barh el Gazel,Moussoro,Moussoro
Kenya,KEN,Marsabit,Moyale,Moyale
Lesotho,LSO,Quthing,Moyeni,Moyeni
Uganda,UGA,Moyo,Moyo,Moyo
Peru,PER,San Martín,Moyobamba,Moyobamba
Russia,RUS,North Ossetia,Mozdok,Mozdok
Russia,RUS,Udmurtiya,Mozhga,Mozhga
Slovenia,SVN,Mozirje,Mozirje,Mozirje
Tanzania,TZA,Katavi,Mpanda,Mpanda
Uganda,UGA,,Mparo,Mparo
Uganda,UGA,Mpigi,Mpigi,Mpigi
Zambia,ZMB,Muchinga,Mpika,Mpika
Tanzania,TZA,Dodoma,Mpwapwa,Mpwapwa
Algeria,DZA,M’sila,M'sila,M'sila
Papua New Guinea,PNG,Western Highlands,Mt. Hagen,Mt. Hagen
Russia,RUS,Orlovskaya Oblast’,Mtsensk,Mtsensk
Georgia,GEO,Mtskheta Mtianeti,Mtskheta,Mtskheta
Tanzania,TZA,Mtwara,Mtwara,Mtwara
"Korea, South",KOR,Jeonnam,Muan,Muan
Laos,LAO,Bolikhamxai,Muang Pakxan,Muang Pakxan
Laos,LAO,Viangchan,Muang Phon-Hong,Muang Phôn-Hông
Laos,LAO,Xiangkhouang,Muang Phonsavan,Muang Phônsavan
Laos,LAO,Oudômxai,Muang Xai,Muang Xai
Malaysia,MYS,Johor,Muar,Muar
Uganda,UGA,Mubende,Mubende,Mubende
Nigeria,NGA,Adamawa,Mubi,Mubi
Angola,AGO,Lunda Sul,Muconda,Muconda
Angola,AGO,Kuando Kubango,Mucusso,Mucusso
China,CHN,Heilongjiang,Mudangiang,Mudangiang
Australia,AUS,New South Wales,Mudgee,Mudgee
Burma,MMR,Mon State,Mudon,Mudon
Zambia,ZMB,Copperbelt,Mufulira,Mufulira
Turkey,TUR,Muğla,Mugla,Muğla
Sudan,SDN,Western Kordofan,Muglad,Muglad
Ireland,IRL,Monaghan,Muineachan,Muineachan
Ecuador,ECU,Esmeraldas,Muisne,Muisne
Thailand,THA,Mukdahan,Mukdahan,Mukdahan
Russia,RUS,Chukotskiy Avtonomnyy Okrug,Mukhomornoye,Mukhomornoye
United States,USA,Washington,Mukilteo,Mukilteo
Uganda,UGA,Mukono,Mukono,Mukono
United States,USA,Wisconsin,Mukwonago,Mukwonago
Malawi,MWI,Mulanje,Mulanje,Mulanje
United States,USA,Oklahoma,Muldrow,Muldrow
United States,USA,Texas,Muleshoe,Muleshoe
France,FRA,Grand Est,Mulhouse,Mulhouse
Maldives,MDV,,Muli,Muli
Samoa,WSM,Aiga-i-le-Tai,Mulifanua,Mulifanua
Ireland,IRL,Westmeath,Mullingar,Mullingar
United States,USA,South Carolina,Mullins,Mullins
Pakistan,PAK,Punjab,Multan,Multan
United States,USA,Kansas,Mulvane,Mulvane
India,IND,Mahārāshtra,Mumbai,Mumbai
Zambia,ZMB,Central,Mumbwa,Mumbwa
"Korea, North",PRK,Kangwŏn,Munchon,Munchon
United States,USA,Indiana,Muncie,Muncie
United States,USA,Pennsylvania,Muncy,Muncy
United States,USA,Illinois,Mundelein,Mundelein
Russia,RUS,Kemerovskaya Oblast’,Mundybash,Mundybash
United States,USA,Tennessee,Munford,Munford
United States,USA,Pennsylvania,Munhall,Munhall
Germany,DEU,Bavaria,Munich,Munich
United States,USA,Ohio,Munroe Falls,Munroe Falls
United States,USA,Indiana,Munster,Munster
Germany,DEU,North Rhine-Westphalia,Munster,Münster
Philippines,PHL,Muntinlupa,Muntinlupa City,Muntinlupa City
Malta,MLT,Munxar,Munxar,Munxar
Burundi,BDI,Muramvya,Muramvya,Muramvya
Kenya,KEN,Murang’a,Murang'a,Murang’a
Spain,ESP,Murcia,Murcia,Murcia
United States,USA,Tennessee,Murfreesboro,Murfreesboro
Brazil,BRA,Minas Gerais,Muriae,Muriaé
Russia,RUS,Murmanskaya Oblast’,Murmansk,Murmansk
Latvia,LVA,Beverīnas Novads,Murmuiza,Mūrmuiža
Russia,RUS,Vladimirskaya Oblast’,Murom,Murom
Japan,JPN,Hokkaidō,Muroran,Muroran
United States,USA,Texas,Murphy,Murphy
United States,USA,Illinois,Murphysboro,Murphysboro
United States,USA,Utah,Murray,Murray
United States,USA,Kentucky,Murray,Murray
Australia,AUS,South Australia,Murray Bridge,Murray Bridge
United States,USA,California,Murrieta,Murrieta
United States,USA,Pennsylvania,Murrysville,Murrysville
Slovenia,SVN,Murska Sobota,Murska Sobota,Murska Sobota
Turkey,TUR,Muş,Mus,Muş
"Korea, North",PRK,Hambuk,Musan,Musan
Oman,OMN,Masqaţ,Muscat,Muscat
United States,USA,Iowa,Muscatine,Muscatine
United States,USA,Alabama,Muscle Shoals,Muscle Shoals
Congo (Kinshasa),COD,Mai-Ndombe,Mushie,Mushie
South Africa,ZAF,Limpopo,Musina,Musina
United States,USA,Wisconsin,Muskego,Muskego
United States,USA,Michigan,Muskegon,Muskegon
United States,USA,Michigan,Muskegon Heights,Muskegon Heights
United States,USA,Oklahoma,Muskogee,Muskogee
Tanzania,TZA,Mara,Musoma,Musoma
United States,USA,Oklahoma,Mustang,Mustang
Australia,AUS,New South Wales,Muswellbrook,Muswellbrook
Slovenia,SVN,Muta,Muta,Muta
Zimbabwe,ZWE,Manicaland,Mutare,Mutare
Burundi,BDI,Muyinga,Muyinga,Muyinga
Uzbekistan,UZB,Qoraqalpog‘iston,Muynoq,Muynoq
India,IND,Uttar Pradesh,Muzaffarnagar,Muzaffarnagar
India,IND,Bihār,Muzaffarpur,Muzaffarpur
Malawi,MWI,Mwanza,Mwanza,Mwanza
Tanzania,TZA,Mwanza,Mwanza,Mwanza
Burundi,BDI,Mwaro,Mwaro,Mwaro
Kenya,KEN,Taita/Taveta,Mwatate,Mwatate
Congo (Kinshasa),COD,Kasaï,Mweka,Mweka
Congo (Kinshasa),COD,Lomami,Mwene-Ditu,Mwene-Ditu
Congo (Kinshasa),COD,Sud-Kivu,Mwenga,Mwenga
Kenya,KEN,Kitui,Mwingi,Mwingi
Zambia,ZMB,North-Western,Mwinilunga,Mwinilunga
Vietnam,VNM,Tiền Giang,My Tho,Mỹ Tho
Burma,MMR,Taninthayi,Myeik,Myeik
Burma,MMR,Mandalay,Myingyan,Myingyan
Burma,MMR,Kachin State,Myitkyina,Myitkyina
Ukraine,UKR,Mykolayivs’ka Oblast’,Mykolayiv,Mykolayiv
Bangladesh,BGD,Mymensingh,Mymensingh,Mymensingh
United States,USA,South Carolina,Myrtle Beach,Myrtle Beach
India,IND,Karnātaka,Mysore,Mysore
Malawi,MWI,Mzimba,Mzimba,Mzimba
Malawi,MWI,,Mzuzu,Mzuzu
Algeria,DZA,Naama,Naama,Naama
Ireland,IRL,Kildare,Naas,Naas
Lebanon,LBN,Nabatîyé,Nabatiye et Tahta,Nabatiye et Tahta
Russia,RUS,Tatarstan,Naberezhnyye Chelny,Naberezhnyye Chelny
Tunisia,TUN,Nabeul,Nabeul,Nabeul
Indonesia,IDN,Papua,Nabire,Nabire
Philippines,PHL,Compostela Valley,Nabunturan,Nabunturan
Mozambique,MOZ,Nampula,Nacala,Nacala
Honduras,HND,Valle,Nacaome,Nacaome
United States,USA,Texas,Nacogdoches,Nacogdoches
Mexico,MEX,Sonora,Nacozari de Garcia,Nacozari de García
Paraguay,PRY,Alto Paraná,Nacunday,Ñacunday
Malta,MLT,Nadur,Nadur,Nadur
Russia,RUS,Yamalo-Nenetskiy Avtonomnyy Okrug,Nadym,Nadym
Azerbaijan,AZE,Naftalan,Naftalan,Naftalan
Philippines,PHL,Naga,Naga,Naga
Japan,JPN,Nagano,Nagano,Nagano
Japan,JPN,Niigata,Nagaoka,Nagaoka
Japan,JPN,Nagasaki,Nagasaki,Nagasaki
China,CHN,Tibet,Nagchu,Nagchu
Ethiopia,ETH,Oromīya,Nagele,Nagele
India,IND,Tamil Nādu ,Nagercoil,Nagercoil
Japan,JPN,Aichi,Nagoya,Nagoya
India,IND,Mahārāshtra,Nagpur,Nagpur
Dominican Republic,DOM,Cibao Nordeste,Nagua,Nagua
Hungary,HUN,Zala,Nagykanizsa,Nagykanizsa
Japan,JPN,Okinawa,Naha,Naha
Maldives,MDV,,Naifaru,Naifaru
Canada,CAN,Newfoundland and Labrador,Nain,Nain
Kenya,KEN,Nairobi City,Nairobi,Nairobi
Kenya,KEN,Nakuru,Naivasha,Naivasha
Saudi Arabia,SAU,Najrān,Najran,Najran
Uganda,UGA,Nakapiripirit,Nakapiripirit,Nakapiripirit
Uganda,UGA,Nakaseke,Nakaseke,Nakaseke
Uganda,UGA,Nakasongola,Nakasongola,Nakasongola
Russia,RUS,Primorskiy Kray,Nakhodka,Nakhodka
Russia,RUS,Yamalo-Nenetskiy Avtonomnyy Okrug,Nakhodka,Nakhodka
Thailand,THA,Nakhon Nayok,Nakhon Nayok,Nakhon Nayok
Thailand,THA,Nakhon Pathom,Nakhon Pathom,Nakhon Pathom
Thailand,THA,Nakhon Phanom,Nakhon Phanom,Nakhon Phanom
Thailand,THA,Nakhon Ratchasima,Nakhon Ratchasima,Nakhon Ratchasima
Thailand,THA,Nakhon Sawan,Nakhon Sawan,Nakhon Sawan
Thailand,THA,Nakhon Si Thammarat,Nakhon Si Thammarat,Nakhon Si Thammarat
Slovenia,SVN,Naklo,Naklo,Naklo
Kenya,KEN,Nakuru,Nakuru,Nakuru
Russia,RUS,Kabardino-Balkariya,Naltchik,Naltchik
Libya,LBY,Nālūt,Nalut,Nalut
Vietnam,VNM,Nam Định,Nam Dinh,Nam Định
Kenya,KEN,,Namanga,Namanga
Uzbekistan,UZB,Namangan,Namangan,Namangan
Uganda,UGA,Namayingo,Namayingo,Namayingo
Angola,AGO,Namibe,Namibe,Namibe
United States,USA,Idaho,Nampa,Nampa
"Korea, North",PRK,,Nampo,Nampo
Mozambique,MOZ,Nampula,Nampula,Nampula
Norway,NOR,,Namsos,Namsos
Burma,MMR,Shan State,Namtu,Namtu
Belgium,BEL,Wallonia,Namur,Namur
Uganda,UGA,Namutumba,Namutumba,Namutumba
Thailand,THA,Nan,Nan,Nan
Canada,CAN,British Columbia,Nanaimo,Nanaimo
China,CHN,Heilongjiang,Nancha,Nancha
China,CHN,Jiangxi,Nanchang,Nanchang
China,CHN,Sichuan,Nanchong,Nanchong
France,FRA,Grand Est,Nancy,Nancy
India,IND,Mahārāshtra,Nanded,Nanded
Fiji,FJI,Ba,Nandi,Nandi
India,IND,Andhra Pradesh,Nandyal,Nandyal
Taiwan,TWN,Lienchiang,Nangan,Nangan
China,CHN,Hebei,Nangong,Nangong
China,CHN,Jiangsu,Nanjing,Nanjing
China,CHN,Guangxi,Nanning,Nanning
China,CHN,Fujian,Nanping,Nanping
France,FRA,Pays de la Loire,Nantes,Nantes
United States,USA,Pennsylvania,Nanticoke,Nanticoke
China,CHN,Jiangsu,Nantong,Nantong
Taiwan,TWN,Nantou,Nantou,Nantou
Brazil,BRA,Minas Gerais,Nanuque,Nanuque
China,CHN,Henan,Nanyang,Nanyang
Kenya,KEN,Laikipia,Nanyuki,Nanyuki
United States,USA,California,Napa,Napa
Uganda,UGA,Napak,Napak,Napak
United States,USA,Illinois,Naperville,Naperville
New Zealand,NZL,Hawke’s Bay,Napier,Napier
Italy,ITA,Campania,Naples,Naples
United States,USA,Florida,Naples,Naples
United States,USA,Ohio,Napoleon,Napoleon
United States,USA,Indiana,Nappanee,Nappanee
Mali,MLI,Koulikoro,Nara,Nara
Japan,JPN,Nara,Nara,Nara
Thailand,THA,Narathiwat,Narathiwat,Narathiwat
Bangladesh,BGD,Dhaka,Narayanganj,Narayanganj
Kenya,KEN,Narok,Narok,Narok
Australia,AUS,New South Wales,Narrabri,Narrabri
Australia,AUS,Western Australia,Narrogin,Narrogin
Greenland,GRL,Kujalleq,Narsarsuaq,Narsarsuaq
Estonia,EST,Ida-Virumaa,Narva,Narva
Norway,NOR,Nordland,Narvik,Narvik
Russia,RUS,Nenetskiy Avtonomnyy Okrug,Naryan Mar,Naryan Mar
Kyrgyzstan,KGZ,Naryn,Naryn,Naryn
Peru,PER,Ica,Nasca,Nasca
United States,USA,New Hampshire,Nashua,Nashua
United States,USA,North Carolina,Nashville,Nashville
United States,USA,Tennessee,Nashville,Nashville
India,IND,Mahārāshtra,Nasik,Nasik
South Sudan,SSD,Upper Nile,Nasir,Nasir
"Bahamas, The",BHS,,Nassau,Nassau
Botswana,BWA,,Nata,Nata
Brazil,BRA,Amazonas,Natal,Natal
Brazil,BRA,Rio Grande do Norte,Natal,Natal
Canada,CAN,Québec,Natashquan,Natashquan
United States,USA,Mississippi,Natchez,Natchez
United States,USA,Louisiana,Natchitoches,Natchitoches
United States,USA,California,National City,National City
Benin,BEN,Atacora,Natitingou,Natitingou
United States,USA,Connecticut,Naugatuck,Naugatuck
Canada,CAN,Nunavut,Repulse Bay,Naujaat
Latvia,LVA,Naukšēnu Novads,Naukseni,Naukšēni
Peru,PER,Loreto,Nauta,Nauta
Mexico,MEX,Veracruz,Nautla,Nautla
Mexico,MEX,Sonora,Navajoa,Navajoa
Philippines,PHL,Biliran,Naval,Naval
United States,USA,Texas,Navasota,Navasota
Uzbekistan,UZB,Navoiy,Navoi,Navoi
Uzbekistan,UZB,Navoiy,Navoiy,Navoiy
Philippines,PHL,Navotas,Navotas,Navotas
India,IND,Gujarāt,Navsari,Navsari
Bangladesh,BGD,Rājshāhi,Nawabganj,Nawabganj
Pakistan,PAK,Sindh,Nawabshah,Nawabshah
Azerbaijan,AZE,Naxçıvan,Naxcivan,Naxcivan
Malta,MLT,Naxxar,Naxxar,Naxxar
Burma,MMR,Nay Pyi Taw,Naypyidaw,Naypyidaw
Israel,ISR,Northern,Nazareth,Nazareth
United States,USA,Pennsylvania,Nazareth,Nazareth
Slovenia,SVN,Nazarje,Nazarje,Nazarje
Russia,RUS,Ingushetiya,Nazran,Nazran
Ethiopia,ETH,Oromīya,Nazret,Nazret
Russia,RUS,Omskaya Oblast’,Nazyvayevsk,Nazyvayevsk
Zambia,ZMB,Luapula,Nchelenge,Nchelenge
Angola,AGO,Kwanza Norte,Ndalatando,Ndalatando
Central African Republic,CAF,Bamingui-Bangoran,Ndele,Ndele
Gabon,GAB,Ngounié,Ndende,Ndende
Chad,TCD,Ville de N’Djaména,Ndjamena,Ndjamena
Zambia,ZMB,Copperbelt,Ndola,Ndola
Uganda,UGA,Nebbi,Nebbi,Nebbi
United States,USA,Nebraska,Nebraska City,Nebraska City
Argentina,ARG,Buenos Aires,Necochea,Necochea
United States,USA,Texas,Nederland,Nederland
United States,USA,California,Needles,Needles
United States,USA,Wisconsin,Neenah,Neenah
Azerbaijan,AZE,Neftçala,Neftcala,Neftçala
Russia,RUS,Bashkortostan,Neftekamsk,Neftekamsk
Russia,RUS,Khanty-Mansiyskiy Avtonomnyy Okrug-Yugra,Nefteyugansk,Nefteyugansk
Serbia,SRB,Negotin,Negotin,Negotin
Macedonia,MKD,Negotino,Negotino,Negotino
China,CHN,Heilongjiang,Nehe,Nehe
Tonga,TON,Vava‘u,Neiafu,Neiafu
Dominican Republic,DOM,Enriquillo,Neiba,Neiba
China,CHN,Sichuan,Neijiang,Neijiang
Colombia,COL,Huila,Neiva,Neiva
Ethiopia,ETH,Oromīya,Nekemte,Nekemte
Russia,RUS,Tverskaya Oblast’,Nelidovo,Nelidovo
India,IND,Andhra Pradesh,Nellore,Nellore
New Zealand,NZL,Nelson,Nelson,Nelson
Canada,CAN,British Columbia,Nelson,Nelson
Canada,CAN,Manitoba,Nelson House,Nelson House
United States,USA,Ohio,Nelsonville,Nelsonville
South Africa,ZAF,Mpumalanga,Nelspruit,Nelspruit
Mauritania,MRT,Hodh ech Chargui,Nema,Nema
Ireland,IRL,Tipperary,Nenagh,Nenagh
China,CHN,Heilongjiang,Nenjiang,Nenjiang
Malawi,MWI,Neno,Neno,Neno
United States,USA,Missouri,Neosho,Neosho
Nepal,NPL,,Nepalganj,Nepalganj
United States,USA,Utah,Nephi,Nephi
United States,USA,Florida,Neptune Beach,Neptune Beach
Russia,RUS,Zabaykal’skiy Kray,Nerchinsk,Nerchinsk
Latvia,LVA,Neretas Novads,Nereta,Nereta
Russia,RUS,Sakha (Yakutiya),Neryungri,Neryungri
Switzerland,CHE,Neuchâtel,Neuchatel,Neuchâtel
Argentina,ARG,Neuquén,Neuquen,Neuquén
United States,USA,Iowa,Nevada,Nevada
United States,USA,Missouri,Nevada,Nevada
Russia,RUS,Sakhalinskaya Oblast’,Nevelsk,Nevelsk
France,FRA,Bourgogne-Franche-Comté,Nevers,Nevers
Sao Tome And Principe,STP,,Neves,Neves
Russia,RUS,Stavropol’skiy Kray,Nevinnomyssk,Nevinnomyssk
Turkey,TUR,Nevşehir,Nevsehir,Nevşehir
Russia,RUS,Sverdlovskaya Oblast’,Nevyansk,Nevyansk
United States,USA,Indiana,New Albany,New Albany
United States,USA,Ohio,New Albany,New Albany
United States,USA,Mississippi,New Albany,New Albany
Guyana,GUY,East Berbice-Corentyne,New Amsterdam,New Amsterdam
United States,USA,Michigan,New Baltimore,New Baltimore
United States,USA,Massachusetts,New Bedford,New Bedford
United States,USA,Wisconsin,New Berlin,New Berlin
United States,USA,North Carolina,New Bern,New Bern
United States,USA,Texas,New Braunfels,New Braunfels
United States,USA,Ohio,New Bremen,New Bremen
United States,USA,Pennsylvania,New Brighton,New Brighton
United States,USA,Minnesota,New Brighton,New Brighton
United States,USA,Connecticut,New Britain,New Britain
United States,USA,New Jersey,New Brunswick,New Brunswick
United States,USA,Ohio,New Carlisle,New Carlisle
United States,USA,Maryland,New Carrollton,New Carrollton
United States,USA,Delaware,New Castle,New Castle
United States,USA,Pennsylvania,New Castle,New Castle
United States,USA,Colorado,New Castle,New Castle
United States,USA,Indiana,New Castle,New Castle
United States,USA,Pennsylvania,New Cumberland,New Cumberland
India,IND,Delhi,New Delhi,New Delhi
United States,USA,Ohio,New Franklin,New Franklin
United States,USA,Pennsylvania,New Freedom,New Freedom
Canada,CAN,Nova Scotia,New Glasgow,New Glasgow
United States,USA,Indiana,New Haven,New Haven
United States,USA,Connecticut,New Haven,New Haven
United States,USA,New York,New Hempstead,New Hempstead
United States,USA,Pennsylvania,New Holland,New Holland
United States,USA,Minnesota,New Hope,New Hope
United States,USA,New York,New Hyde Park,New Hyde Park
United States,USA,Louisiana,New Iberia,New Iberia
United States,USA,Pennsylvania,New Kensington,New Kensington
United States,USA,Illinois,New Lenox,New Lenox
Canada,CAN,Ontario,New Liskeard,New Liskeard
United States,USA,Wisconsin,New London,New London
United States,USA,Connecticut,New London,New London
United States,USA,West Virginia,New Martinsville,New Martinsville
United States,USA,New Jersey,New Milford,New Milford
United States,USA,Louisiana,New Orleans,New Orleans
United States,USA,New York,New Paltz,New Paltz
United States,USA,Ohio,New Philadelphia,New Philadelphia
New Zealand,NZL,Taranaki,New Plymouth,New Plymouth
United States,USA,Florida,New Port Richey,New Port Richey
United States,USA,Minnesota,New Prague,New Prague
United States,USA,New Jersey,New Providence,New Providence
United States,USA,Wisconsin,New Richmond,New Richmond
United States,USA,Louisiana,New Roads,New Roads
United States,USA,New York,New Rochelle,New Rochelle
United States,USA,Florida,New Smyrna Beach,New Smyrna Beach
United States,USA,New York,New Square,New Square
United States,USA,Minnesota,New Ulm,New Ulm
United States,USA,Indiana,New Whiteland,New Whiteland
United States,USA,New York,New York,New York
United States,USA,Delaware,Newark,Newark
United States,USA,New Jersey,Newark,Newark
United States,USA,New York,Newark,Newark
United States,USA,California,Newark,Newark
United States,USA,Ohio,Newark,Newark
United States,USA,Oregon,Newberg,Newberg
United States,USA,Florida,Newberry,Newberry
United States,USA,South Carolina,Newberry,Newberry
United States,USA,New York,Newburgh,Newburgh
United Kingdom,GBR,West Berkshire,Newbury,Newbury
United States,USA,Massachusetts,Newburyport,Newburyport
Australia,AUS,New South Wales,Newcastle,Newcastle
United Kingdom,GBR,Newcastle upon Tyne,Newcastle,Newcastle
United States,USA,Washington,Newcastle,Newcastle
United States,USA,Oklahoma,Newcastle,Newcastle
Australia,AUS,Western Australia,Newman,Newman
United States,USA,California,Newman,Newman
United States,USA,Georgia,Newnan,Newnan
United Kingdom,GBR,Isle of Wight,Newport,Newport
United Kingdom,GBR,Newport,Newport,Newport
United States,USA,Tennessee,Newport,Newport
United States,USA,Arkansas,Newport,Newport
United States,USA,Rhode Island,Newport,Newport
United States,USA,Kentucky,Newport,Newport
United States,USA,Oregon,Newport,Newport
United States,USA,California,Newport Beach,Newport Beach
United States,USA,Virginia,Newport News,Newport News
United Kingdom,GBR,"Newry, Mourne and Down",Newry,Newry
United States,USA,New Jersey,Newton,Newton
United States,USA,North Carolina,Newton,Newton
United States,USA,Iowa,Newton,Newton
United States,USA,Massachusetts,Newton,Newton
United States,USA,Kansas,Newton,Newton
United Kingdom,GBR,"Scottish Borders, The",Newtown Saint Boswells,Newtown Saint Boswells
United Kingdom,GBR,Antrim and Newtownabbey,Newtownabbey,Newtownabbey
Iran,IRN,Khorāsān-e Raẕavī,Neyshabur,Neyshabur
Mexico,MEX,México,Nezahualcoyotl,Nezahualcoyotl
Cameroon,CMR,Adamaoua,Ngaoundere,Ngaoundéré
Tanzania,TZA,Kagera,Ngara,Ngara
Palau,PLW,Melekeok,Ngerulmud,Ngerulmud
Uganda,UGA,Ngora,Ngora,Ngora
Tanzania,TZA,Arusha,Ngorongoro,Ngorongoro
Burundi,BDI,Ngozi,Ngozi,Ngozi
Niger,NER,Diffa,Nguigmi,Nguigmi
Nigeria,NGA,Yobe,Nguru,Nguru
Vietnam,VNM,Khánh Hòa,Nha Trang,Nha Trang
Swaziland,SWZ,Shiselweni,Nhlangano,Nhlangano
United States,USA,New York,Niagara Falls,Niagara Falls
Niger,NER,Niamey,Niamey,Niamey
United States,USA,Utah,Nibley,Nibley
Latvia,LVA,Nīcas Novads,Nica,Nīca
France,FRA,Provence-Alpes-Côte d’Azur,Nice,Nice
United States,USA,Florida,Niceville,Niceville
United States,USA,Kentucky,Nicholasville,Nicholasville
Cyprus,CYP,Lefkosía,Nicosia,Nicosia
Mozambique,MOZ,Zambézia,Nicuadala,Nicuadala
Lithuania,LTU,Neringa,Nida,Nida
Suriname,SUR,Commewijne,Nieuw Amsterdam,Nieuw Amsterdam
Suriname,SUR,Nickerie,Nieuw Nickerie,Nieuw Nickerie
Turkey,TUR,Niğde,Nigde,Niğde
Japan,JPN,Niigata,Niigata,Niigata
Russia,RUS,Murmanskaya Oblast’,Nikel,Nikel
Russia,RUS,Volgogradskaya Oblast’,Nikolayevsk,Nikolayevsk
Russia,RUS,Khabarovskiy Kray,Nikolayevsk na Amure,Nikolayevsk na Amure
Ukraine,UKR,Dnipropetrovs’ka Oblast’,Nikopol,Nikopol
Montenegro,MNE,Nikšić,Niksic,Nikšić
Maldives,MDV,,Nilandhoo,Nilandhoo
United States,USA,Illinois,Niles,Niles
United States,USA,Ohio,Niles,Niles
United States,USA,Michigan,Niles,Niles
Afghanistan,AFG,Dāykundī,Nili,Nīlī
France,FRA,Occitanie,Nimes,Nîmes
South Sudan,SSD,Eastern Equatoria,Nimule,Nimule
China,CHN,Fujian,Ninde,Ninde
China,CHN,Heilongjiang,Ningan,Ningan
China,CHN,Zhejiang,Ningbo,Ningbo
Vietnam,VNM,Ninh Bình,Ninh Binh,Ninh Bình
Mali,MLI,Kayes,Nioro du Sahel,Nioro du Sahel
Canada,CAN,Ontario,Nipigon,Nipigon
Brazil,BRA,Goiás,Niquelandia,Niquelândia
Serbia,SRB,Niš,Nis,Niš
Moldova,MDA,Nisporeni,Nisporeni,Nisporeni
Brazil,BRA,Rio de Janeiro,Niteroi,Niterói
Slovakia,SVK,Nitriansky,Nitra,Nitra
United States,USA,West Virginia,Nitro,Nitro
United States,USA,Missouri,Nixa,Nixa
Sudan,SDN,South Darfur,Niyala,Niyala
India,IND,Andhra Pradesh,Nizamabad,Nizamabad
Russia,RUS,Khanty-Mansiyskiy Avtonomnyy Okrug-Yugra,Nizhenvartovsk,Nizhenvartovsk
Russia,RUS,Tatarstan,Nizhnekamsk,Nizhnekamsk
Russia,RUS,Irkutskaya Oblast’,Nizhneudinsk,Nizhneudinsk
Russia,RUS,Sakha (Yakutiya),Nizhneyansk,Nizhneyansk
Russia,RUS,Nizhegorodskaya Oblast’,Nizhny Novgorod,Nizhny Novgorod
Russia,RUS,Sverdlovskaya Oblast’,Nizhny Tagil,Nizhny Tagil
Russia,RUS,Sverdlovskaya Oblast’,Nizhnyaya Tura,Nizhnyaya Tura
Ukraine,UKR,Chernihivs’ka Oblast’,Nizhyn,Nizhyn
Oman,OMN,Ad Dākhilīyah,Nizwa,Nizwa
Tanzania,TZA,Njombe,Njombe,Njombe
Ghana,GHA,,Nkawkaw,Nkawkaw
Malawi,MWI,Nkhata Bay,Nkhata Bay,Nkhata Bay
Malawi,MWI,Nkhotakota,Nkhotakota,Nkhotakota
Cameroon,CMR,Littoral,Nkongsamba,Nkongsamba
Namibia,NAM,Kavango West,Nkurenkuru,Nkurenkuru
United States,USA,Oklahoma,Noble,Noble
United States,USA,Indiana,Noblesville,Noblesville
Mexico,MEX,Sonora,Nogales,Nogales
United States,USA,Arizona,Nogales,Nogales
Russia,RUS,Moskovskaya Oblast’,Noginsk,Noginsk
Russia,RUS,Krasnoyarskiy Kray,Noginsk,Noginsk
Russia,RUS,Sakhalinskaya Oblast’,Nogliki,Nogliki
Botswana,BWA,,Nokaneng,Nokaneng
Central African Republic,CAF,Sangha-Mbaéré,Nola,Nola
United States,USA,Texas,Nolanville,Nolanville
United States,USA,Tennessee,Nolensville,Nolensville
Thailand,THA,Nong Bua Lamphu,Nong Bua Lamphu,Nong Bua Lamphu
Thailand,THA,Nong Khai,Nong Khai,Nong Khai
China,CHN,Jilin,Nongan,Nongan
Thailand,THA,Nonthaburi,Nonthaburi,Nonthaburi
United States,USA,California,Norco,Norco
United States,USA,Georgia,Norcross,Norcross
Greenland,GRL,,Nord,Nord
Faroe Islands,FRO,,Nordhragota,Norðragøta
Russia,RUS,Krasnoyarskiy Kray,Nordvik,Nordvik
United States,USA,Virginia,Norfolk,Norfolk
United States,USA,Nebraska,Norfolk,Norfolk
Russia,RUS,Krasnoyarskiy Kray,Norilsk,Norilsk
United States,USA,Illinois,Normal,Normal
United States,USA,Oklahoma,Norman,Norman
Canada,CAN,Northwest Territories,Norman Wells,Norman Wells
United States,USA,Washington,Normandy Park,Normandy Park
United States,USA,Illinois,Norridge,Norridge
United States,USA,Pennsylvania,Norristown,Norristown
Sweden,SWE,Östergötland,Norrkoping,Norrköping
Australia,AUS,Western Australia,Norseman,Norseman
United States,USA,Massachusetts,North Adams,North Adams
United States,USA,New Jersey,North Arlington,North Arlington
United States,USA,South Carolina,North Augusta,North Augusta
United States,USA,Illinois,North Aurora,North Aurora
Canada,CAN,Saskatchewan,North Battleford,North Battleford
Canada,CAN,Ontario,North Bay,North Bay
United States,USA,Florida,North Bay Village,North Bay Village
United States,USA,Washington,North Bend,North Bend
United States,USA,Oregon,North Bend,North Bend
United States,USA,Minnesota,North Branch,North Branch
United States,USA,New Jersey,North Caldwell,North Caldwell
United States,USA,Ohio,North Canton,North Canton
United States,USA,South Carolina,North Charleston,North Charleston
United States,USA,Illinois,North Chicago,North Chicago
United States,USA,Ohio,North College Hill,North College Hill
United States,USA,Pennsylvania,North East,North East
United States,USA,Wisconsin,North Fond du Lac,North Fond du Lac
United States,USA,New Jersey,North Haledon,North Haledon
United States,USA,New York,North Hills,North Hills
United States,USA,Nevada,North Las Vegas,North Las Vegas
United States,USA,Florida,North Lauderdale,North Lauderdale
United States,USA,Iowa,North Liberty,North Liberty
United States,USA,Arkansas,North Little Rock,North Little Rock
United States,USA,Utah,North Logan,North Logan
United States,USA,Indiana,North Manchester,North Manchester
United States,USA,Minnesota,North Mankato,North Mankato
United States,USA,Florida,North Miami,North Miami
United States,USA,Florida,North Miami Beach,North Miami Beach
United States,USA,South Carolina,North Myrtle Beach,North Myrtle Beach
United States,USA,Minnesota,North Oaks,North Oaks
United States,USA,Utah,North Ogden,North Ogden
United States,USA,Ohio,North Olmsted,North Olmsted
United States,USA,Florida,North Palm Beach,North Palm Beach
United States,USA,New Jersey,North Plainfield,North Plainfield
United States,USA,Nebraska,North Platte,North Platte
United States,USA,Florida,North Port,North Port
United States,USA,Texas,North Richland Hills,North Richland Hills
United States,USA,Ohio,North Ridgeville,North Ridgeville
United States,USA,Illinois,North Riverside,North Riverside
United States,USA,Ohio,North Royalton,North Royalton
United States,USA,Minnesota,North Saint Paul,North Saint Paul
United States,USA,Utah,North Salt Lake,North Salt Lake
New Zealand,NZL,Auckland,North Shore,North Shore
United States,USA,New York,North Syracuse,North Syracuse
United States,USA,New York,North Tonawanda,North Tonawanda
United States,USA,Indiana,North Vernon,North Vernon
United States,USA,North Carolina,North Wilkesboro,North Wilkesboro
United Kingdom,GBR,North Yorkshire,Northallerton,Northallerton
Australia,AUS,Western Australia,Northam,Northam
United Kingdom,GBR,Northamptonshire,Northampton,Northampton
United States,USA,Pennsylvania,Northampton,Northampton
United States,USA,Massachusetts,Northampton,Northampton
United States,USA,Illinois,Northbrook,Northbrook
United States,USA,Pennsylvania,Northern Cambria,Northern Cambria
United States,USA,New Jersey,Northfield,Northfield
United States,USA,Illinois,Northfield,Northfield
United States,USA,Minnesota,Northfield,Northfield
United States,USA,Colorado,Northglenn,Northglenn
United States,USA,Illinois,Northlake,Northlake
United States,USA,New York,Northport,Northport
United States,USA,Alabama,Northport,Northport
United States,USA,Michigan,Northville,Northville
United States,USA,Ohio,Northwood,Northwood
United States,USA,Virginia,Norton,Norton
United States,USA,Ohio,Norton,Norton
United States,USA,Michigan,Norton Shores,Norton Shores
United States,USA,California,Norwalk,Norwalk
United States,USA,Iowa,Norwalk,Norwalk
United States,USA,Connecticut,Norwalk,Norwalk
United States,USA,Ohio,Norwalk,Norwalk
Canada,CAN,Manitoba,Norway House,Norway House
United Kingdom,GBR,Norfolk,Norwich,Norwich
United States,USA,New York,Norwich,Norwich
United States,USA,Connecticut,Norwich,Norwich
United States,USA,New Jersey,Norwood,Norwood
United States,USA,Pennsylvania,Norwood,Norwood
United States,USA,Ohio,Norwood,Norwood
United Kingdom,GBR,Nottingham,Nottingham,Nottingham
Mauritania,MRT,Dakhlet Nouadhibou,Nouadhibou,Nouadhibou
Mauritania,MRT,,Nouakchott,Nouakchott
New Caledonia,NCL,Province Sud,Noumea,Nouméa
Burkina Faso,BFA,Boucle du Mouhoun,Nouna,Nouna
Serbia,SRB,Nova Crnja,Nova Crnja,Nova Crnja
Brazil,BRA,Rio Grande do Norte,Nova Cruz,Nova Cruz
Brazil,BRA,Rio de Janeiro,Nova Friburgo,Nova Friburgo
Slovenia,SVN,Nova Gorica,Nova Gorica,Nova Gorica
Brazil,BRA,Rio de Janeiro,Nova Iguacu,Nova Iguaçu
Brazil,BRA,Minas Gerais,Nova Lima,Nova Lima
Serbia,SRB,Nova Varoš,Nova Varos,Nova Varoš
Slovenia,SVN,Bloke,Nova Vas,Nova Vas
Brazil,BRA,Bahia,Nova Vicosa,Nova Viçosa
Macedonia,MKD,Novaci,Novaci,Novaci
Italy,ITA,Piedmont,Novara,Novara
United States,USA,California,Novato,Novato
United States,USA,Michigan,Novi,Novi
Serbia,SRB,Novi Bečej,Novi Becej,Novi Bečej
Serbia,SRB,Novi Kneževac,Novi Knezevac,Novi Kneževac
Serbia,SRB,Novi Pazar,Novi Pazar,Novi Pazar
Serbia,SRB,Novi Sad,Novi Sad,Novi Sad
Brazil,BRA,Amazonas,Novo Airao,Novo Airão
Brazil,BRA,Rio Grande do Sul,Novo Hamburgo,Novo Hamburgo
Brazil,BRA,São Paulo,Novo Horizonte,Novo Horizonte
Slovenia,SVN,Novo Mesto,Novo Mesto,Novo Mesto
Macedonia,MKD,Novo Selo,Novo Selo,Novo Selo
Russia,RUS,Altayskiy Kray,Novoaltaysk,Novoaltaysk
Kosovo,XKS,Novobërdë,Novoberde,Novobërdë
Russia,RUS,Rostovskaya Oblast’,Novocherkassk,Novocherkassk
Russia,RUS,Samarskaya Oblast’,Novokuybishevsk,Novokuybishevsk
Russia,RUS,Kemerovskaya Oblast’,Novokuznetsk,Novokuznetsk
Russia,RUS,Tul’skaya Oblast’,Novomoskovsk,Novomoskovsk
Russia,RUS,Krasnodarskiy Kray,Novorossiysk,Novorossiysk
Russia,RUS,Rostovskaya Oblast’,Novoshakhtinsk,Novoshakhtinsk
Russia,RUS,Novosibirskaya Oblast’,Novosibirsk,Novosibirsk
Russia,RUS,Orenburgskaya Oblast’,Novotroitsk,Novotroitsk
Russia,RUS,Bryanskaya Oblast’,Novozybkov,Novozybkov
Russia,RUS,Yamalo-Nenetskiy Avtonomnyy Okrug,Novy Port,Novy Port
Russia,RUS,Yamalo-Nenetskiy Avtonomnyy Okrug,Novy Urengoy,Novy Urengoy
Russia,RUS,Buryatiya,Novyy Uoyin,Novyy Uoyin
Australia,AUS,New South Wales,Nowra,Nowra
Russia,RUS,Yamalo-Nenetskiy Avtonomnyy Okrug,Noyabrsk,Noyabrsk
Malawi,MWI,Nsanje,Nsanje,Nsanje
Nigeria,NGA,Enugu,Nsukka,Nsukka
Malawi,MWI,Ntcheu,Ntcheu,Ntcheu
Malawi,MWI,Ntchisi,Ntchisi,Ntchisi
Uganda,UGA,Ntoroko,Ntoroko,Ntoroko
Uganda,UGA,Ntungamo,Ntungamo,Ntungamo
Cuba,CUB,Isla de la Juventud,Nueva Gerona,Nueva Gerona
Chile,CHL,Araucanía,Nueva Imperial,Nueva Imperial
Ecuador,ECU,Sucumbíos,Nueva Loja,Nueva Loja
Honduras,HND,Ocotepeque,Nueva Ocotepeque,Nueva Ocotepeque
Mexico,MEX,Coahuila de Zaragoza,Nueva Rosita,Nueva Rosita
El Salvador,SLV,La Libertad,Nueva San Salvador,Nueva San Salvador
Argentina,ARG,Buenos Aires,Nueve de Julio,Nueve de Julio
Cuba,CUB,Camagüey,Nuevitas,Nuevitas
Mexico,MEX,Chihuahua,Nuevo Casas Grandes,Nuevo Casas Grandes
Mexico,MEX,Tamaulipas,Nuevo Laredo,Nuevo Laredo
Peru,PER,Loreto,Nuevo Rocafuerte,Nuevo Rocafuerte
Tonga,TON,Tongatapu,Nukualofa,Nukualofa
Uzbekistan,UZB,Qoraqalpog‘iston,Nukus,Nukus
Nigeria,NGA,Adamawa,Numan,Numan
Russia,RUS,Khanty-Mansiyskiy Avtonomnyy Okrug-Yugra,Numto,Numto
Colombia,COL,Chocó,Nuqui,Nuquí
Germany,DEU,Bavaria,Nurnberg,Nürnberg
Turkey,TUR,Mardin,Nusaybin,Nusaybin
Greenland,GRL,Sermersooq,Nuuk,Nuuk
Greenland,GRL,Qaasuitsup,Nuussuaq,Nuussuaq
Uganda,UGA,Nwoya,Nwoya,Nwoya
United States,USA,New York,Nyack,Nyack
Russia,RUS,Khanty-Mansiyskiy Avtonomnyy Okrug-Yugra,Nyagan,Nyagan
Tanzania,TZA,Simiyu,Nyahanga,Nyahanga
Kenya,KEN,Nyamira,Nyamira,Nyamira
Rwanda,RWA,Southern Province,Nyanza,Nyanza
Kenya,KEN,Nyeri,Nyeri,Nyeri
Zambia,ZMB,Eastern,Nyimba,Nyimba
China,CHN,Tibet,Nyingchi,Nyingchi
Hungary,HUN,Szabolcs-Szatmár-Bereg,Nyiregyhaza,Nyíregyháza
Sweden,SWE,Södermanland,Nykoping,Nyköping
Russia,RUS,Amurskaya Oblast’,Nyukzha,Nyukzha
Congo (Kinshasa),COD,Tanganyika,Nyunzu,Nyunzu
Tanzania,TZA,Tabora,Nzega,Nzega
Guinea,GIN,N’Zérékoré,Nzerekore,Nzérékoré
Angola,AGO,Zaire,Nzeto,Nzeto
United States,USA,Illinois,Oak Brook,Oak Brook
United States,USA,Wisconsin,Oak Creek,Oak Creek
United States,USA,Illinois,Oak Forest,Oak Forest
United States,USA,Missouri,Oak Grove,Oak Grove
United States,USA,Minnesota,Oak Grove,Oak Grove
United States,USA,Kentucky,Oak Grove,Oak Grove
United States,USA,Washington,Oak Harbor,Oak Harbor
United States,USA,West Virginia,Oak Hill,Oak Hill
United States,USA,North Carolina,Oak Island,Oak Island
United States,USA,Illinois,Oak Lawn,Oak Lawn
United States,USA,Illinois,Oak Park,Oak Park
United States,USA,Michigan,Oak Park,Oak Park
United States,USA,North Carolina,Oak Ridge,Oak Ridge
United States,USA,Tennessee,Oak Ridge,Oak Ridge
United States,USA,Louisiana,Oakdale,Oakdale
United States,USA,California,Oakdale,Oakdale
United States,USA,Minnesota,Oakdale,Oakdale
United Kingdom,GBR,Rutland,Oakham,Oakham
United States,USA,New Jersey,Oakland,Oakland
United States,USA,Tennessee,Oakland,Oakland
United States,USA,California,Oakland,Oakland
United States,USA,Florida,Oakland Park,Oakland Park
United States,USA,California,Oakley,Oakley
United States,USA,Pennsylvania,Oakmont,Oakmont
United States,USA,Ohio,Oakwood,Oakwood
Australia,AUS,Tasmania,Oatlands,Oatlands
Mexico,MEX,Oaxaca,Oaxaca,Oaxaca
Russia,RUS,Novosibirskaya Oblast’,Ob,Ob
New Zealand,NZL,Southland,Oban,Oban
United States,USA,Ohio,Oberlin,Oberlin
Brazil,BRA,Pará,Obidos,Óbidos
Japan,JPN,Hokkaidō,Obihiro,Obihiro
Kosovo,XKS,Obiliq,Obiliq,Obiliq
Russia,RUS,Yevreyskaya Avtonomnaya Oblast’,Obluchye,Obluchye
Russia,RUS,Kaluzhskaya Oblast’,Obninsk,Obninsk
Central African Republic,CAF,Haut-Mbomou,Obo,Obo
Djibouti,DJI,Obock,Obock,Obock
Ghana,GHA,Ashanti,Obuasi,Obuasi
United States,USA,Florida,Ocala,Ocala
Colombia,COL,Norte de Santander,Ocana,Ocaña
United States,USA,New Jersey,Ocean City,Ocean City
United States,USA,Maryland,Ocean City,Ocean City
United States,USA,Washington,Ocean Shores,Ocean Shores
United States,USA,Mississippi,Ocean Springs,Ocean Springs
United States,USA,Delaware,Ocean View,Ocean View
United States,USA,New Jersey,Oceanport,Oceanport
United States,USA,California,Oceanside,Oceanside
Moldova,MDA,Ocniţa,Ocnita,Ocniţa
United States,USA,Florida,Ocoee,Ocoee
United States,USA,Wisconsin,Oconomowoc,Oconomowoc
Nicaragua,NIC,Nueva Segovia,Ocotal,Ocotal
Venezuela,VEN,Miranda,Ocumare del Tuy,Ocumare del Tuy
Denmark,DNK,Syddanmark,Odense,Odense
Ukraine,UKR,Odes’ka Oblast’,Odessa,Odessa
United States,USA,Texas,Odessa,Odessa
United States,USA,Missouri,Odessa,Odessa
Côte D’Ivoire,CIV,Denguélé,Odienne,Odienné
Slovenia,SVN,Odranci,Odranci,Odranci
Serbia,SRB,Odžaci,Odzaci,Odžaci
United States,USA,Iowa,Oelwein,Oelwein
United States,USA,Illinois,O'Fallon,O'Fallon
United States,USA,Missouri,O'Fallon,O'Fallon
Nigeria,NGA,Oyo,Ogbomosho,Ogbomosho
United States,USA,Utah,Ogden,Ogden
United States,USA,New York,Ogdensburg,Ogdensburg
Latvia,LVA,Ogres Novads,Ogre,Ogre
Azerbaijan,AZE,Oğuz,Oguz,Oğuz
Macedonia,MKD,Ohrid,Ohrid,Ohrid
United States,USA,Pennsylvania,Oil City,Oil City
Japan,JPN,Ōita,Oita,Ōita
United States,USA,California,Ojai,Ojai
Mexico,MEX,Chihuahua,Ojinaga,Ojinaga
Namibia,NAM,Otjozondjupa,Okahandja,Okahandja
Gabon,GAB,Haut-Ogooué,Okandja,Okandja
Pakistan,PAK,Punjab,Okara,Okara
Japan,JPN,Okayama,Okayama,Okayama
United States,USA,Florida,Okeechobee,Okeechobee
Russia,RUS,Sakhalinskaya Oblast’,Okha,Okha
Russia,RUS,Khabarovskiy Kray,Okhotsk,Okhotsk
United States,USA,Oklahoma,Oklahoma City,Oklahoma City
United States,USA,Oklahoma,Okmulgee,Okmulgee
Kazakhstan,KAZ,Aqtöbe,Oktyabrsk,Oktyabrsk
Russia,RUS,Bashkortostan,Oktyabrskiy,Oktyabrskiy
Russia,RUS,Kamchatskiy Kray,Oktyabrskiy,Oktyabrskiy
Kenya,KEN,Nyandarua,Ol Kalou,Ol Kalou
Latvia,LVA,Olaines Novads,Olaine,Olaine
United States,USA,Kansas,Olathe,Olathe
Argentina,ARG,Buenos Aires,Olavarria,Olavarría
Italy,ITA,Sardegna,Olbia,Olbia
United States,USA,Pennsylvania,Old Forge,Old Forge
United States,USA,New Jersey,Old Tappan,Old Tappan
United States,USA,Maine,Old Town,Old Town
United Kingdom,GBR,Sandwell,Oldbury,Oldbury
Tanzania,TZA,Arusha,Oldeani,Oldeani
Germany,DEU,Lower Saxony,Oldenburg,Oldenburg
United Kingdom,GBR,Oldham,Oldham,Oldham
United States,USA,Florida,Oldsmar,Oldsmar
United States,USA,New York,Olean,Olean
Russia,RUS,Sakha (Yakutiya),Olenek,Olenek
Mongolia,MNG,Bayan-Ölgiy,Olgiy,Olgiy
Brazil,BRA,Pernambuco,Olinda,Olinda
United States,USA,Mississippi,Olive Branch,Olive Branch
United States,USA,Missouri,Olivette,Olivette
Uzbekistan,UZB,Toshkent,Olmaliq,Olmaliq
Peru,PER,Lambayeque,Olmos,Olmos
United States,USA,Ohio,Olmsted Falls,Olmsted Falls
United States,USA,Illinois,Olney,Olney
Czechia,CZE,Olomoucký Kraj,Olomouc,Olomouc
Philippines,PHL,Olongapo,Olongapo,Olongapo
Russia,RUS,Zabaykal’skiy Kray,Olovyannaya,Olovyannaya
Poland,POL,Warmińsko-Mazurskie,Olsztyn,Olsztyn
United States,USA,Washington,Olympia,Olympia
Russia,RUS,Sakha (Yakutiya),Olyokminsk,Olyokminsk
United States,USA,Pennsylvania,Olyphant,Olyphant
United Kingdom,GBR,Fermanagh and Omagh,Omagh,Omagh
United States,USA,Nebraska,Omaha,Omaha
United States,USA,Washington,Omak,Omak
Namibia,NAM,Erongo,Omaruru,Omaruru
Gabon,GAB,Ogooué-Maritime,Omboue,Omboué
Russia,RUS,Magadanskaya Oblast’,Omchak,Omchak
Sudan,SDN,Khartoum,Omdurman,Omdurman
Mexico,MEX,Guerrero,Ometepec,Ometepec
Russia,RUS,Chukotskiy Avtonomnyy Okrug,Omolon,Omolon
Russia,RUS,Omskaya Oblast’,Omsk,Omsk
Russia,RUS,Magadanskaya Oblast’,Omsukchan,Omsukchan
Namibia,NAM,Oshikoto,Omuthiya,Omuthiya
Russia,RUS,Kirovskaya Oblast’,Omutninsk,Omutninsk
United States,USA,Wisconsin,Onalaska,Onalaska
United States,USA,Texas,Onalaska,Onalaska
Angola,AGO,Cunene,Ondjiva,Ondjiva
Nigeria,NGA,Ondo,Ondo,Ondo
Mongolia,MNG,Hentiy,Ondorhaan,Ondorhaan
Russia,RUS,Arkhangel’skaya Oblast’,Onega,Onega
United States,USA,New York,Oneida,Oneida
United States,USA,New York,Oneonta,Oneonta
United States,USA,Alabama,Oneonta,Oneonta
"Korea, North",PRK,Hwangnam,Ongjin,Ongjin
India,IND,Andhra Pradesh,Ongole,Ongole
Namibia,NAM,Oshana,Ongwediva,Ongwediva
Nigeria,NGA,Anambra,Onitsha,Onitsha
Australia,AUS,Western Australia,Onslow,Onslow
United States,USA,California,Ontario,Ontario
United States,USA,Ohio,Ontario,Ontario
United States,USA,Oregon,Ontario,Ontario
Suriname,SUR,Para,Onverwacht,Onverwacht
Kazakhstan,KAZ,Qostanay,Oostanay,Oostanay
United States,USA,Florida,Opa-locka,Opa-locka
United States,USA,Alabama,Opelika,Opelika
United States,USA,Louisiana,Opelousas,Opelousas
Slovenia,SVN,Oplotnica,Oplotnica,Oplotnica
Nigeria,NGA,Akwa Ibom,Opobo,Opobo
Poland,POL,Opolskie,Opole,Opole
Serbia,SRB,Opovo,Opovo,Opovo
Namibia,NAM,Kunene,Opuwo,Opuwo
Romania,ROU,Bihor,Oradea,Oradea
United States,USA,New Jersey,Oradell,Oradell
Kazakhstan,KAZ,Batys Qazaqstan,Oral,Oral
Algeria,DZA,Oran,Oran,Oran
Australia,AUS,New South Wales,Orange,Orange
United States,USA,Virginia,Orange,Orange
United States,USA,Texas,Orange,Orange
United States,USA,California,Orange,Orange
United States,USA,Alabama,Orange Beach,Orange Beach
United States,USA,Florida,Orange City,Orange City
United States,USA,Iowa,Orange City,Orange City
United States,USA,California,Orange Cove,Orange Cove
United States,USA,Florida,Orange Park,Orange Park
Belize,BLZ,Orange Walk,Orange Walk,Orange Walk
United States,USA,South Carolina,Orangeburg,Orangeburg
Canada,CAN,Ontario,Orangeville,Orangeville
Namibia,NAM,//Karas,Oranjemund,Oranjemund
Aruba,ABW,,Oranjestad,Oranjestad
Andorra,AND,Ordino,Ordino,Ordino
Turkey,TUR,Ordu,Ordu,Ordu
Azerbaijan,AZE,Ordubad,Ordubad,Ordubad
Sweden,SWE,Örebro,Orebro,Örebro
United States,USA,Wisconsin,Oregon,Oregon
United States,USA,Ohio,Oregon,Oregon
United States,USA,Oregon,Oregon City,Oregon City
Russia,RUS,Moskovskaya Oblast’,Orekhovo-Zuevo,Orekhovo-Zuevo
Russia,RUS,Orlovskaya Oblast’,Orel,Orel
United States,USA,Utah,Orem,Orem
Russia,RUS,Orenburgskaya Oblast’,Orenburg,Orenburg
Moldova,MDA,Orhei,Orhei,Orhei
Canada,CAN,Ontario,Orillia,Orillia
United States,USA,California,Orinda,Orinda
Brazil,BRA,Pará,Oriximina,Oriximiná
Mexico,MEX,Veracruz,Orizaba,Orizaba
United States,USA,California,Orland,Orland
United States,USA,Illinois,Orland Hills,Orland Hills
United States,USA,Illinois,Orland Park,Orland Park
United States,USA,Florida,Orlando,Orlando
France,FRA,Centre-Val de Loire,Orleans,Orléans
Nigeria,NGA,Imo,Orlu,Orlu
Philippines,PHL,Ormoc,Ormac,Ormac
United States,USA,Florida,Ormond Beach,Ormond Beach
Slovenia,SVN,Ormož,Ormoz,Ormož
Sweden,SWE,Västernorrland,Ornskoldsvik,Örnsköldsvik
United States,USA,Arizona,Oro Valley,Oro Valley
Colombia,COL,Casanare,Orocue,Orocue
Burkina Faso,BFA,Hauts-Bassins,Orodara,Orodara
China,CHN,Inner Mongolia,Orongen Zizhiqi,Orongen Zizhiqi
United States,USA,Minnesota,Orono,Orono
Philippines,PHL,Misamis Occidental,Oroquieta,Oroquieta
United States,USA,California,Oroville,Oroville
United States,USA,Ohio,Orrville,Orrville
Belarus,BLR,Vitsyebskaya Voblasts’,Orsha,Orsha
Russia,RUS,Orenburgskaya Oblast’,Orsk,Orsk
United States,USA,Washington,Orting,Orting
Bolivia,BOL,Oruro,Oruro,Oruro
United States,USA,Pennsylvania,Orwigsburg,Orwigsburg
Japan,JPN,Ōsaka,Osaka,Ōsaka
Kazakhstan,KAZ,Qaraghandy,Osakarovka,Osakarovka
United States,USA,Arkansas,Osceola,Osceola
Serbia,SRB,Osečina,Osecina,Osečina
Kyrgyzstan,KGZ,Osh,Osh,Osh
Namibia,NAM,Oshana,Oshakati,Oshakati
Canada,CAN,Ontario,Oshawa,Oshawa
Namibia,NAM,Ohangwena,Oshikango,Oshikango
United States,USA,Wisconsin,Oshkosh,Oshkosh
Nigeria,NGA,Osun,Oshogbo,Oshogbo
Croatia,HRV,Osječko-Baranjska Županija,Osijek,Osijek
Slovenia,SVN,Osilnica,Osilnica,Osilnica
United States,USA,Iowa,Oskaloosa,Oskaloosa
Kazakhstan,KAZ,Shyghys Qazaqstan,Oskemen,Oskemen
Norway,NOR,Oslo,Oslo,Oslo
Turkey,TUR,Osmaniye,Osmaniye,Osmaniye
Germany,DEU,Lower Saxony,Osnabruck,Osnabrück
Brazil,BRA,Rio Grande do Sul,Osorio,Osório
Chile,CHL,Los Lagos,Osorno,Osorno
United States,USA,New York,Ossining,Ossining
Sweden,SWE,Jämtland,Ostersund,Östersund
Czechia,CZE,Moravskoslezský Kraj ,Ostrava,Ostrava
United States,USA,New York,Oswego,Oswego
United States,USA,Illinois,Oswego,Oswego
Kazakhstan,KAZ,Zhambyl,Otar,Otar
Japan,JPN,Hokkaidō,Otaru,Otaru
Namibia,NAM,Otjozondjupa,Otavi,Otavi
United States,USA,Washington,Othello,Othello
Namibia,NAM,Otjozondjupa,Otjiwarongo,Otjiwarongo
Russia,RUS,Samarskaya Oblast’,Otradnyy,Otradnyy
United States,USA,Minnesota,Otsego,Otsego
United States,USA,Michigan,Otsego,Otsego
Japan,JPN,Shiga,Otsu,Ōtsu
Canada,CAN,Ontario,Ottawa,Ottawa
United States,USA,Illinois,Ottawa,Ottawa
United States,USA,Ohio,Ottawa,Ottawa
United States,USA,Kansas,Ottawa,Ottawa
United States,USA,Iowa,Ottumwa,Ottumwa
Uganda,UGA,Otuke,Otuke,Otuke
Nigeria,NGA,Benue,Oturkpo,Oturkpo
Peru,PER,La Libertad,Otuzco,Otuzco
Central African Republic,CAF,Haute-Kotto,Ouadda,Ouadda
Burkina Faso,BFA,Centre,Ouagadougou,Ouagadougou
Burkina Faso,BFA,Nord,Ouahigouya,Ouahigouya
Algeria,DZA,Ouargla,Ouargla,Ouargla
South Africa,ZAF,Western Cape,Oudtshoorn,Oudtshoorn
Congo (Brazzaville),COG,Sangha,Ouesso,Ouésso
Morocco,MAR,Tanger-Tétouan-Al Hoceïma,Ouezzane,Ouezzane
Benin,BEN,Atlantique,Ouidah,Ouidah
Morocco,MAR,Oriental,Oujda,Oujda
Finland,FIN,Pohjois-Pohjanmaa,Oulu,Oulu
Algeria,DZA,Oum el Bouaghi,Oum el Bouaghi,Oum el Bouaghi
Chad,TCD,Batha,Oum Hadjer,Oum Hadjer
Spain,ESP,Galicia,Ourense,Ourense
Brazil,BRA,São Paulo,Ourinhos,Ourinhos
Namibia,NAM,Omusati,Outapi,Outapi
Namibia,NAM,Kunene,Outjo,Outjo
Australia,AUS,Victoria,Ouyen,Ouyen
Chile,CHL,Coquimbo,Ovalle,Ovalle
United States,USA,Missouri,Overland,Overland
United States,USA,Kansas,Overland Park,Overland Park
Spain,ESP,Asturias,Oviedo,Oviedo
United States,USA,Florida,Oviedo,Oviedo
Congo (Brazzaville),COG,Cuvette,Owando,Owando
United States,USA,Oklahoma,Owasso,Owasso
United States,USA,Minnesota,Owatonna,Owatonna
United States,USA,New York,Owego,Owego
Canada,CAN,Ontario,Owen Sound,Owen Sound
United States,USA,Kentucky,Owensboro,Owensboro
Nigeria,NGA,Imo,Owerri,Owerri
Nigeria,NGA,Ondo,Owo,Owo
United States,USA,Michigan,Owosso,Owosso
United Kingdom,GBR,Oxfordshire,Oxford,Oxford
United States,USA,North Carolina,Oxford,Oxford
United States,USA,Pennsylvania,Oxford,Oxford
United States,USA,Alabama,Oxford,Oxford
United States,USA,Ohio,Oxford,Oxford
United States,USA,Mississippi,Oxford,Oxford
Canada,CAN,Manitoba,Oxford House,Oxford House
United States,USA,California,Oxnard,Oxnard
Uganda,UGA,Oyam,Oyam,Oyam
Gabon,GAB,Woleu-Ntem,Oyem,Oyem
Nigeria,NGA,Oyo,Oyo,Oyo
Faroe Islands,FRO,,Oyrarbakki,Oyrarbakki
Kazakhstan,KAZ,Zhambyl,Oytal,Oytal
Philippines,PHL,Misamis Occidental,Ozamis,Ozamis
United States,USA,Alabama,Ozark,Ozark
United States,USA,Missouri,Ozark,Ozark
Latvia,LVA,Ozolnieku Novads,Ozolnieki,Ozolnieki
Georgia,GEO,Guria,Ozurgeti,Ozurgeti
"Korea, North",PRK,P’yŏngnam,P'yongsong,P’yŏngsŏng
Greenland,GRL,Sermersooq,Paamiut,Paamiut
Burma,MMR,Kayin State,Pa-an,Pa-an
South Africa,ZAF,Western Cape,Paarl,Paarl
Bangladesh,BGD,,Pabna,Pabna
Peru,PER,La Libertad,Pacasmayo,Pacasmayo
Mexico,MEX,Hidalgo,Pachuca,Pachuca
United States,USA,Washington,Pacific,Pacific
United States,USA,Missouri,Pacific,Pacific
United States,USA,California,Pacific Grove,Pacific Grove
United States,USA,California,Pacifica,Pacifica
Indonesia,IDN,Sumatera Barat,Padang,Padang
Indonesia,IDN,Sumatera Barat,Padangpanjang,Padangpanjang
Indonesia,IDN,Sumatera Utara,Padangsidempuan,Padangsidempuan
Uganda,UGA,Pader,Pader,Pader
Bolivia,BOL,Chuquisaca,Padilla,Padilla
United States,USA,Kentucky,Paducah,Paducah
Philippines,PHL,Zamboanga del Sur,Pagadian,Pagadian
United States,USA,Arizona,Page,Page
Lithuania,LTU,Pagégiai,Pagegiai,Pagėgiai
American Samoa,ASM,,Pago Pago,Pago Pago
United States,USA,Colorado,Pagosa Springs,Pagosa Springs
United States,USA,Florida,Pahokee,Pahokee
Estonia,EST,Järvamaa,Paide,Paide
Cambodia,KHM,Pailin,Pailin,Pailin
United States,USA,Ohio,Painesville,Painesville
United States,USA,Kentucky,Paintsville,Paintsville
United Kingdom,GBR,Renfrewshire,Paisley,Paisley
Peru,PER,Piura,Paita,Paita
Indonesia,IDN,Jawa Tengah,Pakalongan,Pakalongan
Russia,RUS,Kamchatskiy Kray,Pakhachi,Pakhachi
Burma,MMR,Magway,Pakokku,Pakokku
Lithuania,LTU,Pakruojis,Pakruojis,Pakruojis
Uganda,UGA,,Pakwach,Pakwach
Laos,LAO,Champasak,Pakxe,Pakxe
Chad,TCD,Mayo-Kébbi Ouest,Pala,Pala
Chad,TCD,Mayo-Kébbi Ouest,Pala,Pala
Russia,RUS,Kamchatskiy Kray,Palana,Palana
Lithuania,LTU,Palangos Miestas,Palanga,Palanga
Indonesia,IDN,Kalimantan Tengah,Palangkaraya,Palangkaraya
Botswana,BWA,Central,Palapye,Palapye
United States,USA,Illinois,Palatine,Palatine
Russia,RUS,Magadanskaya Oblast’,Palatka,Palatka
United States,USA,Florida,Palatka,Palatka
Philippines,PHL,Nueva Ecija,Palayan City,Palayan City
Equatorial Guinea,GNQ,Annobón,Pale,Palé
Indonesia,IDN,Sumatera Selatan,Palembang,Palembang
Uganda,UGA,,Palenga,Palenga
Italy,ITA,Sicilia,Palermo,Palermo
United States,USA,Texas,Palestine,Palestine
India,IND,Rājasthān,Pali,Pali
"Micronesia, Federated States Of",FSM,Pohnpei,Palikir,Palikir
United States,USA,New Jersey,Palisades Park,Palisades Park
Russia,RUS,Volgogradskaya Oblast’,Pallasovka,Pallasovka
Uganda,UGA,Pallisa,Pallisa,Pallisa
United States,USA,Florida,Palm Bay,Palm Bay
United States,USA,Florida,Palm Beach,Palm Beach
United States,USA,Florida,Palm Beach Gardens,Palm Beach Gardens
United States,USA,Florida,Palm Coast,Palm Coast
United States,USA,California,Palm Desert,Palm Desert
United States,USA,Florida,Palm Springs,Palm Springs
United States,USA,California,Palm Springs,Palm Springs
Spain,ESP,Balearic Islands,Palma,Palma
Cuba,CUB,Santiago de Cuba,Palma Soriano,Palma Soriano
Brazil,BRA,Paraná,Palmas,Palmas
Brazil,BRA,Tocantins,Palmas,Palmas
United States,USA,California,Palmdale,Palmdale
Brazil,BRA,Alagoas,Palmeira dos Indios,Palmeira dos Índios
United States,USA,Alaska,Palmer,Palmer
New Zealand,NZL,Manawatu-Wanganui,Palmerston North,Palmerston North
United States,USA,Pennsylvania,Palmerton,Palmerton
United States,USA,Florida,Palmetto,Palmetto
United States,USA,Florida,Palmetto Bay,Palmetto Bay
United States,USA,Texas,Palmview,Palmview
United States,USA,New Jersey,Palmyra,Palmyra
United States,USA,Pennsylvania,Palmyra,Palmyra
United States,USA,California,Palo Alto,Palo Alto
Indonesia,IDN,Sulawesi Selatan,Palopo,Palopo
United States,USA,Illinois,Palos Heights,Palos Heights
United States,USA,Illinois,Palos Hills,Palos Hills
United States,USA,California,Palos Verdes Estates,Palos Verdes Estates
Indonesia,IDN,Sulawesi Tengah,Palu,Palu
United States,USA,Texas,Pampa,Pampa
Argentina,ARG,Chaco,Pampa del Infierno,Pampa del Infierno
Colombia,COL,Norte de Santander,Pamplona,Pamplona
Spain,ESP,Navarre,Pamplona,Pamplona
United States,USA,Illinois,Pana,Pana
India,IND,Goa,Panaji,Panaji
Panama,PAN,Panamá,Panama City,Panama City
United States,USA,Florida,Panama City,Panama City
United States,USA,Florida,Panama City Beach,Panama City Beach
Serbia,SRB,Pančevo,Pancevo,Pančevo
Mozambique,MOZ,Inhambane,Panda,Panda
Lithuania,LTU,Panevėžio Miestas,Panevezys,Panevežys
Indonesia,IDN,Kepulauan Bangka Belitung,Pangkalpinang,Pangkalpinang
Canada,CAN,Nunavut,Pangnirtung,Pangnirtung
India,IND,Haryāna,Panipat,Panipat
Australia,AUS,Western Australia,Pannawonica,Pannawonica
China,CHN,Jilin,Panshi,Panshi
Timor-Leste,TLS,Oecussi-Ambeno,Pante Macassar,Pante Macassar
Mexico,MEX,Veracruz,Panuco,Pánuco
China,CHN,Sichuan,Panzhihua,Panzhihua
Malta,MLT,Paola,Paola,Paola
United States,USA,Kansas,Paola,Paola
Mexico,MEX,Durango,Papasquiaro,Papasquiaro
French Polynesia,PYF,,Papeete,Papeete
Cyprus,CYP,Páfos,Paphos,Paphos
United States,USA,Nebraska,Papillion,Papillion
Brazil,BRA,Minas Gerais,Paracatu,Paracatu
Pakistan,PAK,Federally Administered Tribal Areas,Parachinar,Parachinar
Serbia,SRB,Paraćin,Paracin,Paraćin
Brazil,BRA,Ceará,Paracuru,Paracuru
United States,USA,California,Paradise,Paradise
United States,USA,Arizona,Paradise Valley,Paradise Valley
Brazil,BRA,Pará,Paragominas,Paragominas
United States,USA,Arkansas,Paragould,Paragould
Paraguay,PRY,Paraguarí,Paraguari,Paraguarí
Mexico,MEX,Tabasco,Paraiso,Paraíso
Benin,BEN,Borgou,Parakou,Parakou
Suriname,SUR,Paramaribo,Paramaribo,Paramaribo
United States,USA,California,Paramount,Paramount
United States,USA,New Jersey,Paramus,Paramus
Argentina,ARG,Entre Ríos,Parana,Paraná
Brazil,BRA,Paraná,Paranagua,Paranaguá
Brazil,BRA,Mato Grosso do Sul,Paranaiba,Paranaíba
New Zealand,NZL,Wellington,Paraparaumu,Paraparaumu
India,IND,Mahārāshtra,Parbhani,Parbhani
Czechia,CZE,Pardubický Kraj,Pardubice,Pardubice
Indonesia,IDN,Sulawesi Selatan,Parepare,Parepare
Brazil,BRA,Amazonas,Parintins,Parintins
France,FRA,Île-de-France,Paris,Paris
United States,USA,Texas,Paris,Paris
United States,USA,Tennessee,Paris,Paris
United States,USA,Illinois,Paris,Paris
United States,USA,Kentucky,Paris,Paris
United States,USA,Illinois,Park City,Park City
United States,USA,Utah,Park City,Park City
United States,USA,Kansas,Park City,Park City
United States,USA,Illinois,Park Forest,Park Forest
United States,USA,Missouri,Park Hills,Park Hills
United States,USA,New Jersey,Park Ridge,Park Ridge
United States,USA,Illinois,Park Ridge,Park Ridge
United States,USA,Colorado,Parker,Parker
United States,USA,West Virginia,Parkersburg,Parkersburg
Australia,AUS,New South Wales,Parkes,Parkes
United States,USA,Florida,Parkland,Parkland
United States,USA,Missouri,Parkville,Parkville
United States,USA,California,Parlier,Parlier
Italy,ITA,Emilia-Romagna,Parma,Parma
United States,USA,Ohio,Parma,Parma
United States,USA,Ohio,Parma Heights,Parma Heights
Brazil,BRA,Piauí,Parnaiba,Parnaíba
Estonia,EST,Pärnumaa,Parnu,Pärnu
Bhutan,BTN,Paro,Paro,Paro
Mexico,MEX,Coahuila de Zaragoza,Parras,Parras
Canada,CAN,Ontario,Parry Sound,Parry Sound
United States,USA,Kansas,Parsons,Parsons
Kosovo,XKS,Partesh,Partesh,Partesh
Russia,RUS,Primorskiy Kray,Partizansk,Partizansk
Afghanistan,AFG,Nūristān,Parun,Pārūn
United States,USA,Texas,Pasadena,Pasadena
United States,USA,California,Pasadena,Pasadena
Philippines,PHL,Pasay,Pasay City,Pasay City
United States,USA,Mississippi,Pascagoula,Pascagoula
United States,USA,Washington,Pasco,Pasco
Philippines,PHL,Pasig,Pasig City,Pasig City
Uruguay,URY,Durazno,Paso de los Toros,Paso de los Toros
Argentina,ARG,Chubut,Paso Rio Mayo,Paso Rio Mayo
United States,USA,Mississippi,Pass Christian,Pass Christian
United States,USA,New Jersey,Passaic,Passaic
Germany,DEU,Bavaria,Passau,Passau
Brazil,BRA,Rio Grande do Sul,Passo Fundo,Passo Fundo
Brazil,BRA,Minas Gerais,Passos,Passos
Colombia,COL,Nariño,Pasto,Pasto
Indonesia,IDN,Jawa Timur,Pasuruan,Pasuruan
Lithuania,LTU,Pasvalys,Pasvalys,Pasvalys
United States,USA,Ohio,Pataskala,Pataskala
United States,USA,New York,Patchogue,Patchogue
United States,USA,New Jersey,Paterson,Paterson
India,IND,Punjab,Pathankot,Pathankot
Burma,MMR,Ayeyawady,Pathein,Pathein
Thailand,THA,Pathum Thani,Pathum Thani,Pathum Thani
Indonesia,IDN,Jawa Tengah,Pati,Pati
India,IND,Punjab,Patiala,Patiala
Peru,PER,Lima,Pativilca,Pativilca
India,IND,Bihār,Patna,Patna
Brazil,BRA,Paraíba,Patos,Patos
Greece,GRC,Dytikí Elláda,Patra,Patra
Thailand,THA,Pattani,Pattani,Pattani
United States,USA,Louisiana,Patterson,Patterson
United States,USA,California,Patterson,Patterson
Canada,CAN,Northwest Territories,Paulatuk,Paulatuk
Brazil,BRA,Bahia,Paulo Afonso,Paulo Afonso
United States,USA,Oklahoma,Pauls Valley,Pauls Valley
United States,USA,New Jersey,Paulsboro,Paulsboro
Latvia,LVA,Pāvilostas Novads,Pavilosta,Pāvilosta
Kazakhstan,KAZ,Pavlodar,Pavlodar,Pavlodar
United States,USA,Michigan,Paw Paw,Paw Paw
United States,USA,Rhode Island,Pawtucket,Pawtucket
United States,USA,Idaho,Payette,Payette
Uruguay,URY,Paysandú,Paysandu,Paysandú
United States,USA,Arizona,Payson,Payson
United States,USA,Utah,Payson,Payson
Bulgaria,BGR,Pazardzhik,Pazardzhik,Pazardzhik
Croatia,HRV,Istarska Županija,Pazin,Pazin
United States,USA,Arkansas,Pea Ridge,Pea Ridge
United States,USA,Massachusetts,Peabody,Peabody
Canada,CAN,Alberta,Peace River,Peace River
United States,USA,Georgia,Peachtree City,Peachtree City
United States,USA,Georgia,Peachtree Corners,Peachtree Corners
United States,USA,Mississippi,Pearl,Pearl
United States,USA,Texas,Pearland,Pearland
United States,USA,Texas,Pearsall,Pearsall
Russia,RUS,Komi,Pechora,Pechora
Serbia,SRB,Pećinci,Pecinci,Pećinci
United States,USA,Texas,Pecos,Pecos
Hungary,HUN,Pécs,Pecs,Pécs
United States,USA,Missouri,Peculiar,Peculiar
Dominican Republic,DOM,Enriquillo,Pedernales,Pedernales
Brazil,BRA,Maranhão,Pedreiras,Pedreiras
Paraguay,PRY,Amambay,Pedro Juan Caballero,Pedro Juan Caballero
Argentina,ARG,Buenos Aires,Pedro Luro,Pedro Luro
United States,USA,New York,Peekskill,Peekskill
Macedonia,MKD,Pehčevo,Pehcevo,Pehčevo
Kosovo,XKS,Pejë,Peje,Pejë
Indonesia,IDN,Riau,Pekanbaru,Pekanbaru
United States,USA,Illinois,Pekin,Pekin
United States,USA,New York,Pelham,Pelham
United States,USA,Alabama,Pelham,Pelham
United States,USA,New York,Pelham Manor,Pelham Manor
United States,USA,Alabama,Pell City,Pell City
United States,USA,Iowa,Pella,Pella
Brazil,BRA,Rio Grande do Sul,Pelotas,Pelotas
Bhutan,BTN,Pemagatshel,Pemagatshel,Pemagatshel
Indonesia,IDN,Sumatera Utara,Pematangsiantar,Pematangsiantar
Mozambique,MOZ,Cabo Delgado,Pemba,Pemba
Malta,MLT,Pembroke,Pembroke,Pembroke
Canada,CAN,Ontario,Pembroke,Pembroke
United States,USA,North Carolina,Pembroke,Pembroke
United States,USA,Florida,Pembroke Park,Pembroke Park
United States,USA,Florida,Pembroke Pines,Pembroke Pines
Brazil,BRA,São Paulo,Penapolis,Penápolis
United States,USA,Oregon,Pendleton,Pendleton
Brazil,BRA,Alagoas,Penedo,Penedo
United States,USA,New York,Penn Yan,Penn Yan
Australia,AUS,South Australia,Penola,Penola
Panama,PAN,Coclé,Penonome,Penonome
United States,USA,Florida,Pensacola,Pensacola
Canada,CAN,British Columbia,Penticton,Penticton
United Kingdom,GBR,Bridgend,Pen-y-Bont ar Ogwr,Pen-y-Bont ar Ogwr
Russia,RUS,Penzenskaya Oblast’,Penza,Penza
United Kingdom,GBR,Cornwall,Penzance,Penzance
United States,USA,Illinois,Peoria,Peoria
United States,USA,Arizona,Peoria,Peoria
United States,USA,Illinois,Peoria Heights,Peoria Heights
United States,USA,Ohio,Pepper Pike,Pepper Pike
Indonesia,IDN,Sumatera Selatan,Perabumulih,Perabumulih
Russia,RUS,Khanty-Mansiyskiy Avtonomnyy Okrug-Yugra,Peregrebnoye,Peregrebnoye
Colombia,COL,Risaralda,Pereira,Pereira
Argentina,ARG,Buenos Aires,Pergamino,Pergamino
Argentina,ARG,Santa Cruz,Perito Moreno,Perito Moreno
United States,USA,Pennsylvania,Perkasie,Perkasie
Russia,RUS,Permskiy Kray,Perm,Perm
Russia,RUS,Permskiy Kray,Perm',Perm’
Albania,ALB,Gjirokastër,Permet,Përmet
Bulgaria,BGR,Pernik,Pernik,Pernik
France,FRA,Occitanie,Perpignan,Perpignan
United States,USA,California,Perris,Perris
United States,USA,Florida,Perry,Perry
United States,USA,Georgia,Perry,Perry
United States,USA,Iowa,Perry,Perry
United States,USA,Ohio,Perrysburg,Perrysburg
United States,USA,Texas,Perryton,Perryton
United States,USA,Missouri,Perryville,Perryville
Australia,AUS,Western Australia,Perth,Perth
United Kingdom,GBR,Perth and Kinross,Perth,Perth
United States,USA,New Jersey,Perth Amboy,Perth Amboy
United States,USA,Illinois,Peru,Peru
United States,USA,Indiana,Peru,Peru
Italy,ITA,Umbria,Perugia,Perugia
Russia,RUS,Sverdlovskaya Oblast’,Pervouralsk,Pervouralsk
Italy,ITA,Abruzzo,Pescara,Pescara
Pakistan,PAK,Khyber Pakhtunkhwa,Peshawar,Peshawar
Albania,ALB,Dibër,Peshkopi,Peshkopi
Slovenia,SVN,Pesnica,Pesnica pri Mariboru,Pesnica pri Mariboru
United States,USA,Mississippi,Petal,Petal
United States,USA,California,Petaluma,Petaluma
Mexico,MEX,Guerrero,Petatlan,Petatlán
Australia,AUS,South Australia,Peterborough,Peterborough
Canada,CAN,Ontario,Peterborough,Peterborough
United Kingdom,GBR,Peterborough,Peterborough,Peterborough
United States,USA,Virginia,Petersburg,Petersburg
Montenegro,MNE,Petnjica,Petnjica,Petnjica
Mexico,MEX,Yucatán,Peto,Peto
United States,USA,Michigan,Petoskey,Petoskey
Brazil,BRA,Pernambuco,Petrolina,Petrolina
Kazakhstan,KAZ,Soltüstik Qazaqstan,Petropavlovsk,Petropavlovsk
Russia,RUS,Kamchatskiy Kray,Petropavlovsk Kamchatskiy,Petropavlovsk Kamchatskiy
Brazil,BRA,Rio de Janeiro,Petropolis,Petrópolis
Serbia,SRB,Petrovac na Mlavi,Petrovac na Mlavi,Petrovac na Mlavi
Macedonia,MKD,Petrovec,Petrovec,Petrovec
Russia,RUS,Zabaykal’skiy Kray,Petrovsk Zabaykalskiy,Petrovsk Zabaykalskiy
Russia,RUS,Kareliya,Petrozavodsk,Petrozavodsk
Russia,RUS,Chukotskiy Avtonomnyy Okrug,Pevek,Pevek
United States,USA,Missouri,Pevely,Pevely
United States,USA,Wisconsin,Pewaukee,Pewaukee
United States,USA,Texas,Pflugerville,Pflugerville
Malawi,MWI,Phalombe,Phalombe,Phalombe
Vietnam,VNM,Ninh Thuận,Phan Rang,Phan Rang
Vietnam,VNM,Bình Thuận,Phan Thiet,Phan Thiet
Thailand,THA,Phangnga,Phangnga,Phangnga
United States,USA,Texas,Pharr,Pharr
Thailand,THA,Phatthalung,Phatthalung,Phatthalung
Thailand,THA,Phayao,Phayao,Phayao
United States,USA,Alabama,Phenix City,Phenix City
Thailand,THA,Phetchabun,Phetchabun,Phetchabun
Thailand,THA,Phetchaburi,Phetchaburi,Phetchaburi
Thailand,THA,Phichit,Phichit,Phichit
United States,USA,Pennsylvania,Philadelphia,Philadelphia
United States,USA,Mississippi,Philadelphia,Philadelphia
Sint Maarten,SXM,,Philipsburg,Philipsburg
United States,USA,Pennsylvania,Philipsburg,Philipsburg
United States,USA,New Jersey,Phillipsburg,Phillipsburg
Thailand,THA,Phitsanulok,Phitsanulok,Phitsanulok
Cambodia,KHM,Phnom Penh,Phnom Penh,Phnom Penh
Cambodia,KHM,Preah Vihear,Phnum Tbeng Meanchey,Phnum Tbeng Meanchey
United States,USA,Arizona,Phoenix,Phoenix
United States,USA,Pennsylvania,Phoenixville,Phoenixville
Laos,LAO,Phôngsali,Phongsali,Phongsali
Thailand,THA,Phrae,Phrae,Phrae
Vietnam,VNM,Hà Nam,Phu Ly,Phủ Lý
Thailand,THA,Phuket,Phuket,Phuket
Burma,MMR,Ayeyawady,Phyarpon,Phyarpon
Romania,ROU,Neamţ,Piatra-Neamt,Piatra-Neamt
United States,USA,Mississippi,Picayune,Picayune
Chile,CHL,Libertador General Bernardo O’Higgins,Pichilemu,Pichilemu
United States,USA,Ohio,Pickerington,Pickerington
United States,USA,California,Pico Rivera,Pico Rivera
Brazil,BRA,Piauí,Picos,Picos
Cabo Verde,CPV,São Salvador do Mundo,Picos,Picos
New Zealand,NZL,Marlborough,Picton,Picton
United States,USA,California,Piedmont,Piedmont
United States,USA,Oklahoma,Piedmont,Piedmont
Mexico,MEX,Coahuila de Zaragoza,Piedras Negras,Piedras Negras
United States,USA,South Dakota,Pierre,Pierre
Malta,MLT,Pietà,Pieta,Pietà
South Africa,ZAF,KwaZulu-Natal,Pietermaritzburg,Pietermaritzburg
United States,USA,Tennessee,Pigeon Forge,Pigeon Forge
Swaziland,SWZ,Hhohho,Piggs Peak,Piggs Peak
Mexico,MEX,Chiapas,Pijijiapan,Pijijiapan
United States,USA,Alabama,Pike Road,Pike Road
United States,USA,Kentucky,Pikeville,Pikeville
Paraguay,PRY,Ñeembucú,Pilar,Pilar
Philippines,PHL,Camarines Sur,Pili,Pili
India,IND,Uttar Pradesh,Pilibhit,Pilibhit
Latvia,LVA,Rundāles Novads,Pilsrundale,Pilsrundāle
Brazil,BRA,Rondônia,Pimenta Bueno,Pimenta Bueno
Peru,PER,Lambayeque,Pimentel,Pimentel
Cuba,CUB,Pinar del Río,Pinar del Rio,Pinar del Rio
Ecuador,ECU,El Oro,Pinas,Piñas
United States,USA,Illinois,Pinckneyville,Pinckneyville
Brazil,BRA,São Paulo,Pindamonhangaba,Pindamonhangaba
United States,USA,Arkansas,Pine Bluff,Pine Bluff
Australia,AUS,Northern Territory,Pine Creek,Pine Creek
United States,USA,New Jersey,Pine Hill,Pine Hill
United States,USA,Florida,Pinecrest,Pinecrest
United States,USA,North Carolina,Pinehurst,Pinehurst
United States,USA,Florida,Pinellas Park,Pinellas Park
United States,USA,Louisiana,Pineville,Pineville
United States,USA,North Carolina,Pineville,Pineville
China,CHN,Henan,Pingdingshan,Pingdingshan
China,CHN,Shandong,Pingdu,Pingdu
China,CHN,Gansu,Pingliang,Pingliang
United States,USA,Illinois,Pingree Grove,Pingree Grove
Taiwan,TWN,Pingtung,Pingtung,Pingtung
China,CHN,Guangxi,Pingxiang,Pingxiang
China,CHN,Jiangxi,Pingxiang,Pingxiang
China,CHN,Shandong,Pingyi,Pingyi
Taiwan,TWN,Taoyuan,Pingzhen,Pingzhen
Brazil,BRA,Maranhão,Pinheiro,Pinheiro
Latvia,LVA,Babītes Novads,Pinki,Piņķi
United States,USA,California,Pinole,Pinole
Indonesia,IDN,Sulawesi Selatan,Pinrang,Pinrang
Belarus,BLR,Brestskaya Voblasts’,Pinsk,Pinsk
United States,USA,Alabama,Pinson,Pinson
United States,USA,Ohio,Piqua,Piqua
Brazil,BRA,São Paulo,Piracicaba,Piracicaba
Greece,GRC,Attikí,Piraievs,Piraeus
Slovenia,SVN,Piran,Piran,Piran
Brazil,BRA,Minas Gerais,Pirapora,Pirapora
Brazil,BRA,São Paulo,Pirassununga,Pirassununga
Brazil,BRA,Goiás,Pires do Rio,Pires do Rio
Greece,GRC,Dytikí Elláda,Pirgos,Pirgos
Brazil,BRA,Piauí,Piripiri,Piripiri
Serbia,SRB,Pirot,Pirot,Pirot
Italy,ITA,Tuscany,Pisa,Pisa
Peru,PER,Ica,Pisco,Pisco
United States,USA,California,Pismo Beach,Pismo Beach
Bolivia,BOL,El Beni,Piso Firme,Piso Firme
Guinea,GIN,Mamou,Pita,Pita
Romania,ROU,Argeş,Pitesti,Pitești
United States,USA,New Jersey,Pitman,Pitman
United States,USA,California,Pittsburg,Pittsburg
United States,USA,Kansas,Pittsburg,Pittsburg
United States,USA,Pennsylvania,Pittsburgh,Pittsburgh
United States,USA,Massachusetts,Pittsfield,Pittsfield
United States,USA,Pennsylvania,Pittston,Pittston
Peru,PER,Piura,Piura,Piura
Slovenia,SVN,Pivka,Pivka,Pivka
Czechia,CZE,Plzeňský Kraj,Pizen,Pizen
United States,USA,California,Placentia,Placentia
United States,USA,California,Placerville,Placerville
Cuba,CUB,Villa Clara,Placetas,Placetas
United States,USA,Utah,Plain City,Plain City
United States,USA,New Jersey,Plainfield,Plainfield
United States,USA,Illinois,Plainfield,Plainfield
United States,USA,Indiana,Plainfield,Plainfield
United States,USA,Texas,Plainview,Plainview
Serbia,SRB,Plandište,Plandiste,Plandište
Liechtenstein,LIE,Planken,Planken,Planken
United States,USA,Texas,Plano,Plano
United States,USA,Illinois,Plano,Plano
United States,USA,Florida,Plant City,Plant City
United States,USA,Florida,Plantation,Plantation
United States,USA,Louisiana,Plaquemine,Plaquemine
Macedonia,MKD,Plasnica,Plasnica,Plasnica
Russia,RUS,Chelyabinskaya Oblast’,Plast,Plast
United States,USA,Missouri,Platte City,Platte City
United States,USA,Wisconsin,Platteville,Platteville
United States,USA,New York,Plattsburgh,Plattsburgh
United States,USA,Nebraska,Plattsmouth,Plattsmouth
Montenegro,MNE,Plav,Plav,Plav
Latvia,LVA,Pļaviņu Novads,Plavinas,Pļaviņas
Vietnam,VNM,Gia Lai,Play Ku,Play Ku
United States,USA,Alabama,Pleasant Grove,Pleasant Grove
United States,USA,Utah,Pleasant Grove,Pleasant Grove
United States,USA,California,Pleasant Hill,Pleasant Hill
United States,USA,Iowa,Pleasant Hill,Pleasant Hill
United States,USA,Missouri,Pleasant Hill,Pleasant Hill
United States,USA,Pennsylvania,Pleasant Hills,Pleasant Hills
United States,USA,Wisconsin,Pleasant Prairie,Pleasant Prairie
United States,USA,Utah,Pleasant View,Pleasant View
United States,USA,Texas,Pleasanton,Pleasanton
United States,USA,California,Pleasanton,Pleasanton
United States,USA,New Jersey,Pleasantville,Pleasantville
United States,USA,New York,Pleasantville,Pleasantville
Bulgaria,BGR,Pleven,Pleven,Pleven
Montenegro,MNE,Pljevlja,Pljevlja,Pljevlja
Romania,ROU,Prahova,Ploiesti,Ploiești
Bulgaria,BGR,Plovdiv,Plovdiv,Plovdiv
United States,USA,Wisconsin,Plover,Plover
United States,USA,Pennsylvania,Plum,Plum
Zimbabwe,ZWE,,Plumtree,Plumtree
Lithuania,LTU,Plungė,Plunge,Plungė
Montenegro,MNE,Plužine,Pluzine,Plužine
Montserrat,MSR,Saint Anthony,Plymouth,Plymouth
United Kingdom,GBR,Plymouth,Plymouth,Plymouth
United States,USA,Wisconsin,Plymouth,Plymouth
United States,USA,Pennsylvania,Plymouth,Plymouth
United States,USA,Indiana,Plymouth,Plymouth
United States,USA,Minnesota,Plymouth,Plymouth
United States,USA,Michigan,Plymouth,Plymouth
Burkina Faso,BFA,Centre-Sud,Po,Pô
United States,USA,Arkansas,Pocahontas,Pocahontas
United States,USA,Idaho,Pocatello,Pocatello
Mexico,MEX,Oaxaca,Pochutla,Pochutla
Brazil,BRA,Minas Gerais,Pocos de Caldas,Poços de Caldas
Slovenia,SVN,Podčetrtek,Podcetrtek,Podčetrtek
Montenegro,MNE,Podgorica,Podgorica,Podgorica
Russia,RUS,Krasnoyarskiy Kray,Podkamennaya,Podkamennaya
Slovenia,SVN,Podlehnik,Podlehnik,Podlehnik
Russia,RUS,Moskovskaya Oblast’,Podolsk,Podolsk
Kosovo,XKS,Podujevë,Podujeve,Podujevë
Slovenia,SVN,Podvelka,Podvelka,Podvelka
South Africa,ZAF,Northern Cape,Poffader,Poffader
San Marino,SMR,Chiesanuova,Poggio di Chiesanuova,Poggio di Chiesanuova
Albania,ALB,Korçë,Pogradec,Pogradec
"Korea, South",KOR,Gyeongbuk,Pohang,Pohang
Trinidad And Tobago,TTO,Point Fortin,Point Fortin,Point Fortin
United States,USA,West Virginia,Point Pleasant,Point Pleasant
United States,USA,New Jersey,Point Pleasant,Point Pleasant
Guadeloupe,GLP,,Pointe-a-Pitre,Pointe-à-Pitre
Congo (Brazzaville),COG,Pointe-Noire,Pointe-Noire,Pointe-Noire
France,FRA,Nouvelle-Aquitaine,Poitier,Poitier
Nepal,NPL,,Pokhara,Pokhara
Russia,RUS,Sakha (Yakutiya),Pokrovsk,Pokrovsk
Turkey,TUR,Ankara,Polatli,Polatlı
Belarus,BLR,Vitsyebskaya Voblasts’,Polatsk,Polatsk
Afghanistan,AFG,Baghlān,Pol-e Khomri,Pol-e Khomri
Russia,RUS,Sverdlovskaya Oblast’,Polevskoy,Polevskoy
Slovenia,SVN,Poljčane,Poljcane,Poljčane
South Africa,ZAF,Limpopo,Polokwane,Polokwane
United States,USA,Montana,Polson,Polson
Ukraine,UKR,Poltavs’ka Oblast’,Poltava,Poltava
Estonia,EST,Põlvamaa,Polva,Põlva
Russia,RUS,Murmanskaya Oblast’,Polyarnyy,Polyarnyy
Greece,GRC,Kentrikí Makedonía,Polygyros,Polygyros
Slovenia,SVN,Polzela,Polzela,Polzela
Cabo Verde,CPV,Paul,Pombas,Pombas
United States,USA,California,Pomona,Pomona
United States,USA,Florida,Pompano Beach,Pompano Beach
United States,USA,New Jersey,Pompton Lakes,Pompton Lakes
United States,USA,Oklahoma,Ponca City,Ponca City
United States,USA,Louisiana,Ponchatoula,Ponchatoula
Canada,CAN,Nunavut,Pond Inlet,Pond Inlet
India,IND,Puducherry,Pondicherry,Pondicherry
Portugal,PRT,Azores,Ponta Delgada,Ponta Delgada
Brazil,BRA,Paraná,Ponta Grossa,Ponta Grossa
Brazil,BRA,Mato Grosso do Sul,Ponta Pora,Ponta Porã
Brazil,BRA,Minas Gerais,Ponte Nova,Ponte Nova
Brazil,BRA,Mato Grosso,Pontes e Lacerda,Pontes e Lacerda
United States,USA,Illinois,Pontiac,Pontiac
United States,USA,Michigan,Pontiac,Pontiac
Indonesia,IDN,Kalimantan Barat,Pontianak,Pontianak
United States,USA,Illinois,Pontoon Beach,Pontoon Beach
United States,USA,Mississippi,Pontotoc,Pontotoc
United Kingdom,GBR,Torfaen,Pont-y-pwl,Pont-y-pŵl
United Kingdom,GBR,Poole,Poole,Poole
United States,USA,Georgia,Pooler,Pooler
Colombia,COL,Cauca,Popayan,Popayán
United Kingdom,GBR,Tower Hamlets,Poplar,Poplar
United States,USA,Missouri,Poplar Bluff,Poplar Bluff
United States,USA,Illinois,Poplar Grove,Poplar Grove
Papua New Guinea,PNG,Northern,Popondetta,Popondetta
United States,USA,Virginia,Poquoson,Poquoson
India,IND,Gujarāt,Porbandar,Porbandar
Finland,FIN,Satakunta,Pori,Pori
New Zealand,NZL,Wellington,Porirua,Porirua
Faroe Islands,FRO,,Porkeri,Porkeri
Venezuela,VEN,Nueva Esparta,Porlamar,Porlamar
Russia,RUS,Sakhalinskaya Oblast’,Poronaysk,Poronaysk
South Africa,ZAF,Eastern Cape,Port Alfred,Port Alfred
United States,USA,Louisiana,Port Allen,Port Allen
United States,USA,Washington,Port Angeles,Port Angeles
Jamaica,JAM,Portland,Port Antonio,Port Antonio
United States,USA,Texas,Port Arthur,Port Arthur
Australia,AUS,South Australia,Port Augusta,Port Augusta
India,IND,Andaman and Nicobar Islands,Port Blair,Port Blair
United States,USA,New York,Port Chester,Port Chester
United States,USA,Ohio,Port Clinton,Port Clinton
Australia,AUS,Western Australia,Port Denison,Port Denison
Australia,AUS,Queensland,Port Douglas,Port Douglas
South Africa,ZAF,Eastern Cape,Port Elizabeth,Port Elizabeth
Nigeria,NGA,Rivers,Port Harcourt,Port Harcourt
Canada,CAN,British Columbia,Port Hardy,Port Hardy
Australia,AUS,Western Australia,Port Hedland,Port Hedland
Canada,CAN,Newfoundland and Labrador,Port Hope Simpson,Port Hope Simpson
United States,USA,California,Port Hueneme,Port Hueneme
United States,USA,Michigan,Port Huron,Port Huron
United States,USA,Texas,Port Isabel,Port Isabel
United States,USA,New York,Port Jefferson,Port Jefferson
United States,USA,New York,Port Jervis,Port Jervis
Ireland,IRL,Laois,Port Laoise,Port Laoise
United States,USA,Texas,Port Lavaca,Port Lavaca
Australia,AUS,South Australia,Port Lincoln,Port Lincoln
Sierra Leone,SLE,,Port Loko,Port Loko
Mauritius,MUS,Port Louis,Port Louis,Port Louis
Australia,AUS,New South Wales,Port Macquarie,Port Macquarie
Jamaica,JAM,Saint Mary,Port Maria,Port Maria
Jamaica,JAM,Saint Thomas,Port Morant,Port Morant
Papua New Guinea,PNG,National Capital,Port Moresby,Port Moresby
United States,USA,Texas,Port Neches,Port Neches
United States,USA,Florida,Port Orange,Port Orange
United States,USA,Washington,Port Orchard,Port Orchard
Australia,AUS,South Australia,Port Pirie,Port Pirie
United States,USA,South Carolina,Port Royal,Port Royal
United States,USA,Florida,Port Saint Lucie,Port Saint Lucie
South Africa,ZAF,KwaZulu-Natal,Port Shepstone,Port Shepstone
South Africa,ZAF,Eastern Cape,Port St. Johns,Port St. Johns
Sudan,SDN,Red Sea,Port Sudan,Port Sudan
United Kingdom,GBR,Neath Port Talbot,Port Talbot,Port Talbot
United States,USA,Washington,Port Townsend,Port Townsend
Vanuatu,VUT,Shefa,Port Vila,Port Vila
United States,USA,Wisconsin,Port Washington,Port Washington
United States,USA,Georgia,Port Wentworth,Port Wentworth
Bolivia,BOL,Santa Cruz,Portachuelo,Portachuelo
United States,USA,Wisconsin,Portage,Portage
United States,USA,Pennsylvania,Portage,Portage
United States,USA,Indiana,Portage,Portage
United States,USA,Michigan,Portage,Portage
Portugal,PRT,Portalegre,Portalegre,Portalegre
United States,USA,New Mexico,Portales,Portales
Haiti,HTI,Ouest,Port-au-Prince,Port-au-Prince
Haiti,HTI,Nord-Ouest,Port-De-Paix,Port-De-Paix
Brazil,BRA,Pará,Portel,Portel
United States,USA,California,Porterville,Porterville
Gabon,GAB,Ogooué-Maritime,Port-Gentil,Port-Gentil
Portugal,PRT,Faro,Portimao,Portimão
Australia,AUS,Victoria,Portland,Portland
United States,USA,Texas,Portland,Portland
United States,USA,Tennessee,Portland,Portland
United States,USA,Indiana,Portland,Portland
United States,USA,Maine,Portland,Portland
United States,USA,Michigan,Portland,Portland
United States,USA,Oregon,Portland,Portland
Canada,CAN,Québec,Port-Menier,Port-Menier
Portugal,PRT,Porto,Porto,Porto
Brazil,BRA,Rio Grande do Sul,Porto Alegre,Porto Alegre
Cabo Verde,CPV,Mosteiros,Porto dos Mosteiros,Porto dos Mosteiros
Brazil,BRA,Tocantins,Porto Nacional,Porto Nacional
Cabo Verde,CPV,Porto Novo,Porto Novo,Porto Novo
Brazil,BRA,Amapá,Porto Santana,Porto Santana
Brazil,BRA,Bahia,Porto Seguro,Porto Seguro
Brazil,BRA,Santa Catarina,Porto Uniao,Porto União
Brazil,BRA,Rondônia,Porto Velho,Porto Velho
Trinidad And Tobago,TTO,Port of Spain,Port-of-Spain,Port-of-Spain
Benin,BEN,Ouémé,Porto-Novo,Porto-Novo
Ecuador,ECU,Manabí,Portoviejo,Portoviejo
United Kingdom,GBR,Portsmouth,Portsmouth,Portsmouth
United States,USA,Virginia,Portsmouth,Portsmouth
United States,USA,New Hampshire,Portsmouth,Portsmouth
United States,USA,Ohio,Portsmouth,Portsmouth
Finland,FIN,Uusimaa,Porvoo,Porvoo
Argentina,ARG,Misiones,Posadas,Posadas
United States,USA,Illinois,Posen,Posen
Indonesia,IDN,Sulawesi Tengah,Poso,Poso
United States,USA,Texas,Post,Post
United States,USA,Idaho,Post Falls,Post Falls
Slovenia,SVN,Postojna,Postojna,Postojna
South Africa,ZAF,North West,Potchefstroom,Potchefstroom
United States,USA,Oklahoma,Poteau,Poteau
Italy,ITA,Basilicata,Potenza,Potenza
Georgia,GEO,,Poti,Poti
Nigeria,NGA,Yobe,Potiskum,Potiskum
Bolivia,BOL,Potosí,Potosi,Potosí
Germany,DEU,Brandenburg,Potsdam,Potsdam
United States,USA,New York,Potsdam,Potsdam
United States,USA,Pennsylvania,Pottstown,Pottstown
United States,USA,Pennsylvania,Pottsville,Pottsville
United States,USA,New York,Poughkeepsie,Poughkeepsie
United States,USA,Washington,Poulsbo,Poulsbo
Brazil,BRA,Minas Gerais,Pouso Alegre,Pouso Alegre
United States,USA,California,Poway,Poway
United States,USA,Georgia,Powder Springs,Powder Springs
United States,USA,Wyoming,Powell,Powell
United States,USA,Ohio,Powell,Powell
Canada,CAN,British Columbia,Powell River,Powell River
Mexico,MEX,Veracruz,Poza Rica de Hidalgo,Poza Rica de Hidalgo
Serbia,SRB,Požarevac,Pozarevac,Požarevac
Serbia,SRB,Požega,Pozega,Požega
Croatia,HRV,Požeško-Slavonska Županija,Pozega,Požega
Poland,POL,Wielkopolskie,Poznan,Poznań
Chile,CHL,Tarapacá,Pozo Almonte,Pozo Almonte
Paraguay,PRY,Presidente Hayes,Pozo Colorado,Pozo Colorado
Thailand,THA,Prachin Buri,Prachin Buri,Prachin Buri
Thailand,THA,Prachuap Khiri Khan,Prachuap Khiri Khan,Prachuap Khiri Khan
Czechia,CZE,"Praha, Hlavní Město",Prague,Prague
Cabo Verde,CPV,Praia,Praia,Praia
United States,USA,Wisconsin,Prairie du Chien,Prairie du Chien
United States,USA,Wisconsin,Prairie du Sac,Prairie du Sac
United States,USA,Texas,Prairie View,Prairie View
United States,USA,Kansas,Prairie Village,Prairie Village
United States,USA,Kansas,Pratt,Pratt
United States,USA,Alabama,Prattville,Prattville
Indonesia,IDN,Nusa Tenggara Barat,Praya,Praya
Slovenia,SVN,Prebold,Prebold,Prebold
Slovenia,SVN,Preddvor,Preddvor,Preddvor
Latvia,LVA,Preiļu Novads,Preili,Preiļi
United States,USA,Arizona,Prescott,Prescott
United States,USA,Arizona,Prescott Valley,Prescott Valley
Serbia,SRB,Preševo,Presevo,Preševo
Argentina,ARG,Chaco,Presidencia Roque Saenz Pena,Presidencia Roque Saenz Pena
Brazil,BRA,Alagoas,Presidente Dutra,Presidente Dutra
Brazil,BRA,São Paulo,Presidente Prudente,Presidente Prudente
Slovakia,SVK,Prešovský,Presov,Prešov
United States,USA,Maine,Presque Isle,Presque Isle
United Kingdom,GBR,Lancashire,Preston,Preston
United States,USA,Kentucky,Prestonsburg,Prestonsburg
South Africa,ZAF,Gauteng,Pretoria,Pretoria
Slovenia,SVN,Prevalje,Prevalje,Prevalje
Cambodia,KHM,Prey Veng,Prey Veng,Prey Veng
Serbia,SRB,Priboj,Priboj,Priboj
United States,USA,Utah,Price,Price
United States,USA,Alabama,Prichard,Prichard
Latvia,LVA,Priekules Novads,Priekule,Priekule
Latvia,LVA,Priekuļu Novads,Priekuli,Priekuļi
Lithuania,LTU,Prienai,Prienai,Prienai
South Africa,ZAF,Northern Cape,Prieska,Prieska
Bosnia And Herzegovina,BIH,"Srpska, Republika",Prijedor,Prijedor
Serbia,SRB,Prijepolje,Prijepolje,Prijepolje
Macedonia,MKD,Prilep,Prilep,Prilep
Canada,CAN,Saskatchewan,Prince Albert,Prince Albert
Canada,CAN,British Columbia,Prince George,Prince George
Canada,CAN,British Columbia,Prince Rupert,Prince Rupert
Trinidad And Tobago,TTO,Princes Town,Princes Town,Princes Town
United States,USA,Maryland,Princess Anne,Princess Anne
United States,USA,West Virginia,Princeton,Princeton
United States,USA,New Jersey,Princeton,Princeton
United States,USA,Texas,Princeton,Princeton
United States,USA,Illinois,Princeton,Princeton
United States,USA,Indiana,Princeton,Princeton
United States,USA,Kentucky,Princeton,Princeton
Brazil,BRA,Rondônia,Principe da Beira,Principe da Beira
United States,USA,Oregon,Prineville,Prineville
United States,USA,Minnesota,Prior Lake,Prior Lake
Kosovo,XKS,Prishtinë,Pristina,Pristina
Kosovo,XKS,Prizren,Prizren,Prizren
Macedonia,MKD,Probištip,Probistip,Probištip
Indonesia,IDN,Jawa Timur,Probolinggo,Probolinggo
India,IND,Andhra Pradesh,Proddatur,Proddatur
Mexico,MEX,Yucatán,Progreso,Progreso
United States,USA,Texas,Progreso,Progreso
Russia,RUS,Amurskaya Oblast’,Progress,Progress
Russia,RUS,Kemerovskaya Oblast’,Prokopyevsk,Prokopyevsk
Serbia,SRB,Prokuplje,Prokuplje,Prokuplje
Australia,AUS,Queensland,Proserpine,Proserpine
United States,USA,Illinois,Prospect Heights,Prospect Heights
United States,USA,New Jersey,Prospect Park,Prospect Park
United States,USA,Pennsylvania,Prospect Park,Prospect Park
United States,USA,Texas,Prosper,Prosper
Philippines,PHL,Agusan del Sur,Prosperidad,Prosperidad
United States,USA,Washington,Prosser,Prosser
United States,USA,Utah,Providence,Providence
United States,USA,Rhode Island,Providence,Providence
Russia,RUS,,Provideniya,Provideniya
United States,USA,Utah,Provo,Provo
Russia,RUS,Pskovskaya Oblast’,Pskov,Pskov
Slovenia,SVN,Ptuj,Ptuj,Ptuj
Peru,PER,Loreto,Puca Urco,Puca Urco
Peru,PER,Ucayali,Pucallpa,Pucallpa
"Korea, South",KOR,Gyeonggi,Puch'on,Puch'on
Slovenia,SVN,Puconci,Puconci,Puconci
Mexico,MEX,Puebla,Puebla,Puebla
United States,USA,Colorado,Pueblo,Pueblo
Bolivia,BOL,La Paz,Puerto Acosta,Puerto Acosta
Chile,CHL,Aysén,Puerto Aisen,Puerto Aisén
Panama,PAN,Chiriquí,Puerto Armuelles,Puerto Armuelles
Venezuela,VEN,Amazonas,Puerto Ayacucho,Puerto Ayacucho
Ecuador,ECU,Galápagos,Puerto Baquerizo Moreno,Puerto Baquerizo Moreno
Guatemala,GTM,Izabal,Puerto Barrios,Puerto Barrios
Colombia,COL,Antioquia,Puerto Berrio,Puerto Berrío
Venezuela,VEN,Carabobo,Puerto Cabello,Puerto Cabello
Nicaragua,NIC,Caribe Norte,Puerto Cabezas,Puerto Cabezas
Colombia,COL,Vichada,Puerto Carreno,Puerto Carreño
Argentina,ARG,Santa Cruz,Puerto Deseado,Puerto Deseado
Mexico,MEX,Oaxaca,Puerto Escondido,Puerto Escondido
Ecuador,ECU,Orellana,Puerto Francisco de Orellana,Puerto Francisco de Orellana
Bolivia,BOL,La Paz,Puerto Heath,Puerto Heath
Venezuela,VEN,Anzoátegui,Puerto la Cruz,Puerto la Cruz
Honduras,HND,Gracias a Dios,Puerto Lempira,Puerto Lempira
Costa Rica,CRI,Limón,Puerto Limon,Puerto Limon
Colombia,COL,Meta,Puerto Lopez,Puerto López
Argentina,ARG,Chubut,Puerto Madryn,Puerto Madryn
Peru,PER,Madre de Dios,Puerto Maldonado,Puerto Maldonado
Chile,CHL,Los Lagos,Puerto Montt,Puerto Montt
Chile,CHL,Magallanes y de la Antártica Chilena,Puerto Natales,Puerto Natales
Paraguay,PRY,Presidente Hayes,Puerto Pinasco,Puerto Pinasco
Dominican Republic,DOM,Cibao Norte,Puerto Plata,Puerto Plata
Philippines,PHL,Puerto Princesa,Puerto Princesa,Puerto Princesa
Bolivia,BOL,Santa Cruz,Puerto Quijarro,Puerto Quijarro
Argentina,ARG,Santa Cruz,Puerto San Julian,Puerto San Julián
Bolivia,BOL,Santa Cruz,Puerto Suarez,Puerto Suárez
Mexico,MEX,Jalisco,Puerto Vallarta,Puerto Vallarta
Chile,CHL,Los Lagos,Puerto Varas,Puerto Varas
Ecuador,ECU,Galápagos,Puerto Villamil,Puerto Villamil
Bolivia,BOL,Cochabamba,Puerto Villarroel,Puerto Villarroel
Chile,CHL,Magallanes y de la Antártica Chilena,Puerto Williams,Puerto Williams
Russia,RUS,Saratovskaya Oblast’,Pugachev,Pugachev
Canada,CAN,Manitoba,Pukatawagan,Pukatawagan
Albania,ALB,Shkodër,Puke,Pukë
New Zealand,NZL,,Pukekohe,Pukekohe
Croatia,HRV,Istarska Županija,Pula,Pula
United States,USA,Virginia,Pulaski,Pulaski
United States,USA,Tennessee,Pulaski,Pulaski
Afghanistan,AFG,Lōgar,Pul-e `Alam,Pul-e ‘Alam
United States,USA,Washington,Pullman,Pullman
Bhutan,BTN,Punakha,Punakha,Punakha
Bolivia,BOL,Cochabamba,Punata,Punata
India,IND,Mahārāshtra,Pune,Pune
Peru,PER,Puno,Puno,Puno
Argentina,ARG,Buenos Aires,Punta Alta,Punta Alta
Chile,CHL,Magallanes y de la Antártica Chilena,Punta Arenas,Punta Arenas
Uruguay,URY,Maldonado,Punta del Este,Punta del Este
Belize,BLZ,Toledo,Punta Gorda,Punta Gorda
United States,USA,Florida,Punta Gorda,Punta Gorda
Mexico,MEX,Baja California,Punta Prieta,Punta Prieta
Costa Rica,CRI,Puntarenas,Puntarenas,Puntarenas
Venezuela,VEN,Falcón,Punto Fijo,Punto Fijo
United States,USA,Pennsylvania,Punxsutawney,Punxsutawney
China,CHN,Hubei,Puqi,Puqi
Peru,PER,Ayacucho,Puquio,Puquio
United States,USA,Oklahoma,Purcell,Purcell
United States,USA,Virginia,Purcellville,Purcellville
India,IND,Odisha,Puri,Puri
India,IND,Bihār,Purnia,Purnia
Cambodia,KHM,Pursat,Pursat,Pursat
Russia,RUS,Sakha (Yakutiya),Put Lenina,Put Lenina
China,CHN,Fujian,Putian,Putian
Peru,PER,Puno,Putina,Putina
Malaysia,MYS,Negeri Sembilan,Putrajaya,Putrajaya
Sri Lanka,LKA,North Western,Puttalan,Puttalan
United States,USA,Washington,Puyallup,Puyallup
China,CHN,Henan,Puyang,Puyang
Ecuador,ECU,Pastaza,Puyo,Puyo
Taiwan,TWN,Chiayi,Puzi,Puzi
Russia,RUS,Stavropol’skiy Kray,Pyatigorsk,Pyatigorsk
Burma,MMR,Bago,Pyay,Pyay
"Korea, North",PRK,Hwangbuk,Pyongsan,Pyongsan
"Korea, North",PRK,P’yŏngyang,Pyongyang,Pyongyang
Burma,MMR,Bago,Pyu,Pyu
Greenland,GRL,Qaasuitsup,Qaanaaq,Qaanaaq
Azerbaijan,AZE,,Qabala,Qabala
Lesotho,LSO,Qacha’s Nek,Qacha's Nek,Qacha’s Nek
Tunisia,TUN,Kairouan,Qairouan,Qairouan
Saudi Arabia,SAU,,Qal at Bishah,Qal at Bishah
Malta,MLT,Qala,Qala,Qala
Afghanistan,AFG,Bādghīs,Qala i Naw,Qala i Naw
Afghanistan,AFG,Zābul,Qalat,Qalat
Libya,LBY,Banghāzī,Qaminis,Qaminis
Kazakhstan,KAZ,Almaty,Qapshaghay,Qapshaghay
Greenland,GRL,Kujalleq,Qaqortoq,Qaqortoq
Kazakhstan,KAZ,Qaraghandy,Qaraghandy,Qaraghandy
Kazakhstan,KAZ,Zhambyl,Qaratau,Qaratau
Kazakhstan,KAZ,Qaraghandy,Qarazhal,Qarazhal
Somalia,SOM,Bari,Qardho,Qardho
Kazakhstan,KAZ,Qaraghandy,Qarqaraly,Qarqaraly
Uzbekistan,UZB,Qashqadaryo,Qarshi,Qarshi
Greenland,GRL,Qaasuitsup,Qasigiannguit,Qasigiannguit
Egypt,EGY,Al Wādī al Jadīd,Qasr Farafra,Qasr Farafra
Iran,IRN,Kermānshāh,Qasr-e Shirin,Qasr-e Shirin
Tunisia,TUN,Kasserine,Qasserine,Qasserine
Azerbaijan,AZE,Qax,Qax,Qax
Kazakhstan,KAZ,Qyzylorda,Qazaly,Qazaly
Azerbaijan,AZE,Qazax,Qazax,Qazax
Iran,IRN,Qazvīn,Qazvin,Qazvin
Azerbaijan,AZE,Qəbələ,Qabala,Qəbələ
Egypt,EGY,Qinā,Qena,Qena
Greenland,GRL,Qaasuitsup,Qeqertasuaq,Qeqertasuaq
China,CHN,Heilongjiang,Qingan,Qingan
China,CHN,Shandong,Qingdao,Qingdao
China,CHN,Heilongjiang,Qinggang,Qinggang
China,CHN,Guangdong,Qingyuan,Qingyuan
China,CHN,Hebei,Qinhuangdao,Qinhuangdao
China,CHN,Guangxi,Qinzhou,Qinzhou
China,CHN,Heilongjiang,Qiqihar,Qiqihar
China,CHN,Heilongjiang,Qitaihe,Qitaihe
Azerbaijan,AZE,Kəngərli,Qivraq,Qıvraq
Azerbaijan,AZE,Qobustan,Qobustan,Qobustan
Iran,IRN,Qom,Qom,Qom
Iran,IRN,Eşfahān,Qomsheh,Qomsheh
Uzbekistan,UZB,Farg‘ona,Qoqon,Qoqon
Malta,MLT,Qormi,Qormi,Qormi
Malta,MLT,Qrendi,Qrendi,Qrendi
United States,USA,Pennsylvania,Quakertown,Quakertown
Vietnam,VNM,Quảng Ngãi,Quang Ngai,Quảng Ngãi
Vietnam,VNM,Quảng Trị,Quang Tri,Quảng Trị
China,CHN,Fujian,Quanzhou,Quanzhou
Brazil,BRA,Rio Grande do Sul,Quarai,Quaraí
United States,USA,Pennsylvania,Quarryville,Quarryville
Azerbaijan,AZE,Quba,Quba,Quba
Azerbaijan,AZE,Qubadlı,Qubadli,Qubadlı
Iran,IRN,Khorāsān-e Raẕavī,Quchan,Quchan
Australia,AUS,New South Wales,Queanbeyan,Queanbeyan
Canada,CAN,Québec,Quebec,Québec
United States,USA,Arizona,Queen Creek,Queen Creek
United States,USA,New York,Queens,Queens
South Africa,ZAF,Eastern Cape,Queenstown,Queenstown
New Zealand,NZL,Otago,Queenstown,Queenstown
Australia,AUS,Tasmania,Queenstown,Queenstown
Mozambique,MOZ,Zambézia,Quelimane,Quelimane
Chile,CHL,Los Lagos,Quellon,Quellón
Mexico,MEX,Querétaro,Queretaro,Querétaro
Costa Rica,CRI,Alajuela,Quesada,Quesada
Canada,CAN,British Columbia,Quesnel,Quesnel
Pakistan,PAK,Balochistān,Quetta,Quetta
Guatemala,GTM,Quetzaltenango,Quetzaltenango,Quetzaltenango
Philippines,PHL,Quezon,Quezon City,Quezon City
Vietnam,VNM,Bình Định,Qui Nhon,Qui Nhon
Angola,AGO,Kwanza Sul,Quibala,Quibala
Colombia,COL,Chocó,Quibdo,Quibdó
China,CHN,Xinjiang,Quiemo,Quiemo
Bolivia,BOL,Cochabamba,Quillacollo,Quillacollo
Chile,CHL,Valparaíso,Quillota,Quillota
Australia,AUS,Queensland,Quilpie,Quilpie
Bolivia,BOL,La Paz,Quime,Quime
United States,USA,Washington,Quincy,Quincy
United States,USA,Florida,Quincy,Quincy
United States,USA,Illinois,Quincy,Quincy
United States,USA,Massachusetts,Quincy,Quincy
Guinea-Bissau,GNB,Biombo,Quinhamel,Quinhámel
Angola,AGO,Huíla,Quipungo,Quipungo
Chile,CHL,Biobío,Quirihue,Quirihue
Mozambique,MOZ,Inhambane,Quissico,Quissico
Ecuador,ECU,Pichincha,Quito,Quito
Brazil,BRA,Ceará,Quixada,Quixadá
Kazakhstan,KAZ,Zhambyl,Qulan,Qulan
Kazakhstan,KAZ,Atyraū,Qulsary,Qulsary
Uzbekistan,UZB,Qoraqalpog‘iston,Qunghirot,Qunghirot
Tajikistan,TJK,Khatlon,Qurghonteppa,Qurghonteppa
Azerbaijan,AZE,Qusar,Qusar,Qusar
Kazakhstan,KAZ,Qostanay,Qusmuryn,Qusmuryn
China,CHN,Zhejiang,Quzhou,Quzhou
Kazakhstan,KAZ,Qyzylorda,Qyzylorda,Qyzylorda
Indonesia,IDN,Nusa Tenggara Barat,Raba,Raba
Sudan,SDN,White Nile,Rabak,Rabak
Morocco,MAR,Rabat-Salé-Kénitra,Rabat,Rabat
Malta,MLT,Rabat,Rabat,Rabat
Papua New Guinea,PNG,East New Britain,Rabaul,Rabaul
Serbia,SRB,Rača,Raca,Rača
Slovenia,SVN,Rače-Fram,Race,Rače
Vietnam,VNM,Kiến Giang,Rach Gia,Rạch Giá
United States,USA,Wisconsin,Racine,Racine
United States,USA,Kentucky,Radcliff,Radcliff
Slovenia,SVN,Radeče,Radece,Radeče
Slovenia,SVN,Radenci,Radenci,Radenci
United States,USA,Virginia,Radford,Radford
Canada,CAN,Québec,Radisson,Radisson
Slovenia,SVN,Radlje ob Dravi,Radlje ob Dravi,Radlje ob Dravi
Macedonia,MKD,Radoviš,Radovis,Radoviš
Slovenia,SVN,Radovljica,Radovljica,Radovljica
Lithuania,LTU,Radviliškis,Radviliskis,Radviliškis
Argentina,ARG,Santa Fe,Rafaela,Rafaela
Saudi Arabia,SAU,Al Ḩudūd ash Shamālīyah,Rafha,Rafha
Latvia,LVA,Krimuldas Novads,Ragana,Ragana
Italy,ITA,Sicilia,Ragusa,Ragusa
Pakistan,PAK,Punjab,Rahim Yar Khan,Rahim Yar Khan
Kosovo,XKS,Rahovec,Rahovec,Rahovec
United States,USA,New Jersey,Rahway,Rahway
India,IND,Karnātaka,Raichur,Raichur
United States,USA,Alabama,Rainbow City,Rainbow City
United States,USA,Alabama,Rainsville,Rainsville
India,IND,Chhattīsgarh,Raipur,Raipur
India,IND,Andhra Pradesh,Rajahmundry,Rajahmundry
India,IND,Tamil Nādu ,Rajapalaiyam,Rajapalaiyam
Nepal,NPL,,Rajbiraj,Rajbiraj
"Korea, North",PRK,Nasŏn,Rajin,Rajin
India,IND,Gujarāt,Rajkot,Rajkot
Bangladesh,BGD,Rājshāhi,Rajshahi,Rajshahi
Uganda,UGA,Rakai,Rakai,Rakai
Estonia,EST,Lääne-Virumaa,Rakvere,Rakvere
United States,USA,North Carolina,Raleigh,Raleigh
United States,USA,Nebraska,Ralston,Ralston
Nepal,NPL,Janakpur,Ramechhap,Ramechhap
Israel,ISR,Central,Ramla,Ramla
Botswana,BWA,South East,Ramotswa,Ramotswa
India,IND,Uttar Pradesh,Rampur,Rampur
United States,USA,New Jersey,Ramsey,Ramsey
United States,USA,Minnesota,Ramsey,Ramsey
Chile,CHL,Libertador General Bernardo O’Higgins,Rancagua,Rancagua
India,IND,Jharkhand,Ranchi,Ranchi
United States,USA,California,Rancho Cordova,Rancho Cordova
United States,USA,California,Rancho Cucamonga,Rancho Cucamonga
United States,USA,California,Rancho Mirage,Rancho Mirage
United States,USA,California,Rancho Palos Verdes,Rancho Palos Verdes
United States,USA,California,Rancho Santa Margarita,Rancho Santa Margarita
Burma,MMR,Yangon,Rangoon,Rangoon
Bangladesh,BGD,Rangpur,Rangpur,Rangpur
Kosovo,XKS,Ranillug,Ranillug,Ranillug
Canada,CAN,Nunavut,Rankin Inlet,Rankin Inlet
Macedonia,MKD,Rankovce,Rankovce,Rankovce
Thailand,THA,Ranong,Ranong,Ranong
United States,USA,West Virginia,Ranson,Ranson
United States,USA,Illinois,Rantoul,Rantoul
United States,USA,South Dakota,Rapid City,Rapid City
Estonia,EST,Raplamaa,Rapla,Rapla
United States,USA,New Jersey,Raritan,Raritan
United Arab Emirates,ARE,Ra’s al Khaymah,Ras al Khaymah,Ras al Khaymah
Maldives,MDV,,Rasdhoo,Rasdhoo
Lithuania,LTU,Raseiniai,Raseiniai,Raseiniai
Egypt,EGY,Al Buḩayrah,Rashid,Rashid
Iran,IRN,Gīlān,Rasht,Rasht
Serbia,SRB,Raška,Raska,Raška
Thailand,THA,Ratchaburi,Ratchaburi,Ratchaburi
United States,USA,Idaho,Rathdrum,Rathdrum
India,IND,Madhya Pradesh,Ratlam,Ratlam
Sri Lanka,LKA,Sabaragamuwa,Ratnapura,Ratnapura
United States,USA,New Mexico,Raton,Raton
Malaysia,MYS,Pahang,Raub,Raub
Latvia,LVA,Raunas Novads,Rauna,Rauna
India,IND,Odisha,Raurkela,Raurkela
United States,USA,New York,Ravena,Ravena
Italy,ITA,Emilia-Romagna,Ravenna,Ravenna
United States,USA,Ohio,Ravenna,Ravenna
Australia,AUS,Western Australia,Ravensthorpe,Ravensthorpe
Slovenia,SVN,Ravne na Koroškem,Ravne na Koroskem,Ravne na Koroškem
Pakistan,PAK,Punjab,Rawalpindi,Rawalpindi
United States,USA,Wyoming,Rawlins,Rawlins
Argentina,ARG,Chubut,Rawson,Rawson
Russia,RUS,Bashkortostan,Rayevskiy,Rayevskiy
United States,USA,Texas,Raymondville,Raymondville
United States,USA,Missouri,Raymore,Raymore
United States,USA,Louisiana,Rayne,Rayne
Thailand,THA,Rayong,Rayong,Rayong
United States,USA,Missouri,Raytown,Raytown
Serbia,SRB,Ražanj,Razanj,Ražanj
Bulgaria,BGR,Razgrad,Razgrad,Razgrad
Slovenia,SVN,Razkrižje,Razkrizje,Razkrižje
United Kingdom,GBR,Reading,Reading,Reading
United States,USA,Pennsylvania,Reading,Reading
United States,USA,Ohio,Reading,Reading
Slovenia,SVN,Rečica ob Savinji,Recica ob Savinji,Rečica ob Savinji
Brazil,BRA,Pernambuco,Recife,Recife
Argentina,ARG,Santa Fe,Reconquista,Reconquista
United States,USA,New Jersey,Red Bank,Red Bank
United States,USA,Tennessee,Red Bank,Red Bank
United States,USA,California,Red Bluff,Red Bluff
Canada,CAN,Alberta,Red Deer,Red Deer
United States,USA,New York,Red Hook,Red Hook
Canada,CAN,Ontario,Red Lake,Red Lake
United States,USA,Pennsylvania,Red Lion,Red Lion
United States,USA,Texas,Red Oak,Red Oak
United States,USA,Iowa,Red Oak,Red Oak
United States,USA,Minnesota,Red Wing,Red Wing
Luxembourg,LUX,Redange,Redange-sur-Attert,Redange-sur-Attert
United States,USA,California,Redding,Redding
United States,USA,California,Redlands,Redlands
United States,USA,Washington,Redmond,Redmond
United States,USA,Oregon,Redmond,Redmond
United States,USA,California,Redondo Beach,Redondo Beach
United States,USA,California,Redwood City,Redwood City
United States,USA,California,Reedley,Reedley
United States,USA,Wisconsin,Reedsburg,Reedsburg
Germany,DEU,Bavaria,Regensburg,Regensburg
Algeria,DZA,Adrar,Reggane,Reggane
Italy,ITA,Calabria,Reggio di Calabria,Reggio di Calabria
Canada,CAN,Saskatchewan,Regina,Regina
Brazil,BRA,São Paulo,Registro,Registro
Namibia,NAM,Hardap,Rehoboth,Rehoboth
United States,USA,North Carolina,Reidsville,Reidsville
France,FRA,Grand Est,Reims,Reims
Serbia,SRB,Rekovac,Rekovac,Rekovac
Algeria,DZA,Relizane,Relizane,Relizane
Brazil,BRA,Bahia,Remanso,Remanso
Luxembourg,LUX,Remich,Remich,Remich
France,FRA,Bretagne,Rennes,Rennes
United States,USA,Nevada,Reno,Reno
United States,USA,New York,Rensselaer,Rensselaer
United States,USA,Indiana,Rensselaer,Rensselaer
United States,USA,Washington,Renton,Renton
Burkina Faso,BFA,Centre-Ouest,Reo,Réo
United States,USA,Missouri,Republic,Republic
Peru,PER,Loreto,Requena,Requena
Macedonia,MKD,Resen,Resen,Resen
Argentina,ARG,Chaco,Resistencia,Resistencia
Romania,ROU,Caraş-Severin,Resita,Reșița
Canada,CAN,Nunavut,Resolute,Resolute
Guatemala,GTM,Retalhuleu,Retalhuleu,Retalhuleu
Canada,CAN,British Columbia,Revelstoke,Revelstoke
United States,USA,Massachusetts,Revere,Revere
United States,USA,Idaho,Rexburg,Rexburg
Bolivia,BOL,El Beni,Reyes,Reyes
Iceland,ISL,Höfuðborgarsvæði,Reykjavik,Reykjavík
United States,USA,Ohio,Reynoldsburg,Reynoldsburg
Mexico,MEX,Tamaulipas,Reynosa,Reynosa
Latvia,LVA,Rēzeknes Novads,Rezekne,Rēzekne
Moldova,MDA,Rezina,Rezina,Rezina
United States,USA,Wisconsin,Rhinelander,Rhinelander
United States,USA,Texas,Rhome,Rhome
United Kingdom,GBR,Denbighshire,Rhuthun,Rhuthun
United States,USA,California,Rialto,Rialto
Cabo Verde,CPV,Ribeira Grande,Ribeira Grande,Ribeira Grande
Brazil,BRA,São Paulo,Ribeirao Preto,Ribeirão Preto
Bolivia,BOL,El Beni,Riberalta,Riberalta
Slovenia,SVN,Ribnica,Ribnica,Ribnica
Slovenia,SVN,Ribnica na Pohorju,Ribnica na Pohorju,Ribnica na Pohorju
United States,USA,Wisconsin,Rice Lake,Rice Lake
United States,USA,Texas,Richardson,Richardson
United States,USA,Wisconsin,Richfield,Richfield
United States,USA,Utah,Richfield,Richfield
United States,USA,Minnesota,Richfield,Richfield
United States,USA,Washington,Richland,Richland
United States,USA,Mississippi,Richland,Richland
United States,USA,Texas,Richland Hills,Richland Hills
United States,USA,Virginia,Richlands,Richlands
Australia,AUS,New South Wales,Richmond,Richmond
Australia,AUS,Queensland,Richmond,Richmond
United States,USA,Virginia,Richmond,Richmond
United States,USA,Texas,Richmond,Richmond
United States,USA,California,Richmond,Richmond
United States,USA,Indiana,Richmond,Richmond
United States,USA,Missouri,Richmond,Richmond
United States,USA,Michigan,Richmond,Richmond
United States,USA,Kentucky,Richmond,Richmond
United States,USA,Ohio,Richmond Heights,Richmond Heights
United States,USA,Missouri,Richmond Heights,Richmond Heights
United States,USA,Georgia,Richmond Hill,Richmond Hill
United States,USA,Illinois,Richton Park,Richton Park
Yemen,YEM,Al Bayḑā’,Rida,Rida
Kazakhstan,KAZ,Shyghys Qazaqstan,Ridder,Ridder
United States,USA,California,Ridgecrest,Ridgecrest
United States,USA,Washington,Ridgefield,Ridgefield
United States,USA,New Jersey,Ridgefield,Ridgefield
United States,USA,New Jersey,Ridgefield Park,Ridgefield Park
United States,USA,Mississippi,Ridgeland,Ridgeland
United States,USA,South Carolina,Ridgeland,Ridgeland
United States,USA,New Jersey,Ridgewood,Ridgewood
United States,USA,Pennsylvania,Ridley Park,Ridley Park
Latvia,LVA,Riebiņu Novads,Riebini,Riebiņi
Lithuania,LTU,Rietavo,Rietavas,Rietavas
United States,USA,Colorado,Rifle,Rifle
Latvia,LVA,Rīga,Riga,Riga
United States,USA,Idaho,Rigby,Rigby
Canada,CAN,Newfoundland and Labrador,Rigolet,Rigolet
Croatia,HRV,Primorsko-Goranska Županija,Rijeka,Rijeka
Romania,ROU,Vâlcea,Rimnicu Vilcea,Rimnicu Vilcea
Canada,CAN,Québec,Rimouski,Rimouski
United States,USA,Georgia,Rincon,Rincon
Argentina,ARG,Jujuy,Rinconada,Rinconada
United States,USA,New Jersey,Ringwood,Ringwood
Brazil,BRA,Acre,Rio Branco,Rio Branco
United States,USA,Texas,Rio Bravo,Rio Bravo
Chile,CHL,Los Ríos,Rio Bueno,Río Bueno
Trinidad And Tobago,TTO,Mayaro/Rio Claro,Rio Claro,Rio Claro
Brazil,BRA,São Paulo,Rio Claro,Rio Claro
Argentina,ARG,La Pampa,Rio Colorado,Río Colorado
Argentina,ARG,Córdoba,Rio Cuarto,Río Cuarto
Brazil,BRA,Rio de Janeiro,Rio de Janeiro,Rio de Janeiro
Argentina,ARG,Santa Cruz,Rio Gallegos,Río Gallegos
Argentina,ARG,"Tierra del Fuego, Antártida e Islas del Atlántico Sur",Rio Grande,Rio Grande
Brazil,BRA,Rio Grande do Sul,Rio Grande,Rio Grande
United States,USA,Texas,Rio Grande City,Rio Grande City
United States,USA,Texas,Rio Hondo,Rio Hondo
Brazil,BRA,Alagoas,Rio Largo,Rio Largo
Brazil,BRA,Paraná,Rio Negro,Rio Negro
United States,USA,New Mexico,Rio Rancho,Rio Rancho
Argentina,ARG,Córdoba,Rio Tercero,Río Tercero
Mexico,MEX,San Luis Potosí,Rio Verde,Rio Verde
Brazil,BRA,Goiás,Rio Verde,Rio Verde
Chile,CHL,Magallanes y de la Antártica Chilena,Rio Verde,Río Verde
United States,USA,California,Rio Vista,Rio Vista
Ecuador,ECU,Chimborazo,Riobamba,Riobamba
Colombia,COL,La Guajira,Riohacha,Riohacha
United States,USA,Tennessee,Ripley,Ripley
United States,USA,Wisconsin,Ripon,Ripon
United States,USA,California,Ripon,Ripon
Moldova,MDA,Rîşcani,Riscani,Rîşcani
United States,USA,Ohio,Rittman,Rittman
Nicaragua,NIC,Rivas,Rivas,Rivas
United States,USA,New Jersey,River Edge,River Edge
United States,USA,Wisconsin,River Falls,River Falls
United States,USA,Illinois,River Forest,River Forest
United States,USA,Illinois,River Grove,River Grove
United States,USA,Texas,River Oaks,River Oaks
United States,USA,Michigan,River Rouge,River Rouge
Uruguay,URY,Rivera,Rivera,Rivera
United States,USA,California,Riverbank,Riverbank
Liberia,LBR,River Cess,Rivercess,Rivercess
United States,USA,Illinois,Riverdale,Riverdale
United States,USA,Georgia,Riverdale,Riverdale
United States,USA,Utah,Riverdale,Riverdale
United States,USA,Maryland,Riverdale Park,Riverdale Park
United States,USA,California,Riverside,Riverside
United States,USA,Illinois,Riverside,Riverside
United States,USA,Ohio,Riverside,Riverside
United States,USA,Wyoming,Riverton,Riverton
United States,USA,Utah,Riverton,Riverton
United States,USA,Michigan,Riverview,Riverview
United States,USA,Florida,Riviera Beach,Riviera Beach
Canada,CAN,Québec,Riviere-du-Loup,Rivière-du-Loup
Ukraine,UKR,Rivnens’ka Oblast’,Rivne,Rivne
Saudi Arabia,SAU,Ar Riyāḑ,Riyadh,Riyadh
Turkey,TUR,Rize,Rize,Rize
China,CHN,Shandong,Rizhao,Rizhao
"Virgin Islands, British",VGB,,Road Town,Road Town
France,FRA,Auvergne-Rhône-Alpes,Roanne,Roanne
United States,USA,Virginia,Roanoke,Roanoke
United States,USA,Texas,Roanoke,Roanoke
United States,USA,North Carolina,Roanoke Rapids,Roanoke Rapids
United States,USA,Pennsylvania,Roaring Spring,Roaring Spring
Honduras,HND,Islas de la Bahía,Roatan,Roatán
United States,USA,Illinois,Robbins,Robbins
United States,USA,Minnesota,Robbinsdale,Robbinsdale
United States,USA,Alabama,Robertsdale,Robertsdale
Liberia,LBR,Grand Cape Mount,Robertsport,Robertsport
United States,USA,Texas,Robinson,Robinson
United States,USA,Illinois,Robinson,Robinson
Bolivia,BOL,Santa Cruz,Robore,Roboré
United States,USA,Texas,Robstown,Robstown
Uruguay,URY,Rocha,Rocha,Rocha
United Kingdom,GBR,Rochdale,Rochdale,Rochdale
United States,USA,Illinois,Rochelle,Rochelle
United Kingdom,GBR,Medway,Rochester,Rochester
United States,USA,New Hampshire,Rochester,Rochester
United States,USA,New York,Rochester,Rochester
United States,USA,Indiana,Rochester,Rochester
United States,USA,Minnesota,Rochester,Rochester
United States,USA,Michigan,Rochester,Rochester
United States,USA,Michigan,Rochester Hills,Rochester Hills
United States,USA,Illinois,Rock Falls,Rock Falls
United States,USA,South Carolina,Rock Hill,Rock Hill
United States,USA,Illinois,Rock Island,Rock Island
United States,USA,Wyoming,Rock Springs,Rock Springs
United States,USA,New Jersey,Rockaway,Rockaway
United States,USA,Texas,Rockdale,Rockdale
United States,USA,Illinois,Rockford,Rockford
United States,USA,Michigan,Rockford,Rockford
Australia,AUS,Queensland,Rockhampton,Rockhampton
United States,USA,North Carolina,Rockingham,Rockingham
United States,USA,Maine,Rockland,Rockland
United States,USA,Florida,Rockledge,Rockledge
United States,USA,California,Rocklin,Rocklin
United States,USA,Georgia,Rockmart,Rockmart
United States,USA,Texas,Rockport,Rockport
United States,USA,Illinois,Rockton,Rockton
United States,USA,Maryland,Rockville,Rockville
United States,USA,New York,Rockville Centre,Rockville Centre
United States,USA,Texas,Rockwall,Rockwall
United States,USA,Tennessee,Rockwood,Rockwood
United States,USA,Virginia,Rocky Mount,Rocky Mount
United States,USA,North Carolina,Rocky Mount,Rocky Mount
United States,USA,Ohio,Rocky River,Rocky River
Argentina,ARG,San Juan,Rodeo,Rodeo
Greece,GRC,Notío Aigaío,Rodos,Rodos
Australia,AUS,Western Australia,Roebourne,Roebourne
United States,USA,Kansas,Roeland Park,Roeland Park
Slovenia,SVN,Rogaška Slatina,Rogaska Slatina,Rogaška Slatina
Slovenia,SVN,Rogašovci,Rogasovci,Rogašovci
Slovenia,SVN,Rogatec,Rogatec,Rogatec
United States,USA,Arkansas,Rogers,Rogers
United States,USA,Minnesota,Rogers,Rogers
United States,USA,Tennessee,Rogersville,Rogersville
United States,USA,California,Rohnert Park,Rohnert Park
India,IND,Haryāna,Rohtak,Rohtak
Thailand,THA,Roi Et,Roi Et,Roi Et
Latvia,LVA,Rojas Novads,Roja,Roja
Lithuania,LTU,Rokiškis,Rokiskis,Rokiškis
United States,USA,North Carolina,Rolesville,Rolesville
Brazil,BRA,Rondônia,Rolim de Moura,Rolim de Moura
United States,USA,Missouri,Rolla,Rolla
United States,USA,California,Rolling Hills Estates,Rolling Hills Estates
United States,USA,Illinois,Rolling Meadows,Rolling Meadows
Australia,AUS,Queensland,Roma,Roma
United States,USA,Texas,Roma,Roma
United States,USA,Texas,Roma-Los Saenz,Roma-Los Saenz
Philippines,PHL,Romblon,Romblon,Romblon
Italy,ITA,Lazio,Rome,Rome
United States,USA,New York,Rome,Rome
United States,USA,Georgia,Rome,Rome
United States,USA,Illinois,Romeoville,Romeoville
United Kingdom,GBR,Havering,Romford,Romford
United States,USA,Michigan,Romulus,Romulus
Brazil,BRA,Mato Grosso,Rondonopolis,Rondonópolis
China,CHN,Sichuan,Rongzhag,Rongzhag
United States,USA,Utah,Roosevelt,Roosevelt
Latvia,LVA,Ropažu Novads,Ropazi,Ropaži
Norway,NOR,,Rorvik,Rørvik
Ireland,IRL,Roscommon,Ros Comain,Ros Comain
Paraguay,PRY,San Pedro,Rosario,Rosario
Argentina,ARG,Santa Fe,Rosario,Rosario
Brazil,BRA,Maranhão,Rosario,Rosário
Brazil,BRA,Rio Grande do Sul,Rosario do Sul,Rosário do Sul
United States,USA,Illinois,Roscoe,Roscoe
Dominica,DMA,Saint George,Roseau,Roseau
United States,USA,Oregon,Roseburg,Roseburg
United States,USA,New Jersey,Roseland,Roseland
United States,USA,New Jersey,Roselle,Roselle
United States,USA,Illinois,Roselle,Roselle
United States,USA,New Jersey,Roselle Park,Roselle Park
United States,USA,California,Rosemead,Rosemead
United States,USA,Minnesota,Rosemount,Rosemount
United States,USA,Texas,Rosenberg,Rosenberg
Germany,DEU,Bavaria,Rosenheim,Rosenheim
United States,USA,California,Roseville,Roseville
United States,USA,Minnesota,Roseville,Roseville
United States,USA,Michigan,Roseville,Roseville
Denmark,DNK,Sjælland,Roskilde,Roskilde
Russia,RUS,Smolenskaya Oblast’,Roslavl,Roslavl
Macedonia,MKD,Rosoman,Rosoman,Rosoman
United States,USA,Ohio,Rossford,Rossford
Mauritania,MRT,Trarza,Rosso,Rosso
Germany,DEU,Mecklenburg-Western Pomerania,Rostock,Rostock
Russia,RUS,Yaroslavskaya Oblast’,Rostov,Rostov
Russia,RUS,Rostovskaya Oblast’,Rostov,Rostov
Macedonia,MKD,Mavrovo i Rostuša,Rostusa,Rostuša
United States,USA,New Mexico,Roswell,Roswell
United States,USA,Georgia,Roswell,Roswell
United Kingdom,GBR,Rotherham,Rotherham,Rotherham
United States,USA,Wisconsin,Rothschild,Rothschild
New Zealand,NZL,Bay of Plenty,Rotorua,Rotorua
Netherlands,NLD,Zuid-Holland,Rotterdam,Rotterdam
France,FRA,Normandie,Rouen,Rouen
United States,USA,Illinois,Round Lake,Round Lake
United States,USA,Illinois,Round Lake Beach,Round Lake Beach
United States,USA,Illinois,Round Lake Park,Round Lake Park
United States,USA,Texas,Round Rock,Round Rock
French Guiana,GUF,,Roura,Roura
Canada,CAN,Québec,Rouyn-Noranda,Rouyn-Noranda
Finland,FIN,Lappi,Rovaniemi,Rovaniemi
United States,USA,Texas,Rowlett,Rowlett
Philippines,PHL,Capiz,Roxas,Roxas
United States,USA,North Carolina,Roxboro,Roxboro
United States,USA,Utah,Roy,Roy
United States,USA,Michigan,Royal Oak,Royal Oak
United States,USA,Florida,Royal Palm Beach,Royal Palm Beach
United States,USA,Texas,Royse City,Royse City
Montenegro,MNE,Rožaje,Rozaje,Rožaje
Albania,ALB,Lezhë,Rreshen,Rrëshen
Uganda,UGA,,Rubanda,Rubanda
Uganda,UGA,Rubirizi,Rubirizi,Rubirizi
Russia,RUS,Altayskiy Kray,Rubtsovsk,Rubtsovsk
Latvia,LVA,Rucavas Novads,Rucava,Rucava
Kazakhstan,KAZ,Qostanay,Rudny,Rudny
Latvia,LVA,Rugāju Novads,Rugaji,Rugāji
Liechtenstein,LIE,Ruggell,Ruggell,Ruggell
Rwanda,RWA,Northern Province,Ruhengeri,Ruhengeri
United States,USA,New Mexico,Ruidoso,Ruidoso
Latvia,LVA,Rūjienas Novads,Rujiena,Rūjiena
Uganda,UGA,Rukungiri,Rukungiri,Rukungiri
Serbia,SRB,Ruma,Ruma,Ruma
South Sudan,SSD,Lakes,Rumbek,Rumbek
Burundi,BDI,Rumonge,Rumonge,Rumonge
Malawi,MWI,Rumphi,Rumphi,Rumphi
United States,USA,New Jersey,Rumson,Rumson
Kenya,KEN,Laikipia,Rumuruti,Rumuruti
Namibia,NAM,Kavango East,Rundu,Rundu
United States,USA,New Jersey,Runnemede,Runnemede
United States,USA,Idaho,Rupert,Rupert
Bolivia,BOL,El Beni,Rurrenabaque,Rurrenabaque
Bulgaria,BGR,Ruse,Ruse,Ruse
Slovenia,SVN,Ruše,Ruse,Ruše
United States,USA,Indiana,Rushville,Rushville
Brazil,BRA,Ceará,Russas,Russas
United States,USA,Ohio,Russells Point,Russells Point
United States,USA,Alabama,Russellville,Russellville
United States,USA,Arkansas,Russellville,Russellville
United States,USA,Kentucky,Russellville,Russellville
Georgia,GEO,,Rustavi,Rustavi
Georgia,GEO,Kvemo Kartli,Rustavi,Rustavi
South Africa,ZAF,North West,Rustenburg,Rustenburg
United States,USA,Louisiana,Ruston,Ruston
Burundi,BDI,Rutana,Rutana,Rutana
Indonesia,IDN,Nusa Tenggara Timur,Ruteng,Ruteng
United States,USA,New Jersey,Rutherford,Rutherford
United States,USA,Vermont,Rutland,Rutland
Burundi,BDI,Ruyigi,Ruyigi,Ruyigi
Russia,RUS,Mordoviya,Ruzayevka,Ruzayevka
Rwanda,RWA,Eastern Province,Rwamagana,Rwamagana
Russia,RUS,Ryazanskaya Oblast’,Ryazan,Ryazan
Russia,RUS,Yaroslavskaya Oblast’,Rybinsk,Rybinsk
United States,USA,New York,Rye,Rye
United States,USA,New York,Rye Brook,Rye Brook
Poland,POL,Podkarpackie,Rzeszow,Rzeszów
Russia,RUS,Tverskaya Oblast’,Rzhev,Rzhev
Thailand,THA,Sa Kaeo,Sa Kaeo,Sa Kaeo
Germany,DEU,Saarland,Saarbrucken,Saarbrücken
Azerbaijan,AZE,Saatlı,Saatli,Saatlı
Serbia,SRB,Šabac,Sabac,Šabac
Colombia,COL,Atlántico,Sabanalarga,Sabanalarga
Dominican Republic,DOM,Cibao Noroeste,Sabaneta,Sabaneta
Bolivia,BOL,Oruro,Sabaya,Sabaya
Libya,LBY,Sabhā,Sabha,Sabha
Mexico,MEX,Nuevo León,Sabinas Hidalgo,Sabinas Hidalgo
Azerbaijan,AZE,Sabirabad,Sabirabad,Sabirabad
Iran,IRN,Khorāsān-e Raẕavī,Sabzewar,Sabzewar
United States,USA,Texas,Sachse,Sachse
United States,USA,Maine,Saco,Saco
United States,USA,California,Sacramento,Sacramento
Yemen,YEM,Şa‘dah,Sadah,Sadah
Pakistan,PAK,Punjab,Sadiqabad,Sadiqabad
United States,USA,Florida,Safety Harbor,Safety Harbor
United States,USA,Arizona,Safford,Safford
Morocco,MAR,Marrakech-Safi,Safi,Safi
Malta,MLT,Safi,Safi,Safi
Russia,RUS,Smolenskaya Oblast’,Safonovo,Safonovo
Samoa,WSM,Gagaifomauga,Safotu,Safotu
Samoa,WSM,Fa‘asaleleaga,Safotulafai,Safotulafai
Japan,JPN,Saga,Saga,Saga
Burma,MMR,Sagaing,Sagaing,Sagaing
India,IND,Madhya Pradesh,Sagar,Sagar
Russia,RUS,Sakha (Yakutiya),Sagastyr,Sagastyr
United States,USA,Texas,Saginaw,Saginaw
United States,USA,Michigan,Saginaw,Saginaw
Cuba,CUB,Villa Clara,Sagua la Grande,Sagua la Grande
India,IND,Uttar Pradesh,Saharanpur,Saharanpur
Azerbaijan,AZE,Şahbuz,Sahbuz,Şahbuz
Pakistan,PAK,Punjab,Sahiwal,Sahiwal
United States,USA,Arizona,Sahuarita,Sahuarita
Lebanon,LBN,Liban-Sud,Saida,Saida
Algeria,DZA,Saïda,Saida,Saïda
Bangladesh,BGD,Rangpur,Saidpur,Saidpur
Pakistan,PAK,Khyber Pakhtunkhwa,Saidu,Saidu
United States,USA,West Virginia,Saint Albans,Saint Albans
United States,USA,Vermont,Saint Albans,Saint Albans
United States,USA,Missouri,Saint Ann,Saint Ann
United States,USA,Minnesota,Saint Anthony,Saint Anthony
United States,USA,Florida,Saint Augustine,Saint Augustine
United States,USA,Florida,Saint Augustine Beach,Saint Augustine Beach
United States,USA,Illinois,Saint Charles,Saint Charles
United States,USA,Missouri,Saint Charles,Saint Charles
United States,USA,Missouri,Saint Clair,Saint Clair
United States,USA,Michigan,Saint Clair,Saint Clair
United States,USA,Michigan,Saint Clair Shores,Saint Clair Shores
United States,USA,Ohio,Saint Clairsville,Saint Clairsville
United States,USA,Florida,Saint Cloud,Saint Cloud
United States,USA,Minnesota,Saint Cloud,Saint Cloud
United States,USA,Wisconsin,Saint Francis,Saint Francis
United States,USA,Minnesota,Saint Francis,Saint Francis
United States,USA,Louisiana,Saint Gabriel,Saint Gabriel
Switzerland,CHE,Sankt Gallen,Saint Gallen,Saint Gallen
United States,USA,Utah,Saint George,Saint George
Grenada,GRD,Saint George,Saint George's,Saint George's
United States,USA,California,Saint Helena,Saint Helena
United Kingdom,GBR,St. Helens,Saint Helens,Saint Helens
United States,USA,Oregon,Saint Helens,Saint Helens
Jersey,JEY,,Saint Helier,Saint Helier
Canada,CAN,New Brunswick,Saint John,Saint John
United States,USA,Indiana,Saint John,Saint John
United States,USA,Michigan,Saint Johns,Saint Johns
Antigua And Barbuda,ATG,Saint John,Saint John's,Saint John's
United States,USA,Illinois,Saint Joseph,Saint Joseph
United States,USA,Missouri,Saint Joseph,Saint Joseph
United States,USA,Minnesota,Saint Joseph,Saint Joseph
United States,USA,Michigan,Saint Joseph,Saint Joseph
United States,USA,Missouri,Saint Louis,Saint Louis
United States,USA,Michigan,Saint Louis,Saint Louis
United States,USA,Minnesota,Saint Louis Park,Saint Louis Park
United States,USA,Louisiana,Saint Martinville,Saint Martinville
United States,USA,Pennsylvania,Saint Marys,Saint Marys
United States,USA,Georgia,Saint Marys,Saint Marys
United States,USA,Ohio,Saint Marys,Saint Marys
United States,USA,Kentucky,Saint Matthews,Saint Matthews
United States,USA,Minnesota,Saint Michael,Saint Michael
United States,USA,Minnesota,Saint Paul,Saint Paul
United States,USA,Minnesota,Saint Paul Park,Saint Paul Park
Malta,MLT,San Pawl il-Baħar,Saint Paul's Bay,Saint Paul’s Bay
United States,USA,Florida,Saint Pete Beach,Saint Pete Beach
United States,USA,Minnesota,Saint Peter,Saint Peter
Guernsey,GGY,,Saint Peter Port,Saint Peter Port
United States,USA,Missouri,Saint Peters,Saint Peters
United States,USA,Florida,Saint Petersburg,Saint Petersburg
United States,USA,Missouri,Saint Robert,Saint Robert
France,FRA,Auvergne-Rhône-Alpes,Saint-Etienne,Saint-Étienne
Canada,CAN,Québec,Saint-Georges,Saint-Georges
French Guiana,GUF,,Saint-Georges,Saint-Georges
French Guiana,GUF,,Saint-Laurent-du-Maroni,Saint-Laurent-du-Maroni
Senegal,SEN,Saint-Louis,Saint-Louis,Saint-Louis
Saint Pierre And Miquelon,SPM,,Saint-Pierre,Saint-Pierre
Japan,JPN,Saitama,Saitama,Saitama
Saudi Arabia,SAU,Al Jawf,Sakakah,Sakakah
Japan,JPN,Yamagata,Sakata,Sakata
Benin,BEN,Plateau,Sakete,Sakété
Thailand,THA,Sakon Nakhon,Sakhon Nakhon,Sakhon Nakhon
Azerbaijan,AZE,Şəki,Saki,Saki
Lithuania,LTU,Šakiai,Sakiai,Šakiai
Latvia,LVA,Salas Novads,Sala,Sala
Latvia,LVA,Salacgrīvas Novads,Salacgriva,Salacgrīva
Oman,OMN,Z̧ufār,Salalah,Salalah
Guatemala,GTM,Baja Verapaz,Salama,Salamá
Mexico,MEX,Guanajuato,Salamanca,Salamanca
Chile,CHL,Coquimbo,Salamanca,Salamanca
Spain,ESP,Castille-Leon,Salamanca,Salamanca
United States,USA,New York,Salamanca,Salamanca
Latvia,LVA,Salaspils Novads,Salaspils,Salaspils
Indonesia,IDN,Jawa Tengah,Salatiga,Salatiga
Russia,RUS,Bashkortostan,Salavat,Salavat
Peru,PER,La Libertad,Salaverry,Salaverry
Dominican Republic,DOM,Cibao Nordeste,Salcedo,Salcedo
Lithuania,LTU,Šalčininkai,Salcininkai,Šalčininkai
South Africa,ZAF,Western Cape,Saldanha,Saldanha
Latvia,LVA,Saldus Novads,Saldus,Saldus
Australia,AUS,Victoria,Sale,Sale
Samoa,WSM,Gaga‘emauga,Saleaula,Saleaula
Russia,RUS,Yamalo-Nenetskiy Avtonomnyy Okrug,Salekhard,Salekhard
India,IND,Tamil Nādu ,Salem,Salem
United States,USA,Virginia,Salem,Salem
United States,USA,New Jersey,Salem,Salem
United States,USA,Illinois,Salem,Salem
United States,USA,Indiana,Salem,Salem
United States,USA,Massachusetts,Salem,Salem
United States,USA,Ohio,Salem,Salem
United States,USA,Utah,Salem,Salem
United States,USA,Oregon,Salem,Salem
Italy,ITA,Campania,Salerno,Salerno
United Kingdom,GBR,Salford,Salford,Salford
Hungary,HUN,Nógrád,Salgotarjan,Salgótarján
Brazil,BRA,Pernambuco,Salgueiro,Salgueiro
United States,USA,Colorado,Salida,Salida
Malawi,MWI,Salima,Salima,Salima
United States,USA,Kansas,Salina,Salina
Mexico,MEX,Oaxaca,Salina Cruz,Salina Cruz
Ecuador,ECU,Guayas,Salinas,Salinas
United States,USA,California,Salinas,Salinas
United States,USA,Michigan,Saline,Saline
Brazil,BRA,Pará,Salinopolis,Salinópolis
United States,USA,North Carolina,Salisbury,Salisbury
United States,USA,Maryland,Salisbury,Salisbury
United States,USA,Oklahoma,Sallisaw,Sallisaw
Canada,CAN,Québec,Salluit,Salluit
Slovenia,SVN,Šalovci,Salovci,Šalovci
Russia,RUS,Rostovskaya Oblast’,Salsk,Salsk
United States,USA,Utah,Salt Lake City,Salt Lake City
Argentina,ARG,Salta,Salta,Salta
Faroe Islands,FRO,,Saltangara,Saltangará
Mexico,MEX,Coahuila de Zaragoza,Saltillo,Saltillo
Uruguay,URY,Salto,Salto,Salto
Paraguay,PRY,Canindeyú,Salto del Guaira,Salto del Guairá
Egypt,EGY,Maţrūḩ,Salum,Salum
Brazil,BRA,Bahia,Salvador,Salvador
Nepal,NPL,,Salyan,Salyan
Azerbaijan,AZE,Salyan,Salyan,Salyan
Austria,AUT,Salzburg,Salzburg,Salzburg
Bolivia,BOL,Santa Cruz,Samaipata,Samaipata
Egypt,EGY,Al Minyā,Samalut,Samalut
Samoa,WSM,Va‘a-o-Fonoti,Samamea,Samamea
Dominican Republic,DOM,Cibao Nordeste,Samana,Samaná
Turkey,TUR,Hatay,Samandagi,Samandagi
Russia,RUS,Samarskaya Oblast’,Samara,Samara
Indonesia,IDN,Kalimantan Timur,Samarinda,Samarinda
Uzbekistan,UZB,Samarqand,Samarqand,Samarqand
Iraq,IRQ,Şalāḩ ad Dīn,Samarra,Samarra
India,IND,Odisha,Sambalpur,Sambalpur
Madagascar,MDG,Antsiranana,Sambava,Sambava
Bhutan,BTN,Samdrup Jongkhar,Samdrup Jongkhar,Samdrup Jongkhar
Timor-Leste,TLS,Manufahi,Same,Same
Tanzania,TZA,Kilimanjaro,Same,Same
United States,USA,Washington,Sammamish,Sammamish
Indonesia,IDN,Kalimantan Tengah,Sampit,Sampit
Cambodia,KHM,Oddar Meanchey,Samraong,Samraong
Turkey,TUR,Samsun,Samsun,Samsun
Bhutan,BTN,Samtse,Samtse,Samtse
Thailand,THA,Samut Prakan,Samut Prakan,Samut Prakan
Thailand,THA,Samut Sakhon,Samut Sakhon,Samut Sakhon
Thailand,THA,Samut Songkhram,Samut Songkhram,Samut Songkhram
Azerbaijan,AZE,Samux,Samux,Samux
Mali,MLI,Ségou,San,San
Colombia,COL,San Andrés y Providencia,San Andres,San Andrés
United States,USA,Texas,San Angelo,San Angelo
United States,USA,California,San Anselmo,San Anselmo
Chile,CHL,Valparaíso,San Antonio,San Antonio
United States,USA,Texas,San Antonio,San Antonio
Cuba,CUB,Artemisa,San Antonio de los Banos,San Antonio de los Baños
Argentina,ARG,Salta,San Antonio de los Cobres,San Antonio de los Cobres
Argentina,ARG,Río Negro,San Antonio Oeste,San Antonio Oeste
United States,USA,Texas,San Benito,San Benito
United States,USA,California,San Bernardino,San Bernardino
Chile,CHL,Región Metropolitana,San Bernardo,San Bernardo
Bolivia,BOL,El Beni,San Borja,San Borja
United States,USA,California,San Bruno,San Bruno
Nicaragua,NIC,Río San Juan,San Carlos,San Carlos
Philippines,PHL,Negros Occidental,San Carlos,San Carlos
Venezuela,VEN,Cojedes,San Carlos,San Carlos
Bolivia,BOL,Santa Cruz,San Carlos,San Carlos
United States,USA,California,San Carlos,San Carlos
Argentina,ARG,Río Negro,San Carlos de Bariloche,San Carlos de Bariloche
Venezuela,VEN,Zulia,San Carlos del Zulia,San Carlos del Zulia
United States,USA,California,San Clemente,San Clemente
Venezuela,VEN,Táchira,San Cristobal,San Cristóbal
Dominican Republic,DOM,Valdesia,San Cristobal,San Cristóbal
Mexico,MEX,Chiapas,San Cristobal de Las Casas,San Cristobal de Las Casas
United States,USA,California,San Diego,San Diego
United States,USA,California,San Dimas,San Dimas
United States,USA,Texas,San Elizario,San Elizario
Mexico,MEX,Baja California,San Felipe,San Felipe
Venezuela,VEN,Yaracuy,San Felipe,San Felipe
Chile,CHL,Valparaíso,San Felipe,San Felipe
Mexico,MEX,Tamaulipas,San Fernando,San Fernando
Philippines,PHL,La Union,San Fernando,San Fernando
Philippines,PHL,Pampanga,San Fernando,San Fernando
Trinidad And Tobago,TTO,San Fernando,San Fernando,San Fernando
Chile,CHL,Libertador General Bernardo O’Higgins,San Fernando,San Fernando
United States,USA,California,San Fernando,San Fernando
Venezuela,VEN,Apure,San Fernando de Apure,San Fernando de Apure
Argentina,ARG,Córdoba,San Francisco,San Francisco
United States,USA,California,San Francisco,San Francisco
Dominican Republic,DOM,Cibao Nordeste,San Francisco de Macoris,San Francisco de Macorís
El Salvador,SLV,Morazán,San Francisco Gotera,San Francisco Gotera
Ecuador,ECU,Carchi,San Gabriel,San Gabriel
United States,USA,California,San Gabriel,San Gabriel
Malta,MLT,San Ġiljan,San Giljan,San Ġiljan
Malta,MLT,San Ġwann,San Gwann,San Ġwann
Bolivia,BOL,Santa Cruz,San Ignacio,San Ignacio
United States,USA,California,San Jacinto,San Jacinto
Bolivia,BOL,Santa Cruz,San Javier,San Javier
Philippines,PHL,Dinagat Islands,San Jose,San Jose
Philippines,PHL,Antique,San Jose,San Jose
Bolivia,BOL,Santa Cruz,San Jose,San Jose
Guatemala,GTM,Escuintla,San Jose,San Jose
United States,USA,California,San Jose,San Jose
Costa Rica,CRI,San José,San Jose,San José
Cuba,CUB,Mayabeque,San Jose de las Lajas,San José de las Lajas
Uruguay,URY,San José,San Jose de Mayo,San José de Mayo
Colombia,COL,Guaviare,San Jose del Guaviare,San José del Guaviare
Philippines,PHL,San Juan,San Juan,San Juan
Argentina,ARG,San Juan,San Juan,San Juan
Dominican Republic,DOM,El Valle,San Juan,San Juan
United States,USA,Texas,San Juan,San Juan
Paraguay,PRY,Misiones,San Juan Bautista,San Juan Bautista
United States,USA,California,San Juan Capistrano,San Juan Capistrano
Venezuela,VEN,Guárico,San Juan De Los Morros,San Juan De Los Morros
Nicaragua,NIC,Río San Juan,San Juan de Nicaragua,San Juan de Nicaragua
Mexico,MEX,Querétaro,San Juan del Rio,San Juan del Río
Nicaragua,NIC,Rivas,San Juan del Sur,San Juan del Sur
Argentina,ARG,Santa Fe,San Justo,San Justo
Malta,MLT,San Lawrenz,San Lawrenz,San Lawrenz
United States,USA,California,San Leandro,San Leandro
Paraguay,PRY,Central,San Lorenzo,San Lorenzo
Argentina,ARG,Corrientes,San Lorenzo,San Lorenzo
Bolivia,BOL,Tarija,San Lorenzo,San Lorenzo
Ecuador,ECU,Esmeraldas,San Lorenzo,San Lorenzo
Argentina,ARG,San Luis,San Luis,San Luis
Guatemala,GTM,Petén,San Luis,San Luis
United States,USA,Arizona,San Luis,San Luis
United States,USA,California,San Luis Obispo,San Luis Obispo
Mexico,MEX,San Luis Potosí,San Luis Potosi,San Luis Potosí
Guatemala,GTM,San Marcos,San Marcos,San Marcos
United States,USA,Texas,San Marcos,San Marcos
United States,USA,California,San Marcos,San Marcos
San Marino,SMR,San Marino Città,San Marino,San Marino
United States,USA,California,San Marino,San Marino
Argentina,ARG,Mendoza,San Martin,San Martín
Colombia,COL,Meta,San Martin,San Martín
United States,USA,California,San Mateo,San Mateo
Bolivia,BOL,Santa Cruz,San Matias,San Matias
El Salvador,SLV,San Miguel,San Miguel,San Miguel
Argentina,ARG,Buenos Aires,San Nicolas,San Nicolas
Philippines,PHL,Laguna,San Pablo,San Pablo
United States,USA,California,San Pablo,San Pablo
Paraguay,PRY,San Pedro,San Pedro,San Pedro
Argentina,ARG,Jujuy,San Pedro,San Pedro
Mexico,MEX,Coahuila de Zaragoza,San Pedro de las Colonias,San Pedro de las Colonias
Dominican Republic,DOM,Higuamo,San Pedro de Macoris,San Pedro de Macorís
Honduras,HND,Cortés,San Pedro Sula,San Pedro Sula
Mexico,MEX,Baja California,San Quintin,San Quintín
Argentina,ARG,Mendoza,San Rafael,San Rafael
Bolivia,BOL,Santa Cruz,San Rafael,San Rafael
United States,USA,California,San Rafael,San Rafael
Peru,PER,Junín,San Ramon,San Ramon
United States,USA,California,San Ramon,San Ramon
Bolivia,BOL,El Beni,San Ramon,San Ramón
Argentina,ARG,Salta,San Ramon de la Nueva Oran,San Ramón de la Nueva Orán
El Salvador,SLV,San Salvador,San Salvador,San Salvador
Argentina,ARG,Jujuy,San Salvador de Jujuy,San Salvador de Jujuy
Spain,ESP,Basque Country,San Sebastian,San Sebastián
El Salvador,SLV,San Vicente,San Vicente,San Vicente
Colombia,COL,Caquetá,San Vicente del Caguan,San Vicente del Caguán
Yemen,YEM,Amānat al ‘Āşimah,Sanaa,Sanaa
Iran,IRN,Kordestān,Sanandaj,Sanandaj
Cuba,CUB,Sancti Spíritus,Sancti Spiritus,Sancti Spíritus
United States,USA,Oklahoma,Sand Springs,Sand Springs
Malaysia,MYS,Sabah,Sandakan,Sandakan
Faroe Islands,FRO,,Sandavagur,Sandavágur
United Kingdom,GBR,Cheshire East,Sandbach,Sandbach
United States,USA,Georgia,Sandersville,Sandersville
Norway,NOR,Rogaland,Sandnes,Sandnes
United States,USA,Idaho,Sandpoint,Sandpoint
Canada,CAN,British Columbia,Sandspit,Sandspit
Faroe Islands,FRO,,Sandur,Sandur
United States,USA,Ohio,Sandusky,Sandusky
United States,USA,Illinois,Sandwich,Sandwich
United States,USA,Oregon,Sandy,Sandy
United States,USA,Georgia,Sandy Springs,Sandy Springs
United States,USA,Florida,Sanford,Sanford
United States,USA,North Carolina,Sanford,Sanford
United States,USA,Maine,Sanford,Sanford
Russia,RUS,Sakha (Yakutiya),Sangar,Sangar
United States,USA,Texas,Sanger,Sanger
United States,USA,California,Sanger,Sanger
India,IND,Mahārāshtra,Sangli,Sangli
Ecuador,ECU,Pichincha,Sangolqui,Sangolquí
Trinidad And Tobago,TTO,Sangre Grande,Sangre Grande,Sangre Grande
United States,USA,Florida,Sanibel,Sanibel
Austria,AUT,Niederösterreich,Sankt Polten,Sankt Pölten
Turkey,TUR,Şanlıurfa,Sanliurfa,Şanlıurfa
China,CHN,Fujian,Sanming,Sanming
Malta,MLT,Sannat,Sannat,Sannat
Liberia,LBR,Nimba,Sanniquellie,Sanniquellie
Côte D’Ivoire,CIV,Bas-Sassandra,San-Pedro,San-Pedro
United States,USA,Texas,Sansom Park,Sansom Park
Andorra,AND,Sant Julià de Lòria,Sant Julia de Loria,Sant Julià de Lòria
El Salvador,SLV,Santa Ana,Santa Ana,Santa Ana
Bolivia,BOL,El Beni,Santa Ana,Santa Ana
United States,USA,California,Santa Ana,Santa Ana
Mexico,MEX,Chihuahua,Santa Barbara,Santa Barbara
United States,USA,California,Santa Barbara,Santa Barbara
Chile,CHL,Biobío,Santa Barbara,Santa Bárbara
Honduras,HND,Santa Bárbara,Santa Barbara,Santa Bárbara
Cuba,CUB,Villa Clara,Santa Clara,Santa Clara
United States,USA,California,Santa Clara,Santa Clara
United States,USA,Utah,Santa Clara,Santa Clara
United States,USA,California,Santa Clarita,Santa Clarita
Philippines,PHL,Laguna,Santa Cruz,Santa Cruz
Bolivia,BOL,Santa Cruz,Santa Cruz,Santa Cruz
Brazil,BRA,Rio Grande do Norte,Santa Cruz,Santa Cruz
Ecuador,ECU,Galápagos,Santa Cruz,Santa Cruz
United States,USA,California,Santa Cruz,Santa Cruz
Brazil,BRA,Bahia,Santa Cruz Cabralia,Santa Cruz Cabrália
Bolivia,BOL,Santa Cruz,Santa Cruz de la Sierra,Santa Cruz de la Sierra
Spain,ESP,Canary Islands,Santa Cruz de Tenerife,Santa Cruz de Tenerife
Guatemala,GTM,Quiché,Santa Cruz Del Quiche,Santa Cruz Del Quiche
Brazil,BRA,Rio Grande do Sul,Santa Cruz do Sul,Santa Cruz do Sul
Ecuador,ECU,Santa Elena,Santa Elena,Santa Elena
Argentina,ARG,Santa Fe,Santa Fe,Santa Fe
United States,USA,New Mexico,Santa Fe,Santa Fe
United States,USA,Texas,Santa Fe,Santa Fe
United States,USA,California,Santa Fe Springs,Santa Fe Springs
Brazil,BRA,Maranhão,Santa Ines,Santa Inês
Uruguay,URY,Canelones,Santa Lucia,Santa Lucía
Malta,MLT,Santa Luċija,Santa Lucija,Santa Luċija
Brazil,BRA,Rio Grande do Sul,Santa Maria,Santa Maria
Cabo Verde,CPV,Sal,Santa Maria,Santa Maria
United States,USA,California,Santa Maria,Santa Maria
Brazil,BRA,Bahia,Santa Maria da Vitoria,Santa Maria da Vitória
Colombia,COL,Magdalena,Santa Marta,Santa Marta
United States,USA,California,Santa Monica,Santa Monica
United States,USA,California,Santa Paula,Santa Paula
Venezuela,VEN,Zulia,Santa Rita,Santa Rita
Argentina,ARG,La Pampa,Santa Rosa,Santa Rosa
Brazil,BRA,Rio Grande do Sul,Santa Rosa,Santa Rosa
United States,USA,California,Santa Rosa,Santa Rosa
Honduras,HND,Copán,Santa Rosa de Copan,Santa Rosa de Copán
Mexico,MEX,Baja California Sur,Santa Rosalia,Santa Rosalía
Malta,MLT,Santa Venera,Santa Venera,Santa Venera
Brazil,BRA,Rio Grande do Sul,Santa Vitoria do Palmar,Santa Vitória do Palmar
Sao Tome And Principe,STP,,Santana,Santana
Brazil,BRA,Rio Grande do Sul,Santana do Livramento,Santana do Livramento
Spain,ESP,Cantabria,Santander,Santander
United States,USA,Utah,Santaquin,Santaquin
Portugal,PRT,Santarém,Santarem,Santarém
Brazil,BRA,Pará,Santarem,Santarém
United States,USA,California,Santee,Santee
Panama,PAN,Veraguas,Santiago,Santiago
Peru,PER,Ica,Santiago,Santiago
Philippines,PHL,Santiago,Santiago,Santiago
Chile,CHL,Región Metropolitana,Santiago,Santiago
Dominican Republic,DOM,Cibao Norte,Santiago,Santiago
Spain,ESP,Galicia,Santiago de Compostela,Santiago de Compostela
Cuba,CUB,Santiago de Cuba,Santiago de Cuba,Santiago de Cuba
Argentina,ARG,Santiago del Estero,Santiago del Estero,Santiago del Estero
Mexico,MEX,Nayarit,Santiago Ixcuintla,Santiago Ixcuintla
Mexico,MEX,Veracruz,Santiago Tuxtla,Santiago Tuxtla
Brazil,BRA,São Paulo,Santo Andre,Santo André
Brazil,BRA,Rio Grande do Sul,Santo Angelo,Santo Ângelo
Sao Tome And Principe,STP,Príncipe,Santo Antonio,Santo António
Sao Tome And Principe,STP,Príncipe,Santo Antonio,Santo António
Dominican Republic,DOM,Ozama,Santo Domingo,Santo Domingo
Ecuador,ECU,Santo Domingo de los Tsáchilas,Santo Domingo de los Colorados,Santo Domingo de los Colorados
Dominican Republic,DOM,Ozama,Santo Domingo Este,Santo Domingo Este
Peru,PER,Cusco,Santo Tomas,Santo Tomas
Brazil,BRA,São Paulo,Santos,Santos
China,CHN,Hainan,Sanya,Sanya
Brazil,BRA,Rio Grande do Sul,Sao Borja,São Borja
Brazil,BRA,São Paulo,Sao Carlos,São Carlos
Cabo Verde,CPV,São Domingos,Sao Domingos,São Domingos
Cabo Verde,CPV,São Filipe,Sao Filipe,São Filipe
Brazil,BRA,Santa Catarina,Sao Francisco do Sul,São Francisco do Sul
Brazil,BRA,Rio Grande do Sul,Sao Gabriel,São Gabriel
Brazil,BRA,Amazonas,Sao Cabriel da Cachoeira,São Gabriel da Cachoeira
Brazil,BRA,São Paulo,Sao Joao da Boa Vista,São João da Boa Vista
Brazil,BRA,Minas Gerais,Sao Joao del Rei,São João del Rei
Sao Tome And Principe,STP,,Sao Joao dos Angolares,São João dos Angolares
Brazil,BRA,Maranhão,Sao Jose de Ribamar,São José de Ribamar
Brazil,BRA,São Paulo,Sao Jose do Rio Preto,São José do Rio Preto
Brazil,BRA,São Paulo,Sao Jose dos Campos,São José dos Campos
Brazil,BRA,Paraná,Sao Jose dos Pinhais,São José dos Pinhais
Brazil,BRA,Rio Grande do Sul,Sao Lourenco do Sul,São Lourenço do Sul
Brazil,BRA,Maranhão,Sao Luis,São Luís
Brazil,BRA,Rio Grande do Sul,Sao Luiz Gonzaga,São Luiz Gonzaga
Brazil,BRA,Espírito Santo,Sao Mateus,São Mateus
Brazil,BRA,São Paulo,Sao Paulo,São Paulo
Sao Tome And Principe,STP,São Tomé,Sao Tome,São Tomé
Nigeria,NGA,Delta,Sapele,Sapele
Burkina Faso,BFA,Centre-Ouest,Sapouy,Sapouy
Japan,JPN,Hokkaidō,Sapporo,Sapporo
United States,USA,Oklahoma,Sapulpa,Sapulpa
Thailand,THA,Sara Buri,Saraburi,Saraburi
Bosnia And Herzegovina,BIH,"Bosnia and Herzegovina, Federation of",Sarajevo,Sarajevo
United States,USA,Alabama,Saraland,Saraland
United States,USA,New York,Saranac Lake,Saranac Lake
Albania,ALB,Vlorë,Sarande,Sarandë
Russia,RUS,Khanty-Mansiyskiy Avtonomnyy Okrug-Yugra,Saranpaul,Saranpaul
Russia,RUS,Mordoviya,Saransk,Saransk
Russia,RUS,Udmurtiya,Sarapul,Sarapul
United States,USA,Florida,Sarasota,Sarasota
Vanuatu,VUT,Penama,Saratamata,Saratamata
United States,USA,California,Saratoga,Saratoga
United States,USA,New York,Saratoga Springs,Saratoga Springs
United States,USA,Utah,Saratoga Springs,Saratoga Springs
Russia,RUS,Saratovskaya Oblast’,Saratov,Saratov
Laos,LAO,Salavan,Saravan,Saravan
Afghanistan,AFG,Sar-e Pul,Sar-e Pul,Sar-e Pul
Pakistan,PAK,Punjab,Sargodha,Sargodha
Chad,TCD,Moyen-Chari,Sarh,Sarh
Iran,IRN,Māzandarān,Sari,Sari
Iran,IRN,Māzandarān,Sari,Sārī
"Korea, North",PRK,Hwangbuk,Sariwon,Sariwon
Argentina,ARG,Chubut,Sarmiento,Sarmiento
Switzerland,CHE,Obwalden,Sarnen,Sarnen
Canada,CAN,Ontario,Sarnia,Sarnia
Bhutan,BTN,Sarpang,Sarpang,Sarpang
Norway,NOR,Østfold,Sarpsborg,Sarpsborg
Kazakhstan,KAZ,Almaty,Sarqan,Sarqan
United States,USA,Minnesota,Sartell,Sartell
Kazakhstan,KAZ,Qaraghandy,Saryshaghan,Saryshaghan
Japan,JPN,Nagasaki,Sasebo,Sasebo
Canada,CAN,Saskatchewan,Saskatoon,Saskatoon
Russia,RUS,Sakha (Yakutiya),Saskylakh,Saskylakh
Russia,RUS,Ryazanskaya Oblast’,Sasovo,Sasovo
Côte D’Ivoire,CIV,Bas-Sassandra,Sassandra,Sassandra
Italy,ITA,Sardegna,Sassari,Sassari
Mali,MLI,Kayes,Satadougou,Satadougou
United States,USA,Florida,Satellite Beach,Satellite Beach
Peru,PER,Junín,Satipo,Satipo
United States,USA,Alabama,Satsuma,Satsuma
Romania,ROU,Satu Mare,Satu Mare,Satu Mare
Thailand,THA,Satun,Satun,Satun
Samoa,WSM,Satupa‘itea,Satupa`itea,Satupa‘itea
Iceland,ISL,,Saudarkrokur,Sauðárkrókur
United States,USA,Minnesota,Sauk Rapids,Sauk Rapids
United States,USA,Illinois,Sauk Village,Sauk Village
Latvia,LVA,Saulkrastu Novads,Saulkrasti,Saulkrasti
United States,USA,Michigan,Sault Sainte Marie,Sault Sainte Marie
Angola,AGO,Lunda Sul,Saurimo,Saurimo
United States,USA,California,Sausalito,Sausalito
United States,USA,Minnesota,Savage,Savage
Benin,BEN,Collines,Savalou,Savalou
United States,USA,Tennessee,Savannah,Savannah
United States,USA,Georgia,Savannah,Savannah
United States,USA,Missouri,Savannah,Savannah
Laos,LAO,Savannakhét,Savannakhet,Savannakhet
Jamaica,JAM,Westmoreland,Savanna-la-Mar,Savanna-la-Mar
Iran,IRN,Markazī,Saveh,Saveh
Russia,RUS,Khabarovskiy Kray,Savetskaya Gavan,Savetskaya Gavan
Greenland,GRL,Qaasuitsup,Savissivik,Savissivik
Montenegro,MNE,Šavnik,Savnik,Šavnik
Finland,FIN,Etelä-Savo,Savonlinna,Savonlinna
United States,USA,Illinois,Savoy,Savoy
Indonesia,IDN,Sumatera Barat,Sawahlunto,Sawahlunto
United States,USA,North Carolina,Sawmills,Sawmills
Russia,RUS,Khakasiya,Sayanogorsk,Sayanogorsk
Yemen,YEM,Al Mahrah,Sayhut,Sayhut
United States,USA,Pennsylvania,Sayre,Sayre
United States,USA,New Jersey,Sayreville,Sayreville
Yemen,YEM,Ḩaḑramawt,Saywun,Saywun
United States,USA,Oregon,Scappoose,Scappoose
Trinidad And Tobago,TTO,Tobago,Scarborough,Scarborough
United Kingdom,GBR,North Yorkshire,Scarborough,Scarborough
United States,USA,New York,Scarsdale,Scarsdale
Liechtenstein,LIE,Schaan,Schaan,Schaan
Switzerland,CHE,Schaffhausen,Schaffhausen,Schaffhausen
Switzerland,CHE,Schaffhausen,Schaffhausen,Schaffhausen
United States,USA,Illinois,Schaumburg,Schaumburg
Canada,CAN,Québec,Schefferville,Schefferville
Liechtenstein,LIE,Schellenberg,Schellenberg,Schellenberg
United States,USA,New York,Schenectady,Schenectady
United States,USA,Indiana,Schererville,Schererville
United States,USA,Texas,Schertz,Schertz
United States,USA,Illinois,Schiller Park,Schiller Park
United States,USA,Nebraska,Schuyler,Schuyler
United States,USA,Pennsylvania,Schuylkill Haven,Schuylkill Haven
Germany,DEU,Mecklenburg-Western Pomerania,Schwerin,Schwerin
Switzerland,CHE,Schwyz,Schwyz,Schwyz
Australia,AUS,New South Wales,Scone,Scone
United States,USA,New York,Scotia,Scotia
United States,USA,Louisiana,Scott,Scott
United States,USA,Missouri,Scott City,Scott City
United States,USA,California,Scotts Valley,Scotts Valley
United States,USA,Nebraska,Scottsbluff,Scottsbluff
United States,USA,Alabama,Scottsboro,Scottsboro
United States,USA,Indiana,Scottsburg,Scottsburg
Australia,AUS,Tasmania,Scottsdale,Scottsdale
United States,USA,Arizona,Scottsdale,Scottsdale
United States,USA,Pennsylvania,Scranton,Scranton
United Kingdom,GBR,North Lincolnshire,Scunthorpe,Scunthorpe
Tunisia,TUN,Sidi Bouzid,Sdid Bouzid,Sdid Bouzid
United States,USA,New York,Sea Cliff,Sea Cliff
United States,USA,Texas,Seabrook,Seabrook
United States,USA,Delaware,Seaford,Seaford
United States,USA,Texas,Seagoville,Seagoville
United States,USA,California,Seal Beach,Seal Beach
United States,USA,Texas,Sealy,Sealy
United States,USA,Arkansas,Searcy,Searcy
United States,USA,California,Seaside,Seaside
United States,USA,Oregon,Seaside,Seaside
United States,USA,Washington,SeaTac,SeaTac
United States,USA,Washington,Seattle,Seattle
United States,USA,Florida,Sebastian,Sebastian
United States,USA,California,Sebastopol,Sebastopol
Burkina Faso,BFA,Sahel,Sebba,Sebba
United States,USA,Florida,Sebring,Sebring
Serbia,SRB,Sečanj,Secanj,Sečanj
United States,USA,New Jersey,Secaucus,Secaucus
Peru,PER,Piura,Sechura,Sechura
United States,USA,Missouri,Sedalia,Sedalia
Senegal,SEN,Sédhiou,Sedhiou,Sédhiou
United States,USA,Arizona,Sedona,Sedona
United States,USA,Washington,Sedro-Woolley,Sedro-Woolley
Algeria,DZA,Naama,Sefra,Sefra
Russia,RUS,Kareliya,Segezha,Segezha
Mali,MLI,Ségou,Segou,Ségou
Côte D’Ivoire,CIV,Woroba,Seguela,Séguéla
United States,USA,Texas,Seguin,Seguin
Finland,FIN,Etelä-Pohjanmaa,Seinajoki,Seinäjoki
"Korea, South",KOR,Sejong,Sejong,Sejong
Ghana,GHA,Western,Sekondi,Sekondi
United States,USA,Washington,Selah,Selah
Iceland,ISL,,Selfoss,Selfoss
Mauritania,MRT,Guidimaka,Selibaby,Sélibaby
Botswana,BWA,Selibe Phikwe,Selibe Phikwe,Selibe Phikwe
United States,USA,Pennsylvania,Selinsgrove,Selinsgrove
Canada,CAN,Manitoba,Selkirk,Selkirk
United States,USA,Indiana,Sellersburg,Sellersburg
United States,USA,Texas,Selma,Selma
United States,USA,North Carolina,Selma,Selma
United States,USA,California,Selma,Selma
United States,USA,Alabama,Selma,Selma
Slovenia,SVN,Selnica ob Dravi,Selnica ob Dravi,Selnica ob Dravi
Indonesia,IDN,Jawa Tengah,Semarang,Semarang
Uganda,UGA,Sembabule,Sembabule,Sembabule
Congo (Brazzaville),COG,Sangha,Sembe,Sembe
Ethiopia,ETH,Āfar,Semera,Semera
Kazakhstan,KAZ,Shyghys Qazaqstan,Semey,Semey
Slovenia,SVN,Semič,Semic,Semič
United States,USA,Florida,Seminole,Seminole
United States,USA,Texas,Seminole,Seminole
United States,USA,Oklahoma,Seminole,Seminole
Azerbaijan,AZE,Şəmkir,Samkir,Şəmkir
Iran,IRN,Semnān,Semnan,Semnan
Slovenia,SVN,Šempeter-Vrtojba,Sempeter pri Gorici,Šempeter pri Gorici
Brazil,BRA,Acre,Sena Madureira,Sena Madureira
Zambia,ZMB,Western,Senanga,Senanga
United States,USA,Mississippi,Senatobia,Senatobia
Slovenia,SVN,Šenčur,Sencur,Šenčur
Japan,JPN,Miyagi,Sendai,Sendai
United States,USA,South Carolina,Seneca,Seneca
Malta,MLT,Isla,Senglea,Senglea
Brazil,BRA,Bahia,Senhor do Bonfim,Senhor do Bonfim
Cambodia,KHM,Mondolkiri,Senmonorom,Senmonorom
Sudan,SDN,Sennar,Sennar,Sennar
El Salvador,SLV,Cabañas,Sensuntepeque,Sensuntepeque
Serbia,SRB,Senta,Senta,Senta
Slovenia,SVN,Šentilj,Sentilj,Šentilj
Slovenia,SVN,Šentjernej,Sentjernej,Šentjernej
Slovenia,SVN,Šentjur,Sentjur,Šentjur
Slovenia,SVN,Šentrupert,Sentrupert,Šentrupert
"Korea, South",KOR,Seoul,Seoul,Seoul
Canada,CAN,Québec,Sept-Iles,Sept-Îles
United States,USA,Washington,Sequim,Sequim
Indonesia,IDN,Banten,Serang,Serang
Russia,RUS,Penzenskaya Oblast’,Serdobsk,Serdobsk
Kazakhstan,KAZ,Shyghys Qazaqstan,Serebryansk,Serebryansk
Malaysia,MYS,Negeri Sembilan,Seremban,Seremban
Uganda,UGA,Serere,Serere,Serere
Greece,GRC,Kentrikí Makedonía,Seres,Seres
Russia,RUS,Moskovskaya Oblast’,Sergiyev Posad,Sergiyev Posad
Russia,RUS,Sverdlovskaya Oblast’,Serov,Serov
Botswana,BWA,Central,Serowe,Serowe
Russia,RUS,Moskovskaya Oblast’,Serpukhov,Serpukhov
San Marino,SMR,Serravalle,Serravalle,Serravalle
Brazil,BRA,Bahia,Serrinha,Serrinha
Azerbaijan,AZE,Şərur,Sarur,Şərur
Zambia,ZMB,Western,Sesheke,Sesheke
Brazil,BRA,Minas Gerais,Sete Lagoas,Sete Lagoas
Algeria,DZA,Sétif,Setif,Sétif
Morocco,MAR,Casablanca-Settat,Settat,Settat
Portugal,PRT,Setúbal,Setubal,Setúbal
Ukraine,UKR,"Sevastopol’, Misto",Sevastopol',Sevastopol’
United States,USA,Ohio,Seven Hills,Seven Hills
Russia,RUS,Komi,Severnyy,Severnyy
Russia,RUS,Sakhalinskaya Oblast’,Severo Kurilsk,Severo Kurilsk
Russia,RUS,Buryatiya,Severobaykalsk,Severobaykalsk
Russia,RUS,Arkhangel’skaya Oblast’,Severodvinsk,Severodvinsk
Russia,RUS,Murmanskaya Oblast’,Severomorsk,Severomorsk
Russia,RUS,Sverdlovskaya Oblast’,Severouralsk,Severouralsk
United States,USA,Tennessee,Sevierville,Sevierville
Spain,ESP,Andalusia,Seville,Seville
United States,USA,Ohio,Seville,Seville
Slovenia,SVN,Sevnica,Sevnica,Sevnica
United States,USA,Nebraska,Seward,Seward
Australia,AUS,Victoria,Seymour,Seymour
United States,USA,Indiana,Seymour,Seymour
Slovenia,SVN,Sežana,Sezana,Sežana
Tunisia,TUN,Sfax,Sfax,Sfax
Romania,ROU,Covasna,Sfintu-Gheorghe,Sfintu-Gheorghe
China,CHN,Xinjiang,Shache,Shache
Russia,RUS,Kurganskaya Oblast’,Shadrinsk,Shadrinsk
United States,USA,California,Shafter,Shafter
Malaysia,MYS,,Shah Alam,Shah Alam
Libya,LBY,Al Jabal al Akhḑar,Shahhat,Shahhat
India,IND,Uttar Pradesh,Shahjahanpur,Shahjahanpur
Uzbekistan,UZB,Qashqadaryo,Shahrisabz,Shahrisabz
Iran,IRN,Semnān,Shahrud,Shahrud
United States,USA,Ohio,Shaker Heights,Shaker Heights
Russia,RUS,Rostovskaya Oblast’,Shakhty,Shakhty
United States,USA,Minnesota,Shakopee,Shakopee
Russia,RUS,Sakha (Yakutiya),Shalaurova,Shalaurova
Kazakhstan,KAZ,Aqtöbe,Shalqar,Shalqar
Canada,CAN,Manitoba,Shamattawa,Shamattawa
United States,USA,Pennsylvania,Shamokin,Shamokin
Zimbabwe,ZWE,Mashonaland Central,Shamva,Shamva
China,CHN,Inner Mongolia,Shangdu,Shangdu
China,CHN,Shanghai,Shanghai,Shanghai
China,CHN,Henan,Shangqiu,Shangqiu
China,CHN,Jiangxi,Shangrao,Shangrao
China,CHN,Heilongjiang,Shangzhi,Shangzhi
Ireland,IRL,Clare,Shannon,Shannon
China,CHN,Guangdong,Shantou,Shantou
China,CHN,Shandong,Shanxian,Shanxian
China,CHN,Guangdong,Shaoguan,Shaoguan
China,CHN,Fujian,Shaowu,Shaowu
China,CHN,Zhejiang,Shaoxing,Shaoxing
China,CHN,Hunan,Shaoyang,Shaoyang
Kazakhstan,KAZ,Shyghys Qazaqstan,Shar,Shar
Iran,IRN,Chahār Maḩāl va Bakhtīārī,Shar e Kord,Shar e Kord
Afghanistan,AFG,Paktīkā,Sharan,Sharan
Kazakhstan,KAZ,Pavlodar,Sharbaqty,Sharbaqty
Philippines,PHL,Maguindanao,Shariff Aguak,Shariff Aguak
United Arab Emirates,ARE,Ash Shāriqah,Sharjah,Sharjah
United States,USA,Pennsylvania,Sharon,Sharon
United States,USA,Pennsylvania,Sharon Hill,Sharon Hill
United States,USA,Ohio,Sharonville,Sharonville
Russia,RUS,Kostromskaya Oblast’,Sharya,Sharya
Ethiopia,ETH,Oromīya,Shashemene,Shashemene
China,CHN,Hubei,Shashi,Shashi
United States,USA,California,Shasta Lake,Shasta Lake
United States,USA,Wisconsin,Shawano,Shawano
Canada,CAN,Québec,Shawinigan,Shawinigan
United States,USA,Oklahoma,Shawnee,Shawnee
United States,USA,Kansas,Shawnee,Shawnee
Russia,RUS,Tul’skaya Oblast’,Shchekino,Shchekino
Russia,RUS,Belgorodskaya Oblast’,Shebekino,Shebekino
Afghanistan,AFG,Jowzjān,Sheberghan,Sheberghan
United States,USA,Wisconsin,Sheboygan,Sheboygan
United States,USA,Wisconsin,Sheboygan Falls,Sheboygan Falls
United Kingdom,GBR,Sheffield,Sheffield,Sheffield
United States,USA,Alabama,Sheffield,Sheffield
United States,USA,Ohio,Sheffield Lake,Sheffield Lake
Pakistan,PAK,Punjab,Sheikhu Pura,Sheikhu Pura
Canada,CAN,Nova Scotia,Shelburne,Shelburne
United States,USA,North Carolina,Shelby,Shelby
United States,USA,Ohio,Shelby,Shelby
United States,USA,Tennessee,Shelbyville,Shelbyville
United States,USA,Indiana,Shelbyville,Shelbyville
United States,USA,Kentucky,Shelbyville,Shelbyville
United States,USA,Washington,Shelton,Shelton
United States,USA,Connecticut,Shelton,Shelton
Kazakhstan,KAZ,Shyghys Qazaqstan,Shemonaikha,Shemonaikha
United States,USA,Pennsylvania,Shenandoah,Shenandoah
Sudan,SDN,River Nile,Shendi,Shendi
China,CHN,Liaoning,Shenyeng,Shenyeng
China,CHN,Guangdong,Shenzhen,Shenzhen
United States,USA,West Virginia,Shepherdstown,Shepherdstown
United States,USA,Kentucky,Shepherdsville,Shepherdsville
Australia,AUS,Victoria,Shepparton,Shepparton
Canada,CAN,Québec,Sherbrooke,Sherbrooke
United States,USA,Wyoming,Sheridan,Sheridan
United States,USA,Colorado,Sheridan,Sheridan
United States,USA,Oregon,Sheridan,Sheridan
Russia,RUS,Zabaykal’skiy Kray,Sherlovaya Gora,Sherlovaya Gora
United States,USA,Texas,Sherman,Sherman
Netherlands,NLD,Noord-Brabant,'s-Hertogenbosch,'s-Hertogenbosch
United States,USA,Arkansas,Sherwood,Sherwood
United States,USA,Oregon,Sherwood,Sherwood
Egypt,EGY,Al Minūfīyah,Shibin el Kom,Shibin el Kom
Kazakhstan,KAZ,Qyzylorda,Shieli,Shieli
China,CHN,Xinjiang,Shihezi,Shihezi
China,CHN,Hebei,Shijianzhuang,Shijianzhuang
Russia,RUS,Zabaykal’skiy Kray,Shilka,Shilka
United States,USA,Pennsylvania,Shillington,Shillington
India,IND,Meghālaya,Shillong,Shillong
United States,USA,Illinois,Shiloh,Shiloh
Russia,RUS,Amurskaya Oblast’,Shimanovsk,Shimanovsk
India,IND,Karnātaka,Shimoga,Shimoga
Japan,JPN,Fukuoka,Shimonoseki,Shimonoseki
Tanzania,TZA,Shinyanga,Shinyanga,Shinyanga
United States,USA,Pennsylvania,Shippensburg,Shippensburg
Russia,RUS,Khakasiya,Shira,Shira
Iran,IRN,Fārs,Shiraz,Shiraz
China,CHN,Hubei,Shishou,Shishou
United States,USA,Kentucky,Shively,Shively
China,CHN,Hubei,Shiyan,Shiyan
China,CHN,Ningxia,Shizuishan,Shizuishan
Japan,JPN,Shizuoka,Shizuoka,Shizuoka
Albania,ALB,Shkodër,Shkoder,Shkodër
India,IND,Mahārāshtra,Sholapur,Sholapur
Kazakhstan,KAZ,Almaty,Shonzhy,Shonzhy
United States,USA,Washington,Shoreline,Shoreline
United States,USA,Minnesota,Shoreview,Shoreview
United States,USA,Wisconsin,Shorewood,Shorewood
United States,USA,Illinois,Shorewood,Shorewood
United States,USA,Minnesota,Shorewood,Shorewood
Ukraine,UKR,Sums’ka Oblast’,Shostka,Shostka
United States,USA,Arizona,Show Low,Show Low
Russia,RUS,Nenetskiy Avtonomnyy Okrug,Shoyna,Shoyna
United States,USA,Louisiana,Shreveport,Shreveport
United Kingdom,GBR,Shropshire,Shrewsbury,Shrewsbury
United States,USA,Missouri,Shrewsbury,Shrewsbury
Kosovo,XKS,Shtërpcë,Shterpce,Shtërpcë
Kosovo,XKS,Shtime,Shtime,Shtime
Kazakhstan,KAZ,Zhambyl,Shu,Shu
China,CHN,Heilongjiang,Shuangcheng,Shuangcheng
China,CHN,Heilongjiang,Shuangyashan,Shuangyashan
China,CHN,Jilin,Shulan,Shulan
Bulgaria,BGR,Shumen,Shumen,Shumen
Russia,RUS,Chuvashiya,Shumerlya,Shumerlya
China,CHN,Shanxi,Shuozhou,Shuozhou
Russia,RUS,Ivanovskaya Oblast’,Shuya,Shuya
China,CHN,Jiangsu,Shuyang,Shuyang
Burma,MMR,Sagaing,Shwebo,Shwebo
Kazakhstan,KAZ,,Shymkent,Shymkent
Thailand,THA,Chon Buri,Si Racha,Si Racha
Pakistan,PAK,Punjab,Sialkote,Sialkote
Lithuania,LTU,Šiaulių Miestas,Siauliai,Šiauliai
Kenya,KEN,Siaya,Siaya,Siaya
Russia,RUS,Bashkortostan,Sibay,Sibay
Croatia,HRV,Šibensko-Kninska Županija,Sibenik,Šibenik
Congo (Brazzaville),COG,Lékoumou,Sibiti,Sibiti
Romania,ROU,Sibiu,Sibiu,Sibiu
Indonesia,IDN,Sumatera Utara,Sibolga,Sibolga
Malaysia,MYS,Sarawak,Sibu,Sibu
Central African Republic,CAF,Kémo,Sibut,Sibut
Bolivia,BOL,La Paz,Sica Sica,Sica Sica
Peru,PER,Cusco,Sicuani,Sicuani
Serbia,SRB,Šid,Sid,Šid
Algeria,DZA,Sidi Bel Abbès,Sidi bel Abbes,Sidi bel Abbes
United States,USA,Nebraska,Sidney,Sidney
United States,USA,New York,Sidney,Sidney
United States,USA,Ohio,Sidney,Sidney
United States,USA,Montana,Sidney,Sidney
Cambodia,KHM,Siem Reap,Siem Reap,Siem Reap
Italy,ITA,Tuscany,Siena,Siena
Argentina,ARG,Río Negro,Sierra Colorado,Sierra Colorado
United States,USA,California,Sierra Madre,Sierra Madre
United States,USA,Arizona,Sierra Vista,Sierra Vista
Malta,MLT,Siġġiewi,Siggiewi,Siġġiewi
Russia,RUS,Magadanskaya Oblast’,Siglan,Siglan
United States,USA,California,Signal Hill,Signal Hill
United States,USA,Tennessee,Signal Mountain,Signal Mountain
Guinea,GIN,Kankan,Siguiri,Siguiri
Latvia,LVA,Siguldas Novads,Sigulda,Sigulda
Cambodia,KHM,Sihanoukville,Sihanoukville,Sihanoukville
Turkey,TUR,Siirt,Siirt,Siirt
India,IND,Rājasthān,Sikar,Sikar
Mali,MLI,Sikasso,Sikasso,Sikasso
United States,USA,Missouri,Sikeston,Sikeston
Tanzania,TZA,Tabora,Sikonge,Sikonge
Lithuania,LTU,Šilalė,Silale,Šilalė
India,IND,Assam,Silchar,Silchar
United States,USA,North Carolina,Siler City,Siler City
Tunisia,TUN,Siliana,Siliana,Siliana
India,IND,West Bengal,Siliguri,Siliguri
Bulgaria,BGR,Silistra,Silistra,Silistra
United States,USA,Arkansas,Siloam Springs,Siloam Springs
United States,USA,Texas,Silsbee,Silsbee
Lithuania,LTU,Šilutė,Silute,Šilutė
India,IND,Dādra and Nagar Haveli,Silvassa,Silvassa
United States,USA,New Mexico,Silver City,Silver City
United States,USA,Colorado,Silverthorne,Silverthorne
United States,USA,Oregon,Silverton,Silverton
United States,USA,Illinois,Silvis,Silvis
China,CHN,Yunnan,Simao,Simao
Ukraine,UKR,"Krym, Avtonomna Respublika",Simferopol',Simferopol’
United States,USA,California,Simi Valley,Simi Valley
India,IND,Himāchal Pradesh,Simla,Simla
United States,USA,South Carolina,Simpsonville,Simpsonville
Colombia,COL,Sucre,Sincelejo,Sincelejo
Thailand,THA,Sing Buri,Sing Buri,Sing Buri
Sudan,SDN,Sennar,Singa,Singa
Singapore,SGP,,Singapore,Singapore
Indonesia,IDN,Bali,Singaraja,Singaraja
Moldova,MDA,Sîngerei,Singerei,Sîngerei
Tanzania,TZA,Singida,Singida,Singida
Indonesia,IDN,Kalimantan Barat,Singkawang,Singkawang
Australia,AUS,New South Wales,Singleton,Singleton
French Guiana,GUF,,Sinnamary,Sinnamary
"Korea, North",PRK,P’yŏngnam,Sin-Ni,Sin-Ni
Turkey,TUR,Sinop,Sinop,Sinop
Brazil,BRA,Mato Grosso,Sinop,Sinop
United States,USA,Texas,Sinton,Sinton
"Korea, North",PRK,P’yŏngbuk,Sinuiju,Sinuiju
Switzerland,CHE,Valais,Sion,Sion
United States,USA,Iowa,Sioux Center,Sioux Center
United States,USA,Iowa,Sioux City,Sioux City
United States,USA,South Dakota,Sioux Falls,Sioux Falls
Canada,CAN,Ontario,Sioux Lookout,Sioux Lookout
Trinidad And Tobago,TTO,Siparia,Siparia,Siparia
China,CHN,Jilin,Siping,Siping
Philippines,PHL,Siquijor,Siquijor,Siquijor
Italy,ITA,Sicilia,Siracusa,Siracusa
Iran,IRN,Kermān,Sirjan,Sirjan
Turkey,TUR,Şırnak,Sirnak,Şırnak
Uganda,UGA,Sironko,Sironko,Sironko
India,IND,Haryāna,Sirsa,Sirsa
Lithuania,LTU,Širvintos,Sirvintos,Širvintos
Croatia,HRV,Sisačko-Moslavačka Županija,Sisak,Sisak
Thailand,THA,Sisaket,Sisaket,Sisaket
Greenland,GRL,Qeqqata,Sisimiut,Sisimiut
Cambodia,KHM,Banteay Meanchey,Sisophon,Sisophon
India,IND,Uttar Pradesh,Sitapur,Sitapur
Swaziland,SWZ,Lubombo,Siteki,Siteki
Greece,GRC,Kríti,Sitia,Sitia
United States,USA,Alaska,Sitka,Sitka
Burma,MMR,Rakhine State,Sittwe,Sittwe
Turkey,TUR,Sivas,Sivas,Sivas
Egypt,EGY,Maţrūḩ,Siwa,Siwa
Costa Rica,CRI,Limón,Sixaola,Sixaola
Azerbaijan,AZE,Siyəzən,Siyazan,Siyəzən
Serbia,SRB,Sjenica,Sjenica,Sjenica
Faroe Islands,FRO,,Skalavik,Skálavík
Sweden,SWE,Västerbotten,Skelleftea,Skellefteå
Kosovo,XKS,Skenderaj ,Skenderaj,Skenderaj
United States,USA,Oklahoma,Skiatook,Skiatook
Norway,NOR,Telemark,Skien,Skien
Algeria,DZA,Skikda,Skikda,Skikda
Slovenia,SVN,Škocjan,Skocjan,Škocjan
Slovenia,SVN,Škofja Loka,Skofja Loka,Škofja Loka
Slovenia,SVN,Škofljica,Skofljica,Škofljica
United States,USA,Illinois,Skokie,Skokie
Macedonia,MKD,,Skopje,Skopje
Faroe Islands,FRO,,Skopun,Skopun
Russia,RUS,Amurskaya Oblast’,Skovorodino,Skovorodino
Latvia,LVA,Skrīveru Novads,Skriveri,Skrīveri
Latvia,LVA,Skrundas Novads,Skrunda,Skrunda
Lithuania,LTU,Skuodas,Skuodas,Skuodas
Faroe Islands,FRO,,Skuvoy,Skúvoy
Russia,RUS,Leningradskaya Oblast’,Slantsy,Slantsy
Romania,ROU,Olt,Slatina,Slatina
United States,USA,Texas,Slaton,Slaton
Russia,RUS,Altayskiy Kray,Slavgorod,Slavgorod
Croatia,HRV,Brodsko-Posavska Županija,Slavonski Brod,Slavonski Brod
United States,USA,New York,Sleepy Hollow,Sleepy Hollow
United States,USA,Louisiana,Slidell,Slidell
Malta,MLT,Sliema,Sliema,Sliema
Ireland,IRL,Sligo,Sligo,Sligo
United States,USA,Wisconsin,Slinger,Slinger
United States,USA,Pennsylvania,Slippery Rock,Slippery Rock
Bulgaria,BGR,Sliven,Sliven,Sliven
Russia,RUS,Kirovskaya Oblast’,Slobodskoy,Slobodskoy
Romania,ROU,Ialomiţa,Slobozia,Slobozia
United Kingdom,GBR,Slough,Slough,Slough
Slovenia,SVN,Slovenj Gradec,Slovenj Gradec,Slovenj Gradec
Slovenia,SVN,Slovenska Bistrica,Slovenska Bistrica,Slovenska Bistrica
Slovenia,SVN,Slovenske Konjice,Slovenske Konjice,Slovenske Konjice
Russia,RUS,Irkutskaya Oblast’,Slyudyanka,Slyudyanka
Latvia,LVA,Engures Novads,Smarde,Smārde
Slovenia,SVN,Šmarje pri Jelšah,Smarje pri Jelsah,Šmarje pri Jelšah
Slovenia,SVN,Šmarješke Toplice,Smarjeske Toplice,Šmarješke Toplice
Slovenia,SVN,Šmartno ob Paki,Smartno ob Paki,Šmartno ob Paki
Slovenia,SVN,Šmartno pri Litiji,Smartno pri Litiji,Šmartno pri Litiji
Serbia,SRB,Smederevo,Smederevo,Smederevo
Serbia,SRB,Smederevska Palanka,Smederevska Palanka,Smederevska Palanka
Latvia,LVA,Smiltenes Novads,Smiltene,Smiltene
Canada,CAN,British Columbia,Smithers,Smithers
United States,USA,Virginia,Smithfield,Smithfield
United States,USA,North Carolina,Smithfield,Smithfield
United States,USA,Utah,Smithfield,Smithfield
United States,USA,Alabama,Smiths Station,Smiths Station
Australia,AUS,Tasmania,Smithton,Smithton
United States,USA,Missouri,Smithville,Smithville
Russia,RUS,Smolenskaya Oblast’,Smolensk,Smolensk
Bulgaria,BGR,Smolyan,Smolyan,Smolyan
United States,USA,Delaware,Smyrna,Smyrna
United States,USA,Tennessee,Smyrna,Smyrna
United States,USA,Georgia,Smyrna,Smyrna
United States,USA,Georgia,Snellville,Snellville
United States,USA,Washington,Snohomish,Snohomish
United States,USA,Washington,Snoqualmie,Snoqualmie
United States,USA,Arizona,Snowflake,Snowflake
United States,USA,Texas,Snyder,Snyder
Brazil,BRA,Ceará,Sobral,Sobral
Vietnam,VNM,Sóc Trăng,Soc Trang,Sóc Trăng
Russia,RUS,Krasnodarskiy Kray,Sochi,Sochi
Colombia,COL,Santander,Socorro,Socorro
United States,USA,New Mexico,Socorro,Socorro
United States,USA,Texas,Socorro,Socorro
Finland,FIN,Lappi,Sodankyla,Sodankylä
United States,USA,Tennessee,Soddy-Daisy,Soddy-Daisy
Ethiopia,ETH,YeDebub Bihēroch Bihēreseboch na Hizboch,Sodo,Sodo
Slovenia,SVN,Sodražica,Sodrazica,Sodražica
Bulgaria,BGR,Sofia-Grad,Sofia,Sofia
Indonesia,IDN,Maluku Utara,Sofifi,Sofifi
Colombia,COL,Boyacá,Sogamoso,Sogamoso
Egypt,EGY,Sūhāj,Sohag,Sohag
Papua New Guinea,PNG,Bougainville,Sohano,Sohano
"Korea, South",KOR,Gangwon,Sokcho,Sokcho
Turkey,TUR,Aydın,Soke,Söke
Serbia,SRB,Sokobanja,Sokobanja,Sokobanja
Togo,TGO,Centrale,Sokode,Sokodé
Russia,RUS,Vologodskaya Oblast’,Sokol,Sokol
Mali,MLI,Ségou,Sokolo,Sokolo
Nigeria,NGA,Sokoto,Sokoto,Sokoto
Vanuatu,VUT,Torba,Sola,Sola
United States,USA,California,Solana Beach,Solana Beach
Slovenia,SVN,Solčava,Solcava,Solčava
Peru,PER,Loreto,Soldado Bartra,Soldado Bartra
Moldova,MDA,Şoldăneşti,Soldanesti,Şoldăneşti
United States,USA,Alaska,Soldotna,Soldotna
Colombia,COL,Atlántico,Soledad,Soledad
United States,USA,California,Soledad,Soledad
Burkina Faso,BFA,Boucle du Mouhoun,Solenzo,Solenzo
United Kingdom,GBR,Solihull,Solihull,Solihull
Russia,RUS,Permskiy Kray,Solikamsk,Solikamsk
Russia,RUS,Orenburgskaya Oblast’,Sol-lletsk,Sol-lletsk
Russia,RUS,Moskovskaya Oblast’,Solnechnogorsk,Solnechnogorsk
Guatemala,GTM,Sololá,Solola,Sololá
United States,USA,Ohio,Solon,Solon
Switzerland,CHE,Solothurn,Solothurn,Solothurn
Switzerland,CHE,Solothurn,Solothurn,Solothurn
United States,USA,California,Solvang,Solvang
United States,USA,New York,Solvay,Solvay
Zambia,ZMB,North-Western,Solwezi,Solwezi
Serbia,SRB,Sombor,Sombor,Sombor
United States,USA,New Jersey,Somerdale,Somerdale
United States,USA,Wisconsin,Somers,Somers
United States,USA,New Jersey,Somers Point,Somers Point
United States,USA,Pennsylvania,Somerset,Somerset
United States,USA,Kentucky,Somerset,Somerset
United States,USA,New Hampshire,Somersworth,Somersworth
United States,USA,Arizona,Somerton,Somerton
United States,USA,New Jersey,Somerville,Somerville
United States,USA,Massachusetts,Somerville,Somerville
Nicaragua,NIC,Madriz,Somoto,Somoto
Vietnam,VNM,Sơn La,Son La,Sơn La
Vietnam,VNM,Hà Nội,Son Tay,Sơn Tây
"Korea, North",PRK,Nasŏn,Sonbong,Sonbong
Tanzania,TZA,Ruvuma,Songea,Songea
Thailand,THA,Songkhla,Songkhla,Songkhla
"Korea, South",KOR,Gyeonggi,Songnam,Songnam
Angola,AGO,Uíge,Songo,Songo
India,IND,Haryāna,Sonipat,Sonipat
United States,USA,California,Sonoma,Sonoma
United States,USA,California,Sonora,Sonora
Colombia,COL,Antioquia,Sonson,Sonsón
El Salvador,SLV,Sonsonate,Sonsonate,Sonsonate
Macedonia,MKD,Sopište,Sopiste,Sopište
India,IND,Jammu and Kashmīr,Sopore,Sopore
Hungary,HUN,Győr-Moson-Sopron,Sopron,Sopron
Bolivia,BOL,La Paz,Sorata,Sorata
Denmark,DNK,Sjælland,Soro,Sorø
Moldova,MDA,Soroca,Soroca,Soroca
Brazil,BRA,São Paulo,Sorocaba,Sorocaba
Indonesia,IDN,Papua Barat,Sorong,Sorong
Uganda,UGA,Soroti,Soroti,Soroti
Philippines,PHL,Sorsogon,Sorsogon,Sorsogon
Faroe Islands,FRO,,Sorvagur,Sørvágur
Russia,RUS,Komi,Sosnogorsk,Sosnogorsk
Slovenia,SVN,Šoštanj,Sostanj,Šoštanj
Kenya,KEN,Bomet,Sotik,Sotik
Kenya,KEN,Bomet,Sotik Post,Sotik Post
Togo,TGO,Centrale,Sotouboua,Sotouboua
Côte D’Ivoire,CIV,Bas-Sassandra,Soubre,Soubré
United States,USA,Pennsylvania,Souderton,Souderton
Algeria,DZA,Souk Ahras,Souk Ahras,Souk Ahras
Tunisia,TUN,Sousse,Sousse,Sousse
United States,USA,New Jersey,South Amboy,South Amboy
United Kingdom,GBR,Redcar and Cleveland,South Bank,South Bank
United States,USA,Florida,South Bay,South Bay
United States,USA,Illinois,South Beloit,South Beloit
United States,USA,Indiana,South Bend,South Bend
United States,USA,Virginia,South Boston,South Boston
United States,USA,Vermont,South Burlington,South Burlington
United States,USA,West Virginia,South Charleston,South Charleston
United States,USA,Florida,South Daytona,South Daytona
United States,USA,California,South El Monte,South El Monte
United States,USA,Illinois,South Elgin,South Elgin
United States,USA,Ohio,South Euclid,South Euclid
United States,USA,California,South Gate,South Gate
United States,USA,Michigan,South Haven,South Haven
United States,USA,Illinois,South Holland,South Holland
United States,USA,Texas,South Houston,South Houston
United States,USA,Utah,South Jordan,South Jordan
United States,USA,California,South Lake Tahoe,South Lake Tahoe
United States,USA,Michigan,South Lyon,South Lyon
United States,USA,Florida,South Miami,South Miami
United States,USA,Wisconsin,South Milwaukee,South Milwaukee
United States,USA,Utah,South Ogden,South Ogden
United States,USA,Florida,South Pasadena,South Pasadena
United States,USA,California,South Pasadena,South Pasadena
United States,USA,Tennessee,South Pittsburg,South Pittsburg
United States,USA,New Jersey,South Plainfield,South Plainfield
United States,USA,Maine,South Portland,South Portland
United States,USA,New Jersey,South River,South River
United States,USA,Minnesota,South Saint Paul,South Saint Paul
United States,USA,Utah,South Salt Lake,South Salt Lake
United States,USA,California,South San Francisco,South San Francisco
United Kingdom,GBR,South Tyneside,South Shields,South Shields
United States,USA,Nebraska,South Sioux City,South Sioux City
United States,USA,Arizona,South Tucson,South Tucson
United States,USA,Utah,South Weber,South Weber
United States,USA,Pennsylvania,South Williamsport,South Williamsport
United Kingdom,GBR,Southampton,Southampton,Southampton
United States,USA,Mississippi,Southaven,Southaven
United Kingdom,GBR,Southend-on-Sea,Southend-on-Sea,Southend-on-Sea
Australia,AUS,Western Australia,Southern Cross,Southern Cross
United States,USA,North Carolina,Southern Pines,Southern Pines
United States,USA,Michigan,Southfield,Southfield
United States,USA,Michigan,Southgate,Southgate
United States,USA,Texas,Southlake,Southlake
United Kingdom,GBR,Sefton,Southport,Southport
United States,USA,Alabama,Southside,Southside
United States,USA,Florida,Southwest Ranches,Southwest Ranches
Russia,RUS,Kirovskaya Oblast’,Sovetsk,Sovetsk
Russia,RUS,Kaliningradskaya Oblast’,Sovetsk,Sovetsk
Botswana,BWA,Sowa Town,Sowa Town,Sowa Town
Angola,AGO,Zaire,Soyo,Soyo
United States,USA,Utah,Spanish Fork,Spanish Fork
United States,USA,Alabama,Spanish Fort,Spanish Fort
Jamaica,JAM,Saint Catherine,Spanish Town,Spanish Town
United States,USA,Nevada,Sparks,Sparks
United States,USA,Wisconsin,Sparta,Sparta
United States,USA,Tennessee,Sparta,Sparta
United States,USA,South Carolina,Spartanburg,Spartanburg
Greece,GRC,Peloponnísos,Sparti,Sparti
Russia,RUS,Primorskiy Kray,Spassk Dalniy,Spassk Dalniy
United States,USA,South Dakota,Spearfish,Spearfish
United States,USA,Indiana,Speedway,Speedway
United States,USA,Iowa,Spencer,Spencer
United States,USA,Iowa,Spirit Lake,Spirit Lake
Croatia,HRV,Splitsko-Dalmatinska Županija,Split,Split
Slovenia,SVN,Hajdina,Spodnja Hajdina,Spodnja Hajdina
Slovenia,SVN,Hoče-Slivnica,Spodnje Hoce,Spodnje Hoče
Slovenia,SVN,Duplek,Spodnji Duplek,Spodnji Duplek
United States,USA,Washington,Spokane,Spokane
United States,USA,Washington,Spokane Valley,Spokane Valley
United States,USA,New Jersey,Spotswood,Spotswood
United States,USA,Illinois,Spring Grove,Spring Grove
United States,USA,Tennessee,Spring Hill,Spring Hill
United States,USA,Kansas,Spring Hill,Spring Hill
United States,USA,North Carolina,Spring Lake,Spring Lake
United States,USA,Minnesota,Spring Lake Park,Spring Lake Park
United States,USA,New York,Spring Valley,Spring Valley
United States,USA,Illinois,Spring Valley,Spring Valley
South Africa,ZAF,Northern Cape,Springbok,Springbok
United States,USA,Ohio,Springboro,Springboro
United States,USA,Arkansas,Springdale,Springdale
United States,USA,Ohio,Springdale,Springdale
United States,USA,Florida,Springfield,Springfield
United States,USA,Tennessee,Springfield,Springfield
United States,USA,Illinois,Springfield,Springfield
United States,USA,Georgia,Springfield,Springfield
United States,USA,Massachusetts,Springfield,Springfield
United States,USA,Ohio,Springfield,Springfield
United States,USA,Missouri,Springfield,Springfield
United States,USA,Michigan,Springfield,Springfield
United States,USA,Oregon,Springfield,Springfield
United States,USA,Louisiana,Springhill,Springhill
South Africa,ZAF,Gauteng,Springs,Springs
United States,USA,Utah,Springville,Springville
Serbia,SRB,Srbobran,Srbobran,Srbobran
Slovenia,SVN,Središče ob Dravi,Sredisce ob Dravi,Središče ob Dravi
Russia,RUS,Sakha (Yakutiya),Srednekolymsk,Srednekolymsk
Serbia,SRB,Sremska Mitrovica,Sremska Mitrovica,Sremska Mitrovica
Serbia,SRB,Sremski Karlovci,Sremski Karlovci,Sremski Karlovci
Sri Lanka,LKA,Western,Sri Jawewardenepura Kotte,Sri Jawewardenepura Kotte
India,IND,Jammu and Kashmīr,Srinagar,Srinagar
Jamaica,JAM,Saint Ann,St. Ann's Bay,St. Ann's Bay
Canada,CAN,Newfoundland and Labrador,St. Anthony,St. Anthony
Canada,CAN,Newfoundland and Labrador,St. John's,St. John's
Russia,RUS,Sankt-Peterburg,St. Petersburg,St. Petersburg
Reunion,REU,,St.-Benoit,St.-Benoit
France,FRA,Bretagne,St.-Brieuc,St.-Brieuc
Reunion,REU,,St.-Denis,St.-Denis
Canada,CAN,Québec,St.-Jerome,St.-Jerome
United Kingdom,GBR,Staffordshire,Stafford,Stafford
United States,USA,Texas,Stafford,Stafford
Latvia,LVA,Pārgaujas Novads,Stalbe,Stalbe
United States,USA,North Carolina,Stallings,Stallings
United States,USA,Connecticut,Stamford,Stamford
South Africa,ZAF,Mpumalanga,Standerton,Standerton
Falkland Islands (Islas Malvinas),FLK,,Stanley,Stanley
Switzerland,CHE,Nidwalden,Stans,Stans
United States,USA,California,Stanton,Stanton
United States,USA,Washington,Stanwood,Stanwood
United States,USA,Idaho,Star,Star
Macedonia,MKD,Dojran,Star Dojran,Star Dojran
Serbia,SRB,Stara Pazova,Stara Pazova,Stara Pazova
Bulgaria,BGR,Stara Zagora,Stara Zagora,Stara Zagora
Russia,RUS,Novgorodskaya Oblast’,Staraya Russa,Staraya Russa
Slovenia,SVN,Loška Dolina,Stari Trg pri Lozu,Stari Trg pri Ložu
United States,USA,Florida,Starke,Starke
United States,USA,Mississippi,Starkville,Starkville
Macedonia,MKD,Staro Nagoričane,Staro Nagoricane,Staro Nagoričane
Russia,RUS,Krasnoyarskiy Kray,Starorybnoye,Starorybnoye
Slovenia,SVN,Starše,Starse,Starše
Russia,RUS,Belgorodskaya Oblast’,Starsy Oskol,Starsy Oskol
United States,USA,Pennsylvania,State College,State College
United States,USA,New York,Staten Island,Staten Island
United States,USA,Georgia,Statesboro,Statesboro
United States,USA,North Carolina,Statesville,Statesville
Canada,CAN,Québec,St-Augustin,St-Augustin
United States,USA,Virginia,Staunton,Staunton
United States,USA,Illinois,Staunton,Staunton
Norway,NOR,Rogaland,Stavanger,Stavanger
Russia,RUS,Stavropol’skiy Kray,Stavropol,Stavropol
Australia,AUS,Victoria,Stawell,Stawell
United States,USA,Oregon,Stayton,Stayton
United States,USA,Colorado,Steamboat Springs,Steamboat Springs
United States,USA,Pennsylvania,Steelton,Steelton
Moldova,MDA,Ştefan-Vodă,Stefan Voda,Ştefan Vodă
United States,USA,Illinois,Steger,Steger
United States,USA,Washington,Steilacoom,Steilacoom
Canada,CAN,Manitoba,Steinbach,Steinbach
Norway,NOR,,Steinkjer,Steinkjer
Azerbaijan,AZE,Xankəndi,Stepanakert,Stepanakert
Canada,CAN,Newfoundland and Labrador,Stephenville,Stephenville
United States,USA,Texas,Stephenville,Stephenville
United States,USA,Colorado,Sterling,Sterling
United States,USA,Illinois,Sterling,Sterling
United States,USA,Michigan,Sterling Heights,Sterling Heights
Russia,RUS,Bashkortostan,Sterlitamak,Sterlitamak
Canada,CAN,Alberta,Stettler,Stettler
United States,USA,Ohio,Steubenville,Steubenville
United States,USA,Wisconsin,Stevens Point,Stevens Point
United States,USA,Pennsylvania,Stewartstown,Stewartstown
United States,USA,Minnesota,Stewartville,Stewartville
United States,USA,Illinois,Stickney,Stickney
United States,USA,Oklahoma,Stillwater,Stillwater
United States,USA,Minnesota,Stillwater,Stillwater
Macedonia,MKD,Štip,Stip,Štip
United Kingdom,GBR,Stirling,Stirling,Stirling
United States,USA,Georgia,Stockbridge,Stockbridge
Sweden,SWE,Stockholm,Stockholm,Stockholm
United Kingdom,GBR,Stockport,Stockport,Stockport
United States,USA,California,Stockton,Stockton
United Kingdom,GBR,Stockton-on-Tees,Stockton-on-Tees,Stockton-on-Tees
Cambodia,KHM,Stung Treng,Stoeng Treng,Stoeng Treng
United Kingdom,GBR,Stoke-on-Trent,Stoke,Stoke
United States,USA,North Carolina,Stokesdale,Stokesdale
United States,USA,Georgia,Stone Mountain,Stone Mountain
United States,USA,Georgia,Stonecrest,Stonecrest
Canada,CAN,Saskatchewan,Stony Rapids,Stony Rapids
Slovenia,SVN,Štore,Store,Štore
United States,USA,Iowa,Storm Lake,Storm Lake
United Kingdom,GBR,Eilean Siar,Stornoway,Stornoway
United States,USA,Wisconsin,Stoughton,Stoughton
United States,USA,Ohio,Stow,Stow
United Kingdom,GBR,Derry and Strabane,Strabane,Strabane
Germany,DEU,Mecklenburg-Western Pomerania,Stralsund,Stralsund
France,FRA,Grand Est,Strasbourg,Strasbourg
United States,USA,Virginia,Strasburg,Strasburg
Moldova,MDA,Străşeni,Straseni,Straşeni
United States,USA,New Jersey,Stratford,Stratford
Slovenia,SVN,Straža,Straza,Straža
Australia,AUS,South Australia,Streaky Bay,Streaky Bay
United States,USA,Illinois,Streamwood,Streamwood
United States,USA,Illinois,Streator,Streator
United States,USA,Ohio,Streetsboro,Streetsboro
Russia,RUS,Magadanskaya Oblast’,Strelka,Strelka
Latvia,LVA,Strenču Novads,Strenci,Strenči
Faroe Islands,FRO,,Strendur,Strendur
United Kingdom,GBR,Trafford,Stretford,Stretford
Russia,RUS,Tomskaya Oblast’,Strezhevoy,Strezhevoy
United States,USA,Ohio,Strongsville,Strongsville
United States,USA,Pennsylvania,Stroudsburg,Stroudsburg
Macedonia,MKD,Struga,Struga,Struga
Macedonia,MKD,Strumica,Strumica,Strumica
United States,USA,Ohio,Struthers,Struthers
United States,USA,Florida,Stuart,Stuart
Macedonia,MKD,Studeničani,Studenicani,Studeničani
United States,USA,Wisconsin,Sturgeon Bay,Sturgeon Bay
United States,USA,Michigan,Sturgis,Sturgis
United States,USA,South Dakota,Sturgis,Sturgis
United States,USA,Wisconsin,Sturtevant,Sturtevant
Germany,DEU,Baden-Württemberg,Stuttgart,Stuttgart
United States,USA,Arkansas,Stuttgart,Stuttgart
Timor-Leste,TLS,Cova Lima,Suai,Suai
United States,USA,Wisconsin,Suamico,Suamico
Serbia,SRB,Subotica,Subotica,Subotica
Romania,ROU,Suceava,Suceava,Suceava
Mongolia,MNG,Selenge,Suchboatar,Suchboatar
Bolivia,BOL,Chuquisaca,Sucre,Sucre
Canada,CAN,Ontario,Sudbury,Sudbury
Egypt,EGY,As Suways,Suez,Suez
United States,USA,New York,Suffern,Suffern
United States,USA,Virginia,Suffolk,Suffolk
United States,USA,Illinois,Sugar Grove,Sugar Grove
United States,USA,Georgia,Sugar Hill,Sugar Hill
United States,USA,Texas,Sugar Land,Sugar Land
United States,USA,Pennsylvania,Sugarcreek,Sugarcreek
Oman,OMN,Shamāl al Bāţinah,Suhar,Suhar
Oman,OMN,Shamāl al Bāţinah,Suhar,Şuḩār
Kosovo,XKS,Suharekë,Suhareke,Suharekë
China,CHN,Heilongjiang,Suihua,Suihua
China,CHN,Heilongjiang,Suileng,Suileng
China,CHN,Sichuan,Suining,Suining
United States,USA,California,Suisun,Suisun
Indonesia,IDN,Jawa Barat,Sukabumi,Sukabumi
Thailand,THA,Sukhothai,Sukhothai,Sukhothai
Georgia,GEO,Abkhazia,Sukhumi,Sukhumi
Pakistan,PAK,Sindh,Sukkur,Sukkur
Peru,PER,Piura,Sullana,Sullana
United States,USA,Missouri,Sullivan,Sullivan
United States,USA,Texas,Sullivan City,Sullivan City
United States,USA,Louisiana,Sulphur,Sulphur
United States,USA,Texas,Sulphur Springs,Sulphur Springs
United States,USA,Washington,Sultan,Sultan
Faroe Islands,FRO,,Sumba,Sumba
Tanzania,TZA,Rukwa,Sumbawanga,Sumbawanga
Angola,AGO,Kwanza Sul,Sumbe,Sumbe
Indonesia,IDN,Jawa Timur,Sumenep,Sumenep
United States,USA,North Carolina,Summerfield,Summerfield
United States,USA,Georgia,Summerville,Summerville
United States,USA,South Carolina,Summerville,Summerville
United States,USA,New Jersey,Summit,Summit
United States,USA,Illinois,Summit,Summit
United States,USA,Washington,Sumner,Sumner
Azerbaijan,AZE,Sumqayıt,Sumqayt,Sumqayt
United States,USA,South Carolina,Sumter,Sumter
Ukraine,UKR,Sums’ka Oblast’,Sumy,Sumy
United States,USA,Wisconsin,Sun Prairie,Sun Prairie
Australia,AUS,Victoria,Sunbury,Sunbury
United States,USA,Pennsylvania,Sunbury,Sunbury
United States,USA,Ohio,Sunbury,Sunbury
Argentina,ARG,Santa Fe,Sunchales,Sunchales
"Korea, North",PRK,P’yŏngnam,Sunchon,Sunchon
United Kingdom,GBR,Sunderland,Sunderland,Sunderland
Sweden,SWE,Västernorrland,Sundsvall,Sundsvall
Malaysia,MYS,Kedah,Sungai Petani,Sungai Petani
Indonesia,IDN,Jambi,Sungaipenuh,Sungaipenuh
United States,USA,New Mexico,Sunland Park,Sunland Park
United States,USA,Florida,Sunny Isles Beach,Sunny Isles Beach
United States,USA,Washington,Sunnyside,Sunnyside
United States,USA,Texas,Sunnyvale,Sunnyvale
United States,USA,California,Sunnyvale,Sunnyvale
United States,USA,Florida,Sunrise,Sunrise
United States,USA,Utah,Sunset,Sunset
United States,USA,Missouri,Sunset Hills,Sunset Hills
Russia,RUS,Sakha (Yakutiya),Suntar,Suntar
Ghana,GHA,Brong-Ahafo,Sunyani,Sunyani
Cambodia,KHM,Tbong Khmum,Suong,Suong
United States,USA,Wisconsin,Superior,Superior
United States,USA,Colorado,Superior,Superior
Thailand,THA,Suphan Buri,Supham Buri,Supham Buri
Oman,OMN,Janūb ash Sharqīyah,Sur,Şūr
Indonesia,IDN,Jawa Timur,Surabaya,Surabaya
Indonesia,IDN,Jawa Tengah,Surakarta,Surakarta
India,IND,Gujarāt,Surat,Surat
Thailand,THA,Surat Thani,Surat Thani,Surat Thani
Serbia,SRB,Surdulica,Surdulica,Surdulica
United States,USA,Florida,Surfside,Surfside
Russia,RUS,Khanty-Mansiyskiy Avtonomnyy Okrug-Yugra,Surgut,Surgut
Philippines,PHL,Surigao del Norte,Surigao,Surigao
Thailand,THA,Surin,Surin,Surin
United States,USA,Arizona,Surprise,Surprise
Libya,LBY,Surt,Surt,Surt
Azerbaijan,AZE,Şuşa,Susa,Şuşa
United States,USA,California,Susanville,Susanville
Argentina,ARG,Jujuy,Susques,Susques
United States,USA,Wisconsin,Sussex,Sussex
Russia,RUS,Magadanskaya Oblast’,Susuman,Susuman
United States,USA,Oregon,Sutherlin,Sutherlin
United Kingdom,GBR,Sutton,Sutton,Sutton
Fiji,FJI,Rewa,Suva,Suva
United States,USA,Georgia,Suwanee,Suwanee
"Korea, South",KOR,Gyeonggi,Suwon,Suwon
China,CHN,Anhui,Suzhou,Suzhou
China,CHN,Jiangsu,Suzhou,Suzhou
Cambodia,KHM,Svay Rieng,Svay Rieng,Svay Rieng
Lithuania,LTU,Švenčionys,Svencionys,Švenčionys
Denmark,DNK,Syddanmark,Svendborg,Svendborg
Slovenia,SVN,Sveta Ana,Sveta Ana v Slovenskih Goricah,Sveta Ana v Slovenskih Goricah
Slovenia,SVN,Sveta Trojica v Slovenskih Goricah,Sveta Trojica v Slovenskih Goricah,Sveta Trojica v Slovenskih Goricah
Slovenia,SVN,Sveti Jurij ob Ščavnici,Sveti Jurij ob Scavnici,Sveti Jurij ob Ščavnici
Macedonia,MKD,Sveti Nikole,Sveti Nikole,Sveti Nikole
Russia,RUS,Leningradskaya Oblast’,Svetogorsk,Svetogorsk
Serbia,SRB,Svilajnac,Svilajnac,Svilajnac
Russia,RUS,Amurskaya Oblast’,Svobodnyy,Svobodnyy
Norway,NOR,Nordland,Svolvaer,Svolvær
Serbia,SRB,Svrljig,Svrljig,Svrljig
United States,USA,Georgia,Swainsboro,Swainsboro
Namibia,NAM,Erongo,Swakopmund,Swakopmund
Australia,AUS,Victoria,Swan Hill,Swan Hill
United States,USA,North Carolina,Swansboro,Swansboro
United Kingdom,GBR,Swansea,Swansea,Swansea
United States,USA,Illinois,Swansea,Swansea
United States,USA,Pennsylvania,Swarthmore,Swarthmore
United States,USA,Michigan,Swartz Creek,Swartz Creek
United States,USA,Oregon,Sweet Home,Sweet Home
United States,USA,Florida,Sweetwater,Sweetwater
United States,USA,Texas,Sweetwater,Sweetwater
United States,USA,Tennessee,Sweetwater,Sweetwater
South Africa,ZAF,Western Cape,Swellendam,Swellendam
Malta,MLT,Swieqi,Swieqi,Swieqi
Canada,CAN,Saskatchewan,Swift Current,Swift Current
United Kingdom,GBR,Swindon,Swindon,Swindon
United States,USA,Pennsylvania,Swissvale,Swissvale
Ireland,IRL,Fingal,Swords,Swords
United States,USA,Illinois,Sycamore,Sycamore
Australia,AUS,New South Wales,Sydney,Sydney
Canada,CAN,Nova Scotia,Sydney,Sydney
Russia,RUS,Komi,Syktyvkar,Syktyvkar
United States,USA,Alabama,Sylacauga,Sylacauga
Bangladesh,BGD,Sylhet,Sylhet,Sylhet
United States,USA,Ohio,Sylvania,Sylvania
United States,USA,Georgia,Sylvester,Sylvester
United States,USA,New York,Syracuse,Syracuse
United States,USA,Indiana,Syracuse,Syracuse
United States,USA,Utah,Syracuse,Syracuse
Russia,RUS,Samarskaya Oblast’,Syzran,Syzran
Poland,POL,Zachodniopomorskie,Szczecin,Szczecin
Hungary,HUN,Szeged,Szeged,Szeged
Hungary,HUN,Fejér,Szekesfehervar,Székesfehérvár
Hungary,HUN,Tolna,Szekszard,Szekszárd
Hungary,HUN,Jász-Nagykun-Szolnok,Szolnok,Szolnok
Hungary,HUN,Vas,Szombathely,Szombathely
Cambodia,KHM,Kandal,Ta Khmau,Ta Khmau
Malta,MLT,Ta’ Xbiex,Ta' Xbiex,Ta’ Xbiex
Slovenia,SVN,Tabor,Tabor,Tabor
United States,USA,North Carolina,Tabor City,Tabor City
Tanzania,TZA,Tabora,Tabora,Tabora
Iran,IRN,Āz̄arbāyjān-e Sharqī,Tabriz,Tabriz
Philippines,PHL,Kalinga,Tabuk,Tabuk
Saudi Arabia,SAU,Tabūk,Tabuk,Tabuk
China,CHN,Xinjiang,Tacheng,Tacheng
Philippines,PHL,Tacloban,Tacloban,Tacloban
Peru,PER,Tacna,Tacna,Tacna
United States,USA,Washington,Tacoma,Tacoma
Uruguay,URY,Tacuarembó,Tacuarembo,Tacuarembó
Djibouti,DJI,Tadjourah,Tadjoura,Tadjoura
Syria,SYR,Ḩimş,Tadmur,Tadmur
"Korea, North",PRK,P’yŏngbuk,Taedong,Taedong
United States,USA,California,Taft,Taft
Russia,RUS,Rostovskaya Oblast’,Taganrog,Taganrog
Philippines,PHL,Taguig,Taguig City,Taguig City
Philippines,PHL,Davao del Norte,Tagum,Tagum
Philippines,PHL,Davao del Norte,Tagum,Tagum
United States,USA,Oklahoma,Tahlequah,Tahlequah
Niger,NER,Tahoua,Tahoua,Tahoua
China,CHN,Shandong,Taian,Taian
Taiwan,TWN,Chiayi,Taibao,Taibao
Taiwan,TWN,Taichung,Taichung,Taichung
China,CHN,Heilongjiang,Tailai,Tailai
Taiwan,TWN,Tainan,Tainan,Tainan
Taiwan,TWN,Taipei,Taipei,Taipei
Malaysia,MYS,Perak,Taiping,Taiping
Taiwan,TWN,Taitung,Taitung,Taitung
China,CHN,Shanxi,Taiyuan,Taiyuan
China,CHN,Jiangsu,Taizhou,Taizhou
Yemen,YEM,Ta‘izz,Taizz,Taizz
Libya,LBY,Murzuq,Tajarhi,Tajarhi
Thailand,THA,Tak,Tak,Tak
Japan,JPN,Kagawa,Takamatsu,Takamatsu
Japan,JPN,Toyama,Takaoka,Takaoka
Cambodia,KHM,Takeo,Takeo,Takéo
United States,USA,Maryland,Takoma Park,Takoma Park
Russia,RUS,Buryatiya,Taksimo,Taksimo
Peru,PER,Piura,Talara,Talara
Kyrgyzstan,KGZ,Talas,Talas,Talas
Chile,CHL,Maule,Talca,Talca
Chile,CHL,Biobío,Talcahuano,Talcahuano
Kazakhstan,KAZ,Almaty,Taldyqorghan,Taldyqorghan
United States,USA,Oregon,Talent,Talent
Iraq,IRQ,Nīnawá,Tall Afar,Tall Afar
United States,USA,Alabama,Talladega,Talladega
Ireland,IRL,South Dublin,Tallaght,Tallaght
United States,USA,Florida,Tallahassee,Tallahassee
Estonia,EST,Harjumaa,Tallinn,Tallinn
United States,USA,Ohio,Tallmadge,Tallmadge
United States,USA,Louisiana,Tallulah,Tallulah
Afghanistan,AFG,Takhār,Taloqan,Taloqan
Canada,CAN,Nunavut,Taloyoak,Taloyoak
Latvia,LVA,Talsu Novads,Talsi,Talsi
Chile,CHL,Antofagasta,Taltal,Taltal
Vietnam,VNM,Quảng Nam,Tam Ky,Tam Kỳ
Ghana,GHA,Northern,Tamale,Tamale
Algeria,DZA,Tamanrasset,Tamanrasset,Tamanrasset
United States,USA,Pennsylvania,Tamaqua,Tamaqua
United States,USA,Florida,Tamarac,Tamarac
Mexico,MEX,San Luis Potosí,Tamazunchale,Tamazunchale
Senegal,SEN,Tambacounda,Tambacounda,Tambacounda
Russia,RUS,Tambovskaya Oblast’,Tambov,Tambov
Colombia,COL,Arauca,Tame,Tame
United States,USA,Florida,Tampa,Tampa
Finland,FIN,Pirkanmaa,Tampere,Tampere
Mexico,MEX,Tamaulipas,Tampico,Tampico
Mexico,MEX,San Luis Potosí,Tamuin,Tamuín
Australia,AUS,New South Wales,Tamworth,Tamworth
Vietnam,VNM,Long An,Tan An,Tan An
Morocco,MAR,Guelmim-Oued Noun,Tan Tan,Tan Tan
Philippines,PHL,Surigao del Sur,Tandag,Tandag
Argentina,ARG,Buenos Aires,Tandil,Tandil
United States,USA,Maryland,Taneytown,Taneytown
Tanzania,TZA,Tanga,Tanga,Tanga
Bangladesh,BGD,Dhaka,Tangail,Tangail
Morocco,MAR,Tanger-Tétouan-Al Hoceïma,Tangier,Tangier
China,CHN,Hebei,Tangshan,Tangshan
Indonesia,IDN,Kalimantan Utara,Tanjung Selor,Tanjung Selor
Indonesia,IDN,Kepulauan Bangka Belitung,Tanjungpandan,Tanjungpandan
Indonesia,IDN,Kepulauan Riau,Tanjungpinang,Tanjungpinang
Egypt,EGY,Al Gharbīyah,Tanta,Tanta
China,CHN,Jilin,Taonan,Taonan
United States,USA,New Mexico,Taos,Taos
Mali,MLI,Tombouctou,Taoudenni,Taoudenni
Taiwan,TWN,Taoyuan,Taoyuan,Taoyuan
Mexico,MEX,Chiapas,Tapachula,Tapachula
Russia,RUS,Omskaya Oblast’,Tara,Tara
Bolivia,BOL,Chuquisaca,Tarabuco,Tarabuco
Moldova,MDA,Taraclia,Taraclia,Taraclia
Indonesia,IDN,Kalimantan Utara,Tarakan,Tarakan
Italy,ITA,Puglia,Taranto,Taranto
Peru,PER,San Martín,Tarapoto,Tarapoto
Kiribati,KIR,,Tarawa,Tarawa
Kazakhstan,KAZ,Zhambyl,Taraz,Taraz
France,FRA,Occitanie,Tarbes,Tarbes
United States,USA,North Carolina,Tarboro,Tarboro
Australia,AUS,New South Wales,Taree,Taree
Bulgaria,BGR,Targovishte,Targovishte,Targovishte
Romania,ROU,Dâmboviţa,Targoviste,Târgoviște
Romania,ROU,Gorj,Targu Jiu,Târgu Jiu
Bolivia,BOL,Tarija,Tarija,Tarija
Afghanistan,AFG,Uruzgān,Tarin Kowt,Tarin Kowt
Philippines,PHL,Tarlac,Tarlac,Tarlac
Peru,PER,Junín,Tarma,Tarma
Solomon Islands,SLB,Choiseul,Taro,Taro
United States,USA,Florida,Tarpon Springs,Tarpon Springs
Cabo Verde,CPV,Tarrafal de São Nicolau,Tarrafal,Tarrafal
Cabo Verde,CPV,Tarrafal,Tarrafal,Tarrafal
Spain,ESP,Catalonia,Tarragona,Tarragona
United States,USA,Alabama,Tarrant,Tarrant
United States,USA,New York,Tarrytown,Tarrytown
Turkey,TUR,Mersin,Tarsus,Tarsus
Argentina,ARG,Salta,Tartagal,Tartagal
Estonia,EST,Tartumaa,Tartu,Tartu
Syria,SYR,Ţarţūs,Tartus,Tartus
Indonesia,IDN,Sumatera Utara,Tarutung,Tarutung
Malta,MLT,Tarxien,Tarxien,Tarxien
Kyrgyzstan,KGZ,Jalal-Abad,Tash Komur,Tash Komur
Uzbekistan,UZB,Toshkent,Tashkent,Tashkent
Russia,RUS,Kemerovskaya Oblast’,Tashtagol,Tashtagol
Greenland,GRL,Sermersooq,Tasiilaq,Tasiilaq
Indonesia,IDN,Jawa Barat,Tasikmalaya,Tasikmalaya
Greenland,GRL,Qaasuitsup,Tasiusaq,Tasiusaq
Hungary,HUN,Komárom-Esztergom,Tatabanya,Tatabánya
Tunisia,TUN,Tataouine,Tataouine,Tataouine
Russia,RUS,Novosibirskaya Oblast’,Tatarsk,Tatarsk
Brazil,BRA,São Paulo,Tatui,Tatuí
Turkey,TUR,Bitlis,Tatvan,Tatvan
Brazil,BRA,Ceará,Taua,Tauá
Brazil,BRA,São Paulo,Taubate,Taubaté
Burma,MMR,Shan State,Taunggyi,Taunggyi
Burma,MMR,Bago,Taungoo,Taungoo
United Kingdom,GBR,Somerset,Taunton,Taunton
United States,USA,Massachusetts,Taunton,Taunton
New Zealand,NZL,Waikato,Taupo,Taupo
Lithuania,LTU,Tauragė,Taurage,Tauragė
New Zealand,NZL,Bay of Plenty,Tauranga,Tauranga
United States,USA,Florida,Tavares,Tavares
Russia,RUS,Sverdlovskaya Oblast’,Tavda,Tavda
Malaysia,MYS,Sabah,Tawau,Tawau
Mexico,MEX,Guerrero,Taxco,Taxco
Vietnam,VNM,Tây Ninh,Tay Ninh,Tây Ninh
United States,USA,Texas,Taylor,Taylor
United States,USA,Pennsylvania,Taylor,Taylor
United States,USA,Michigan,Taylor,Taylor
United States,USA,Kentucky,Taylor Mill,Taylor Mill
United States,USA,North Carolina,Taylorsville,Taylorsville
United States,USA,Utah,Taylorsville,Taylorsville
United States,USA,Illinois,Taylorville,Taylorville
Russia,RUS,Irkutskaya Oblast’,Tayshet,Tayshet
Kazakhstan,KAZ,Soltüstik Qazaqstan,Tayynsha,Tayynsha
Morocco,MAR,Fès-Meknès,Taza,Taza
Russia,RUS,Yamalo-Nenetskiy Avtonomnyy Okrug,Tazovskiy,Tazovsky
Georgia,GEO,,Tbilisi,Tbilisi
Gabon,GAB,Nyanga,Tchibanga,Tchibanga
New Zealand,NZL,Southland,Te Anau,Te Anau
United States,USA,South Dakota,Tea,Tea
Macedonia,MKD,Tearce,Tearce,Tearce
Algeria,DZA,Tébessa,Tebessa,Tébessa
Indonesia,IDN,Sumatera Utara,Tebingtinggi,Tebingtinggi
Mexico,MEX,Colima,Tecoman,Tecoman
Mexico,MEX,Guerrero,Tecpan,Tecpan
Mexico,MEX,Nayarit,Tecuala,Tecuala
United States,USA,Oklahoma,Tecumseh,Tecumseh
United States,USA,Michigan,Tecumseh,Tecumseh
Brazil,BRA,Amazonas,Tefe,Tefé
United States,USA,South Carolina,Tega Cay,Tega Cay
Indonesia,IDN,Jawa Tengah,Tegal,Tegal
Honduras,HND,Francisco Morazán,Tegucigalpa,Tegucigalpa
United States,USA,California,Tehachapi,Tehachapi
Iran,IRN,Tehrān,Tehran,Tehran
Mexico,MEX,Puebla,Tehuacan,Tehuacan
Mexico,MEX,Oaxaca,Tehuantepec,Tehuantepec
Turkmenistan,TKM,Ahal,Tejen,Tejen
Mexico,MEX,Yucatán,Tekax,Tekax
Turkey,TUR,Tekirdağ,Tekirdag,Tekirdağ
Israel,ISR,Tel Aviv,Tel Aviv-Yafo,Tel Aviv-Yafo
Georgia,GEO,K’akheti,Telavi,Telavi
Brazil,BRA,Paraná,Telemaco Borba,Telêmaco Borba
Moldova,MDA,Teleneşti,Telenesti,Teleneşti
United Kingdom,GBR,Telford and Wrekin,Telford,Telford
Russia,RUS,Tyva,Teli,Teli
Guinea,GIN,Kindia,Telimele,Télimélé
United States,USA,Indiana,Tell City,Tell City
Argentina,ARG,Chubut,Telsen,Telsen
Lithuania,LTU,Telšiai,Telsiai,Telšiai
Malaysia,MYS,Perak,Teluk Intan,Teluk Intan
Indonesia,IDN,Kepulauan Riau,Telukbutun,Telukbutun
Ghana,GHA,Greater Accra,Tema,Tema
United States,USA,California,Temecula,Temecula
Serbia,SRB,Temerin,Temerin,Temerin
Kazakhstan,KAZ,Qaraghandy,Temirtau,Temirtau
United States,USA,Arizona,Tempe,Tempe
United States,USA,Texas,Temple,Temple
United States,USA,California,Temple City,Temple City
United States,USA,Florida,Temple Terrace,Temple Terrace
Chile,CHL,Araucanía,Temuco,Temuco
Ecuador,ECU,Napo,Tena,Tena
United States,USA,New Jersey,Tenafly,Tenafly
China,CHN,Yunnan,Tengchong,Tengchong
Burkina Faso,BFA,Centre-Est,Tenkodogo,Tenkodogo
Mexico,MEX,Tabasco,Tenosique,Tenosique
Brazil,BRA,Minas Gerais,Teofilo Otoni,Teófilo Otoni
Albania,ALB,Gjirokastër,Tepelene,Tepelenë
Mexico,MEX,Nayarit,Tepic,Tepic
United States,USA,Florida,Tequesta,Tequesta
Russia,RUS,Sakha (Yakutiya),Terbyas,Terbyas
Brazil,BRA,Piauí,Teresina,Teresina
Uzbekistan,UZB,Surxondaryo,Termiz,Termiz
Indonesia,IDN,Maluku Utara,Ternate,Ternate
Ukraine,UKR,Ternopil’s’ka Oblast’,Ternopil,Ternopil
Canada,CAN,British Columbia,Terrace,Terrace
United States,USA,Indiana,Terre Haute,Terre Haute
United States,USA,Texas,Terrell,Terrell
United States,USA,Texas,Terrell Hills,Terrell Hills
Azerbaijan,AZE,Tərtər,Tartar,Tərtər
Latvia,LVA,Tērvetes Novads,Tervete,Tērvete
Mali,MLI,Kidal,Tessalit,Tessalit
Eritrea,ERI,Gash Barka,Tessenei,Tessenei
Mozambique,MOZ,Tete,Tete,Tete
Macedonia,MKD,Tetovo,Tetovo,Tetovo
Mauritania,MRT,Nouakchott Ouest,Tevragh Zeina,Tevragh Zeina
United States,USA,Texas,Texarkana,Texarkana
United States,USA,Arkansas,Texarkana,Texarkana
United States,USA,Texas,Texas City,Texas City
Lesotho,LSO,Berea,Teyateyaneng,Teyateyaneng
Mexico,MEX,Puebla,Teziutlan,Teziutlán
India,IND,Assam,Tezpur,Tezpur
Lesotho,LSO,Thaba-Tseka,Thaba-Tseka,Thaba-Tseka
Vietnam,VNM,Thái Bình,Thai Binh,Thái Bình
Vietnam,VNM,Thái Nguyên,Thai Nguyen,Thái Nguyên
Laos,LAO,Khammouan,Thakhek,Thakhek
New Zealand,NZL,Waikato,Thames,Thames
Vietnam,VNM,Thanh Hóa,Thanh Hoa,Thanh Hóa
India,IND,Tamil Nādu ,Thanjavur,Thanjavur
Australia,AUS,Queensland,Thargomindah,Thargomindah
United States,USA,Arizona,Thatcher,Thatcher
United States,USA,Texas,The Colony,The Colony
United States,USA,Oregon,The Dalles,The Dalles
Netherlands,NLD,Zuid-Holland,The Hague,The Hague
Canada,CAN,Manitoba,The Pas,The Pas
Anguilla,AIA,,The Valley,The Valley
United States,USA,Oklahoma,The Village,The Village
United States,USA,Ohio,The Village of Indian Hill,The Village of Indian Hill
Australia,AUS,Queensland,Theodore,Theodore
Canada,CAN,Ontario,Thessalon,Thessalon
Greece,GRC,Kentrikí Makedonía,Thessaloniki,Thessaloniki
United States,USA,Louisiana,Thibodaux,Thibodaux
United States,USA,Minnesota,Thief River Falls,Thief River Falls
Senegal,SEN,Thiès,Thies,Thiès
Kenya,KEN,Kiambu,Thika,Thika
Bhutan,BTN,Thimphu,Thimphu,Thimphu
Maldives,MDV,,Thinadhoo,Thinadhoo
India,IND,Kerala,Thiruvananthapuram,Thiruvananthapuram
South Africa,ZAF,Limpopo,Thohoyandou,Thohoyandou
United States,USA,Georgia,Thomaston,Thomaston
United States,USA,North Carolina,Thomasville,Thomasville
United States,USA,Georgia,Thomasville,Thomasville
Canada,CAN,Manitoba,Thompson,Thompson
United States,USA,Tennessee,Thompson's Station,Thompson's Station
United States,USA,Georgia,Thomson,Thomson
Burma,MMR,Yangon,Thongwa,Thongwa
United Kingdom,GBR,South Gloucestershire,Thornbury,Thornbury
United States,USA,Colorado,Thornton,Thornton
United States,USA,California,Thousand Oaks,Thousand Oaks
United States,USA,Michigan,Three Rivers,Three Rivers
Australia,AUS,Western Australia,Three Springs,Three Springs
Vietnam,VNM,Bình Dương,Thu Dau Mot,Thu Dau Mot
Maldives,MDV,,Thulusdhoo,Thulusdhoo
Canada,CAN,Ontario,Thunder Bay,Thunder Bay
Thailand,THA,Nakhon Si Thammarat,Thung Song,Thung Song
United States,USA,Maryland,Thurmont,Thurmont
Malawi,MWI,Thyolo,Thyolo,Thyolo
China,CHN,Tianjin,Tianjin,Tianjin
China,CHN,Gansu,Tianshui,Tianshui
Algeria,DZA,Tiaret,Tiarat,Tiarat
Cameroon,CMR,Adamaoua,Tibati,Tibati
United States,USA,California,Tiburon,Tiburon
Mexico,MEX,Yucatán,Ticul,Ticul
Mauritania,MRT,Tagant,Tidjikdja,Tidjikdja
Indonesia,IDN,Maluku Utara,Tidore,Tidore
China,CHN,Heilongjiang,Tieli,Tieli
China,CHN,Liaoning,Tieling,Tieling
Chile,CHL,Atacama,Tierra Amarilla,Tierra Amarilla
United States,USA,Ohio,Tiffin,Tiffin
United States,USA,Georgia,Tifton,Tifton
United States,USA,Oregon,Tigard,Tigard
Solomon Islands,SLB,Rennell and Bellona,Tigoa,Tigoa
Mexico,MEX,Baja California,Tijuana,Tijuana
Russia,RUS,Krasnodarskiy Kray,Tikhoretsk,Tikhoretsk
Russia,RUS,Leningradskaya Oblast’,Tikhvin,Tikhvin
Iraq,IRQ,Şalāḩ ad Dīn,Tikrit,Tikrit
Russia,RUS,Sakha (Yakutiya),Tiksi,Tiksi
Niger,NER,Tillabéri,Tillaberi,Tillabéri
United States,USA,Oregon,Tillamook,Tillamook
New Zealand,NZL,Canterbury,Timaru,Timaru
Russia,RUS,Krasnodarskiy Kray,Timashevsk,Timashevsk
Brazil,BRA,Pernambuco,Timbauba,Timbaúba
Mauritania,MRT,Hodh ech Chargui,Timbedra,Timbedra
Mali,MLI,Tombouctou,Timbuktu,Timbuktu
Indonesia,IDN,Papua,Timika,Timika
Algeria,DZA,Adrar,Timimoun,Timimoun
Romania,ROU,Timiş,Timisoara,Timișoara
Greenland,GRL,Kujalleq,Timmiarmiut,Timmiarmiut
Canada,CAN,Ontario,Timmins,Timmins
Brazil,BRA,Maranhão,Timon,Timon
Algeria,DZA,Tindouf,Tindouf,Tindouf
Peru,PER,Huánuco,Tingo Maria,Tingo María
United States,USA,Illinois,Tinley Park,Tinley Park
Argentina,ARG,Catamarca,Tinogasta,Tinogasta
United States,USA,New Jersey,Tinton Falls,Tinton Falls
Algeria,DZA,Tipaza,Tipasa,Tipasa
United States,USA,Ohio,Tipp City,Tipp City
United States,USA,Indiana,Tipton,Tipton
Albania,ALB,Tiranë,Tirana,Tirana
Moldova,MDA,Stînga Nistrului,Tiraspol,Tiraspol
Romania,ROU,Mureş,Tirgu Mures,Tirgu Mures
India,IND,Tamil Nādu ,Tiruchirappalli,Tiruchirappalli
India,IND,Tamil Nādu ,Tirunelveli,Tirunelveli
India,IND,Andhra Pradesh,Tirupati,Tirupati
India,IND,Tamil Nādu ,Tiruppur,Tiruppur
India,IND,Tamil Nādu ,Tiruvannamalai,Tiruvannamalai
Slovenia,SVN,Tišina,Tisina,Tišina
Algeria,DZA,Tissemsilt,Tissemsilt,Tissemsilt
Serbia,SRB,Titel,Titel,Titel
United States,USA,Florida,Titusville,Titusville
United States,USA,Pennsylvania,Titusville,Titusville
Montenegro,MNE,Tivat,Tivat,Tivat
Mexico,MEX,Yucatán,Tizimin,Tizimín
Algeria,DZA,Tizi Ouzou,Tizi-Ouzou,Tizi-Ouzou
Morocco,MAR,Souss-Massa,Tiznit,Tiznit
Mexico,MEX,Tlaxcala,Tlaxcala,Tlaxcala
Mexico,MEX,Oaxaca,Tlaxiaco,Tlaxiaco
Algeria,DZA,Tlemcen,Tlimcen,Tlimcen
Libya,LBY,Murzuq,Tmassah,Tmassah
Madagascar,MDG,Toamasina,Toamasina,Toamasina
Kazakhstan,KAZ,Qostanay,Tobol,Tobol
Russia,RUS,Tyumenskaya Oblast’,Tobolsk,Tobolsk
Peru,PER,San Martín,Tocache,Tocache
Brazil,BRA,Tocantins,Tocantinopolis,Tocantinópolis
United States,USA,Georgia,Toccoa,Toccoa
Chile,CHL,Antofagasta,Toconao,Toconao
Chile,CHL,Antofagasta,Tocopilla,Tocopilla
Canada,CAN,British Columbia,Tofino,Tofino
"Micronesia, Federated States Of",FSM,Kosrae,Tofol,Tofol
Faroe Islands,FRO,,Toftir,Toftir
Russia,RUS,Novosibirskaya Oblast’,Toguchin,Toguchin
Sudan,SDN,Red Sea,Tokar,Tokar
Turkey,TUR,Tokat,Tokat,Tokat
Kyrgyzstan,KGZ,Chüy,Tokmak,Tokmak
New Zealand,NZL,Waikato,Tokoroa,Tokoroa
Kyrgyzstan,KGZ,Jalal-Abad,Toktogul,Toktogul
Japan,JPN,Tokushima,Tokushima,Tokushima
Japan,JPN,Tōkyō,Tokyo,Tokyo
Madagascar,MDG,Toliara,Tolanaro,Tôlanaro
Spain,ESP,Castille-La Mancha,Toledo,Toledo
United States,USA,Ohio,Toledo,Toledo
Madagascar,MDG,Toliara,Toliara,Toliara
United States,USA,Arizona,Tolleson,Tolleson
Slovenia,SVN,Tolmin,Tolmin,Tolmin
Chile,CHL,Araucanía,Tolten,Toltén
Colombia,COL,Sucre,Tolu,Tolú
Mexico,MEX,México,Toluca,Toluca
Russia,RUS,Samarskaya Oblast’,Tolyatti,Tolyatti
Australia,AUS,Western Australia,Tom Price,Tom Price
United States,USA,Wisconsin,Tomah,Tomah
Japan,JPN,Hokkaidō,Tomakomai,Tomakomai
Slovenia,SVN,Sveti Tomaž,Tomaz pri Ormozu,Tomaž pri Ormožu
United States,USA,Texas,Tomball,Tomball
Angola,AGO,Namibe,Tombua,Tômbua
Russia,RUS,Tomskaya Oblast’,Tomsk,Tomsk
Brazil,BRA,Amazonas,Tonantins,Tonantins
United States,USA,New York,Tonawanda,Tonawanda
United States,USA,Kansas,Tonganoxie,Tonganoxie
China,CHN,Shaanxi,Tongchuan,Tongchuan
China,CHN,Jilin,Tonghua,Tonghua
China,CHN,Inner Mongolia,Tongliao,Tongliao
China,CHN,Anhui,Tongling,Tongling
China,CHN,Guizhou,Tongren,Tongren
Guinea,GIN,Labé,Tongue,Tongue
India,IND,Rājasthān,Tonk,Tonk
Norway,NOR,Vestfold,Tonsberg,Tønsberg
United States,USA,Utah,Tooele,Tooele
Australia,AUS,Queensland,Toowoomba,Toowoomba
United States,USA,Kansas,Topeka,Topeka
Russia,RUS,Kemerovskaya Oblast’,Topki,Topki
Serbia,SRB,Topola,Topola,Topola
United States,USA,Washington,Toppenish,Toppenish
Iran,IRN,Khorāsān-e Raẕavī,Torbat-e Jam,Torbat-e Jam
South Sudan,SSD,Eastern Equatoria,Torit,Torit
Canada,CAN,Ontario,Toronto,Toronto
Uganda,UGA,Tororo,Tororo,Tororo
United Kingdom,GBR,Torbay,Torquay,Torquay
United States,USA,California,Torrance,Torrance
Mexico,MEX,Coahuila de Zaragoza,Torreon,Torreón
United States,USA,Wyoming,Torrington,Torrington
United States,USA,Connecticut,Torrington,Torrington
Faroe Islands,FRO,,Torshavn,Tórshavn
Russia,RUS,Tverskaya Oblast’,Torzhok,Torzhok
Suriname,SUR,Coronie,Totness,Totness
Guatemala,GTM,Totonicapán,Totonicapan,Totonicapán
United States,USA,New Jersey,Totowa,Totowa
Japan,JPN,Tottori,Tottori,Tottori
Japan,JPN,Tottori,Tottori,Tottori
Côte D’Ivoire,CIV,Woroba,Touba,Touba
Burkina Faso,BFA,Boucle du Mouhoun,Tougan,Tougan
Algeria,DZA,Ouargla,Touggourt,Touggourt
France,FRA,Provence-Alpes-Côte d’Azur,Toulon,Toulon
France,FRA,Occitanie,Toulouse,Toulouse
Côte D’Ivoire,CIV,Lacs,Toumodi,Toumodi
Peru,PER,Huánuco,Tournavista,Tournavista
France,FRA,Centre-Val de Loire,Tours,Tours
Azerbaijan,AZE,Tovuz,Tovuz,Tovuz
United States,USA,Missouri,Town and Country,Town and Country
Australia,AUS,Queensland,Townsville,Townsville
Japan,JPN,Toyama,Toyama,Toyama
Tunisia,TUN,Tozeur,Tozeur,Tozeur
Vietnam,VNM,Trà Vinh,Tra Vinh,Tra Vinh
Lebanon,LBN,Liban-Nord,Trablous,Trablous
Turkey,TUR,Trabzon,Trabzon,Trabzon
United States,USA,California,Tracy,Tracy
Lithuania,LTU,Trakai,Trakai,Trakai
Ireland,IRL,Kerry,Tralee,Tralee
Argentina,ARG,Tucumán,Trancas,Trancas
Thailand,THA,Trang,Trang,Trang
Uruguay,URY,Rivera,Tranqueras,Tranqueras
Australia,AUS,Victoria,Traralgon,Traralgon
Bhutan,BTN,Trashi Yangtse,Trashi Yangtse,Trashi Yangtse
Bhutan,BTN,Trashigang,Trashigang,Trashigang
Thailand,THA,Trat,Trat,Trat
United States,USA,South Carolina,Travelers Rest,Travelers Rest
United States,USA,Michigan,Traverse City,Traverse City
Slovenia,SVN,Trbovlje,Trbovlje,Trbovlje
United States,USA,Florida,Treasure Island,Treasure Island
Slovenia,SVN,Trebnje,Trebnje,Trebnje
Philippines,PHL,Cavite,Trece Martires City,Trece Martires City
Uruguay,URY,Treinta y Tres,Treinta y Tres,Treinta y Tres
Argentina,ARG,Chubut,Trelew,Trelew
United States,USA,Utah,Tremonton,Tremonton
Slovakia,SVK,Trenčiansky,Trencin,Trenčín
Italy,ITA,Trentino-Alto Adige,Trento,Trento
United States,USA,New Jersey,Trenton,Trenton
United States,USA,Ohio,Trenton,Trenton
United States,USA,Missouri,Trenton,Trenton
United States,USA,Michigan,Trenton,Trenton
Canada,CAN,Newfoundland and Labrador,Trepassey,Trepassey
Argentina,ARG,Buenos Aires,Tres Arroyos,Tres Arroyos
Brazil,BRA,Mato Grosso do Sul,Tres Lagoas,Três Lagoas
Italy,ITA,Veneto,Treviso,Treviso
Serbia,SRB,Trgovište,Trgoviste,Trgovište
Liechtenstein,LIE,Triesen,Triesen,Triesen
Liechtenstein,LIE,Triesenberg,Triesenberg,Triesenberg
Italy,ITA,Friuli-Venezia Giulia,Trieste,Trieste
Ireland,IRL,Meath,Trim,Trim
Sri Lanka,LKA,Eastern,Trincomalee,Trincomalee
Sao Tome And Principe,STP,,Trindade,Trindade
Brazil,BRA,Goiás,Trindade,Trindade
Uruguay,URY,Flores,Trinidad,Trinidad
Uruguay,URY,Flores,Trinidad,Trinidad
Bolivia,BOL,El Beni,Trinidad,Trinidad
United States,USA,Colorado,Trinidad,Trinidad
United States,USA,North Carolina,Trinity,Trinity
Libya,LBY,Ţarābulus,Tripoli,Tripoli
Greece,GRC,Peloponnísos,Tripoli,Tripoli
Slovakia,SVK,Trnavský,Trnava,Trnava
Slovenia,SVN,Trnovska Vas,Trnovska Vas,Trnovska Vas
Russia,RUS,Sakha (Yakutiya),Trofimovsk,Trofimovsk
Canada,CAN,Québec,Trois Rivieres,Trois-Rivières
Russia,RUS,Chelyabinskaya Oblast’,Troitsk,Troitsk
Sweden,SWE,Västra Götaland,Trollhattan,Trollhättan
Norway,NOR,Troms,Tromso,Tromsø
Norway,NOR,,Trondheim,Trondheim
Bhutan,BTN,Trongsa,Trongsa,Trongsa
United States,USA,Texas,Trophy Club,Trophy Club
United States,USA,Ohio,Trotwood,Trotwood
Canada,CAN,Newfoundland and Labrador,Trout River,Trout River
United States,USA,Oregon,Troutdale,Troutdale
United Kingdom,GBR,Wiltshire,Trowbridge,Trowbridge
United States,USA,New York,Troy,Troy
United States,USA,Alabama,Troy,Troy
United States,USA,Illinois,Troy,Troy
United States,USA,Ohio,Troy,Troy
United States,USA,Missouri,Troy,Troy
United States,USA,Michigan,Troy,Troy
France,FRA,Grand Est,Troyes,Troyes
Serbia,SRB,Trstenik,Trstenik,Trstenik
Vietnam,VNM,Bến Tre,Truc Giang,Truc Giang
United States,USA,California,Truckee,Truckee
Peru,PER,La Libertad,Trujillo,Trujillo
Venezuela,VEN,Trujillo,Trujillo,Trujillo
Honduras,HND,Colón,Trujillo,Trujillo
United States,USA,Arkansas,Trumann,Trumann
United Kingdom,GBR,Cornwall,Truro,Truro
United States,USA,Alabama,Trussville,Trussville
United States,USA,New Mexico,Truth or Consequences,Truth or Consequences
Slovenia,SVN,Tržič,Trzic,Tržič
Slovenia,SVN,Trzin,Trzin,Trzin
Botswana,BWA,,Tsau,Tsau
Kenya,KEN,Taita/Taveta,Tsavo,Tsavo
Mongolia,MNG,Arhangay,Tsetserleg,Tsetserleg
Botswana,BWA,Kgalagadi,Tshabong,Tshabong
Congo (Kinshasa),COD,Kongo Central,Tshela,Tshela
Congo (Kinshasa),COD,Kasaï,Tshikapa,Tshikapa
Canada,CAN,Northwest Territories,Tsiigehtchic,Tsiigehtchic
Bhutan,BTN,Chhukha,Tsimasham,Tsimasham
Bhutan,BTN,Tsirang,Tsirang,Tsirang
Georgia,GEO,,Tskhinvali,Tskhinvali
Japan,JPN,Mie,Tsu,Tsu
Namibia,NAM,Oshikoto,Tsumeb,Tsumeb
Japan,JPN,Yamagata,Tsuruoka,Tsuruoka
United States,USA,Oregon,Tualatin,Tualatin
Russia,RUS,Krasnodarskiy Kray,Tuapse,Tuapse
Indonesia,IDN,Jawa Timur,Tuban,Tuban
Brazil,BRA,Santa Catarina,Tubarao,Tubarão
Liberia,LBR,Bomi,Tubmanburg,Tubmanburg
Philippines,PHL,Lanao del Norte,Tubod,Tubod
Libya,LBY,Al Buţnān,Tubruq,Tubruq
Brazil,BRA,Bahia,Tucano,Tucano
United States,USA,New York,Tuckahoe,Tuckahoe
United States,USA,Georgia,Tucker,Tucker
United States,USA,Arizona,Tucson,Tucson
Argentina,ARG,Tucumán,Tucuman,Tucumán
Venezuela,VEN,Delta Amacuro,Tucupita,Tucupita
Brazil,BRA,Pará,Tucurui,Tucuruí
Philippines,PHL,Cagayan,Tuguegarao,Tuguegarao
Russia,RUS,Khabarovskiy Kray,Tukchi,Tukchi
Canada,CAN,Northwest Territories,Tuktoyaktuk,Tuktoyaktuk
Latvia,LVA,Tukuma Novads,Tukums,Tukums
Tanzania,TZA,Mbeya,Tukuyu,Tukuyu
United States,USA,Washington,Tukwila,Tukwila
Mexico,MEX,Tamaulipas,Tula,Tula
Russia,RUS,Tul’skaya Oblast’,Tula,Tula
Solomon Islands,SLB,Central,Tulagi,Tulagi
United States,USA,California,Tulare,Tulare
Ecuador,ECU,Carchi,Tulcan,Tulcán
Romania,ROU,Tulcea,Tulcea,Tulcea
United States,USA,Tennessee,Tullahoma,Tullahoma
Ireland,IRL,Offaly,Tullamore,Tullamore
United States,USA,Oklahoma,Tulsa,Tulsa
Colombia,COL,Valle del Cauca,Tulua,Tuluá
Russia,RUS,Irkutskaya Oblast’,Tulun,Tulun
Colombia,COL,Nariño,Tumaco,Tumaco
Peru,PER,Tumbes,Tumbes,Tumbes
Australia,AUS,South Australia,Tumby Bay,Tumby Bay
China,CHN,Jilin,Tumen,Tumen
India,IND,Karnātaka,Tumkur,Tumkur
Australia,AUS,New South Wales,Tumut,Tumut
United States,USA,Washington,Tumwater,Tumwater
Trinidad And Tobago,TTO,Tunapuna/Piarco,Tunapuna,Tunapuna
Turkey,TUR,Tunceli,Tunceli,Tunceli
Tanzania,TZA,Mbeya,Tunduma,Tunduma
Tanzania,TZA,Ruvuma,Tunduru,Tunduru
Russia,RUS,Sakha (Yakutiya),Tunguskhaya,Tunguskhaya
Tunisia,TUN,Tunis,Tunis,Tunis
Colombia,COL,Boyacá,Tunja,Tunja
Argentina,ARG,Mendoza,Tunuyan,Tunuyán
Brazil,BRA,São Paulo,Tupa,Tupã
United States,USA,Mississippi,Tupelo,Tupelo
Bolivia,BOL,Potosí,Tupiza,Tupiza
Colombia,COL,Nariño,Tuquerres,Túquerres
Russia,RUS,Krasnoyarskiy Kray,Tura,Tura
New Zealand,NZL,Waikato,Turangi,Turangi
Pakistan,PAK,Balochistān,Turbat,Turbat
Colombia,COL,Antioquia,Turbo,Turbo
Kazakhstan,KAZ,Qostanay,Turgay,Turgay
Italy,ITA,Piedmont,Turin,Turin
Kazakhstan,KAZ,Ongtüstik Qazaqstan,Turkistan,Turkistan
Turkmenistan,TKM,Lebap,Turkmenabat,Türkmenabat
Turkmenistan,TKM,Balkan,Turkmenbasy,Türkmenbaşy
Finland,FIN,Varsinais-Suomi,Turku,Turku
United States,USA,California,Turlock,Turlock
Slovenia,SVN,Turnišče,Turnisce,Turnišče
Bulgaria,BGR,Veliko Tarnovo,Turnovo,Turnovo
China,CHN,Xinjiang,Turpan,Turpan
United States,USA,Pennsylvania,Turtle Creek,Turtle Creek
Russia,RUS,Krasnoyarskiy Kray,Turukhansk,Turukhansk
United States,USA,Alabama,Tuscaloosa,Tuscaloosa
United States,USA,Alabama,Tuscumbia,Tuscumbia
United States,USA,Alabama,Tuskegee,Tuskegee
United States,USA,California,Tustin,Tustin
India,IND,Tamil Nādu ,Tuticorin,Tuticorin
Serbia,SRB,Tutin,Tutin,Tutin
United States,USA,Oklahoma,Tuttle,Tuttle
Mexico,MEX,Veracruz,Tuxpam,Tuxpam
Mexico,MEX,Nayarit,Tuxpan,Tuxpan
Mexico,MEX,Chiapas,Tuxtla Gutierrez,Tuxtla Gutiérrez
Vietnam,VNM,Phú Yên,Tuy Hoa,Tuy Hòa
Vietnam,VNM,Tuyên Quang,Tuyen Quang,Tuyên Quang
Russia,RUS,Bashkortostan,Tuymazy,Tuymazy
Bosnia And Herzegovina,BIH,"Bosnia and Herzegovina, Federation of",Tuzla,Tuzla
Russia,RUS,Tverskaya Oblast’,Tver,Tver
Faroe Islands,FRO,,Tvoroyri,Tvøroyri
Australia,AUS,New South Wales,Tweed Heads,Tweed Heads
United States,USA,California,Twentynine Palms,Twentynine Palms
United Kingdom,GBR,Richmond upon Thames,Twickenham,Twickenham
United States,USA,Idaho,Twin Falls,Twin Falls
United States,USA,Wisconsin,Twin Lakes,Twin Lakes
United States,USA,Ohio,Twinsburg,Twinsburg
United States,USA,Wisconsin,Two Rivers,Two Rivers
United States,USA,Texas,Tyler,Tyler
Russia,RUS,Amurskaya Oblast’,Tynda,Tynda
United States,USA,Pennsylvania,Tyrone,Tyrone
United States,USA,Georgia,Tyrone,Tyrone
Russia,RUS,Tyumenskaya Oblast’,Tyumen,Tyumen
South Africa,ZAF,Limpopo,Tzaneen,Tzaneen
Serbia,SRB,Ub,Ub,Ub
Brazil,BRA,Minas Gerais,Uba,Ubá
Brazil,BRA,Bahia,Ubaitaba,Ubaitaba
Brazil,BRA,Minas Gerais,Uberaba,Uberaba
Brazil,BRA,Minas Gerais,Uberlandia,Uberlândia
South Africa,ZAF,KwaZulu-Natal,Ubomba,Ubomba
Thailand,THA,Ubon Ratchathani,Ubon Ratchathani,Ubon Ratchathani
Azerbaijan,AZE,Ucar,Ucar,Ucar
Russia,RUS,Sakha (Yakutiya),Udachnyy,Udachnyy
India,IND,Rājasthān,Udaipur,Udaipur
Italy,ITA,Friuli-Venezia Giulia,Udine,Udine
Thailand,THA,Udon Thani,Udon Thani,Udon Thani
Russia,RUS,Chukotskiy Avtonomnyy Okrug,Uelen,Uelen
Russia,RUS,Bashkortostan,Ufa,Ufa
Russia,RUS,Sakhalinskaya Oblast’,Uglegorsk,Uglegorsk
Russia,RUS,Yaroslavskaya Oblast’,Uglich,Uglich
Russia,RUS,Chukotskiy Avtonomnyy Okrug,Ugolnye Kopi,Ugolnye Kopi
United States,USA,Ohio,Uhrichsville,Uhrichsville
Angola,AGO,Uíge,Uige,Uíge
South Africa,ZAF,Eastern Cape,Uitenhage,Uitenhage
India,IND,Madhya Pradesh,Ujjain,Ujjain
Indonesia,IDN,Sulawesi Selatan,Ujungpandang,Ujungpandang
Russia,RUS,Komi,Ukhta,Ukhta
United States,USA,California,Ukiah,Ukiah
Lithuania,LTU,Ukmergė,Ukmerge,Ukmergė
Mongolia,MNG,Ulaanbaatar,Ulaanbaatar,Ulaanbaatar
Mongolia,MNG,Uvs,Ulaangom,Ulaangom
Mongolia,MNG,Dornogovĭ,Ulaan-Uul,Ulaan-Uul
Russia,RUS,Buryatiya,Ulan Ude,Ulan Ude
China,CHN,Inner Mongolia,Ulanhot,Ulanhot
Latvia,LVA,Stopiņu Novads,Ulbroka,Ulbroka
Montenegro,MNE,Ulcinj,Ulcinj,Ulcinj
Mongolia,MNG,Dzavhan,Uliastay,Uliastay
Russia,RUS,Irkutskaya Oblast’,Ulkan,Ulkan
Australia,AUS,New South Wales,Ulladulla,Ulladulla
Germany,DEU,Baden-Württemberg,Ulm,Ulm
"Korea, South",KOR,Ulsan,Ulsan,Ulsan
South Africa,ZAF,KwaZulu-Natal,Ulundi,Ulundi
Russia,RUS,Ul’yanovskaya Oblast’,Ulyanovsk,Ulyanovsk
United States,USA,Kansas,Ulysses,Ulysses
Ukraine,UKR,Cherkas’ka Oblast’,Uman,Uman
United States,USA,Oregon,Umatilla,Umatilla
Russia,RUS,Murmanskaya Oblast’,Umba,Umba
Sweden,SWE,Västerbotten,Umea,Umeå
Libya,LBY,Wādī ash Shāţi’,Umm al Abid,Umm al Abid
United Arab Emirates,ARE,Umm al Qaywayn,Umm al Qaywayn,Umm al Qaywayn
Sudan,SDN,North Kordofan,Umm Ruwaba,Umm Ruwaba
Qatar,QAT,Umm Şalāl,Umm Salal `Ali,Umm Şalāl ‘Alī
South Africa,ZAF,Eastern Cape,Umtata,Umtata
Nigeria,NGA,Abia,Umuahia,Umuahia
Maldives,MDV,,Un'goofaaru,Un’goofaaru
Bolivia,BOL,Potosí,Uncia,Uncia
Moldova,MDA,Ungheni,Ungheni,Ungheni
United States,USA,Ohio,Union,Union
United States,USA,Missouri,Union,Union
United States,USA,South Carolina,Union,Union
United States,USA,Kentucky,Union,Union
United States,USA,New Jersey,Union Beach,Union Beach
Panama,PAN,Emberá-Wounaan,Union Choco,Unión Chocó
United States,USA,New Jersey,Union City,Union City
United States,USA,Tennessee,Union City,Union City
United States,USA,California,Union City,Union City
United States,USA,Georgia,Union City,Union City
United States,USA,Indiana,Union City,Union City
United States,USA,Washington,Union Gap,Union Gap
United States,USA,Wisconsin,Union Grove,Union Grove
United States,USA,Pennsylvania,Uniontown,Uniontown
United States,USA,North Carolina,Unionville,Unionville
United States,USA,Texas,Universal City,Universal City
United States,USA,Missouri,University City,University City
United States,USA,Ohio,University Heights,University Heights
United States,USA,Texas,University Park,University Park
United States,USA,Illinois,University Park,University Park
United States,USA,Washington,University Place,University Place
Venezuela,VEN,Bolívar,Upata,Upata
Greenland,GRL,Qaasuitsup,Upernavik,Upernavik
South Africa,ZAF,Northern Cape,Upington,Upington
United States,USA,California,Upland,Upland
United States,USA,Ohio,Upper Arlington,Upper Arlington
New Zealand,NZL,Wellington,Upper Hutt,Upper Hutt
United States,USA,New Jersey,Upper Saddle River,Upper Saddle River
United States,USA,Ohio,Upper Sandusky,Upper Sandusky
Sweden,SWE,Uppsala,Uppsala,Uppsala
Sweden,SWE,Stockholm,Uppsala,Uppsala
Canada,CAN,Saskatchewan,Uranium City,Uranium City
Russia,RUS,Khanty-Mansiyskiy Avtonomnyy Okrug-Yugra,Uray,Uray
United States,USA,Illinois,Urbana,Urbana
United States,USA,Ohio,Urbana,Urbana
United States,USA,Iowa,Urbandale,Urbandale
Uzbekistan,UZB,Xorazm,Urgentch,Urgentch
Uzbekistan,UZB,Samarqand,Urgut,Urgut
Iran,IRN,Āz̄arbāyjān-e Gharbī,Urmia,Urmia
Tajikistan,TJK,Sughd,Uroteppa,Uroteppa
Mexico,MEX,Michoacán de Ocampo,Uruapan,Uruapan
Peru,PER,Cusco,Urubamba,Urubamba
Brazil,BRA,Rio Grande do Sul,Uruguaiana,Uruguaiana
China,CHN,Xinjiang,Urumqi,Ürümqi
Russia,RUS,Volgogradskaya Oblast’,Uryupinsk,Uryupinsk
Kazakhstan,KAZ,Shyghys Qazaqstan,Urzhar,Urzhar
Turkey,TUR,Uşak,Usak,Uşak
Namibia,NAM,Erongo,Usakos,Usakos
Kazakhstan,KAZ,Almaty,Ushtobe,Ushtobe
Argentina,ARG,"Tierra del Fuego, Antártida e Islas del Atlántico Sur",Ushuaia,Ushuaia
Russia,RUS,Komi,Usinsk,Usinsk
United Kingdom,GBR,Monmouthshire,Usk,Usk
Russia,RUS,Irkutskaya Oblast’,Usolye Sibirskoye,Usolye Sibirskoye
Argentina,ARG,Mendoza,Uspallata,Uspallata
Russia,RUS,Primorskiy Kray,Ussuriysk,Ussuriysk
Russia,RUS,Kamchatskiy Kray,Ust Kamchatsk,Ust Kamchatsk
Russia,RUS,Irkutskaya Oblast’,Ust Kut,Ust Kut
Russia,RUS,Sakha (Yakutiya),Ust Kuyga,Ust Kuyga
Russia,RUS,Sakha (Yakutiya),Ust Maya,Ust Maya
Russia,RUS,Sakha (Yakutiya),Ust Nera,Ust Nera
Russia,RUS,Sakha (Yakutiya),Ust Olensk,Ust Olensk
Russia,RUS,Irkutskaya Oblast’,Ust' Ordynskiy,Ust' Ordynskiy
Czechia,CZE,Ústecký Kraj,Usti Nad Labem,Usti Nad Labem
Russia,RUS,Irkutskaya Oblast’,Ust-Ulimsk,Ust-Ulimsk
El Salvador,SLV,Usulután,Usulutan,Usulután
Lithuania,LTU,Utena,Utena,Utena
Thailand,THA,Uthai Thani,Uthai Thani,Uthai Thani
United States,USA,New York,Utica,Utica
Russia,RUS,Kamchatskiy Kray,Utkholok,Utkholok
Netherlands,NLD,Utrecht,Utrecht,Utrecht
Japan,JPN,Tochigi,Utsunomiya,Utsunomiya
Thailand,THA,Uttaradit,Uttaradit,Uttaradit
Greenland,GRL,Qaasuitsup,Uummannaq,Uummannaq
United States,USA,Texas,Uvalde,Uvalde
Tanzania,TZA,Kigoma,Uvinza,Uvinza
Congo (Kinshasa),COD,Sud-Kivu,Uvira,Uvira
United Kingdom,GBR,Hillingdon,Uxbridge,Uxbridge
Russia,RUS,Krasnoyarskiy Kray,Uyar,Uyar
Nigeria,NGA,Akwa Ibom,Uyo,Uyo
Bolivia,BOL,Potosí,Uyuni,Uyuni
Ukraine,UKR,Zakarpats’ka Oblast’,Uzhgorod,Uzhgorod
Russia,RUS,Krasnoyarskiy Kray,Uzhur,Uzhur
Serbia,SRB,Užice,Uzice,Užice
Finland,FIN,Pohjanmaa,Vaasa,Vaasa
Hungary,HUN,Pest,Vac,Vác
Brazil,BRA,Rio Grande do Sul,Vacaria,Vacaria
United States,USA,California,Vacaville,Vacaville
United States,USA,Minnesota,Vadnais Heights,Vadnais Heights
India,IND,Gujarāt,Vadodara,Vadodara
Norway,NOR,Finnmark,Vadso,Vadsø
Liechtenstein,LIE,Vaduz,Vaduz,Vaduz
Faroe Islands,FRO,,Vagur,Vágur
United States,USA,Colorado,Vail,Vail
Samoa,WSM,Palauli,Vailoa,Vailoa
Latvia,LVA,Vaiņodes Novads,Vainode,Vaiņode
Canada,CAN,Québec,Val d'Or,Val d'Or
Macedonia,MKD,Valandovo,Valandovo,Valandovo
United States,USA,New York,Valatie,Valatie
Ecuador,ECU,Esmeraldas,Valdez,Valdez
Chile,CHL,Los Ríos,Valdivia,Valdivia
United States,USA,Georgia,Valdosta,Valdosta
Brazil,BRA,Bahia,Valenca,Valença
Venezuela,VEN,Carabobo,Valencia,Valencia
Spain,ESP,Valencia,Valencia,Valencia
Philippines,PHL,Valenzuela,Valenzuela,Valenzuela
Venezuela,VEN,Trujillo,Valera,Valera
Estonia,EST,Valgamaa,Valga,Valga
Serbia,SRB,Valjevo,Valjevo,Valjevo
Latvia,LVA,Valkas Novads,Valka,Valka
Mexico,MEX,Yucatán,Valladolid,Valladolid
Spain,ESP,Castille-Leon,Valladolid,Valladolid
Venezuela,VEN,Guárico,Valle de la Pascua,Valle de la Pascua
Colombia,COL,Cesar,Valledupar,Valledupar
Bolivia,BOL,Santa Cruz,Vallegrande,Vallegrande
United States,USA,California,Vallejo,Vallejo
Chile,CHL,Atacama,Vallenar,Vallenar
Malta,MLT,Valletta,Valletta,Valletta
United States,USA,Alabama,Valley,Valley
United States,USA,Kansas,Valley Center,Valley Center
United States,USA,North Dakota,Valley City,Valley City
United States,USA,Missouri,Valley Park,Valley Park
United States,USA,New York,Valley Stream,Valley Stream
Latvia,LVA,Valmiera,Valmiera,Valmiera
India,IND,Tamil Nādu ,Valparai,Valparai
United States,USA,Indiana,Valparaiso,Valparaiso
Mexico,MEX,Zacatecas,Valparaiso,Valparaíso
Chile,CHL,Valparaíso,Valparaiso,Valparaíso
Russia,RUS,Belgorodskaya Oblast’,Valuyki,Valuyki
Turkey,TUR,Van,Van,Van
United States,USA,Arkansas,Van Buren,Van Buren
United States,USA,Ohio,Van Wert,Van Wert
Armenia,ARM,Lorri,Vanadzor,Vanadzor
Canada,CAN,British Columbia,Vancouver,Vancouver
United States,USA,Washington,Vancouver,Vancouver
United States,USA,Illinois,Vandalia,Vandalia
United States,USA,Ohio,Vandalia,Vandalia
South Africa,ZAF,Western Cape,Vanhynsdorp,Vanhynsdorp
Papua New Guinea,PNG,West Sepik,Vanimo,Vanimo
Russia,RUS,Khabarovskiy Kray,Vanino,Vanino
Sweden,SWE,Västra Götaland,Vannersborg,Vannersborg
Latvia,LVA,Varakļānu Novads,Varaklani,Varakļāni
Iran,IRN,Tehrān,Varamin,Varamin
India,IND,Uttar Pradesh,Varanasi,Varanasi
Croatia,HRV,Varaždinska Županija,Varazdin,Varaždin
Lithuania,LTU,Varėna,Varena,Varėna
Bulgaria,BGR,Varna,Varna,Varna
Russia,RUS,Nenetskiy Avtonomnyy Okrug,Varnek,Varnek
Serbia,SRB,Varvarin,Varvarin,Varvarin
Brazil,BRA,Mato Grosso,Varzea Grande,Várzea Grande
Macedonia,MKD,Vasilevo,Vasilevo,Vasilevo
Romania,ROU,Vaslui,Vaslui,Vaslui
Sweden,SWE,Västmanland,Vasteraas,Västerås
Sweden,SWE,Kronoberg,Vaxjo,Växjö
Latvia,LVA,Vecpiebalgas Novads,Vecpiebalga,Vecpiebalga
Latvia,LVA,Vecumnieku Novads,Vecumnieki,Vecumnieki
Latvia,LVA,Vārkavas Novads,Vecvarkava,Vecvārkava
Canada,CAN,Alberta,Vegreville,Vegreville
Argentina,ARG,Buenos Aires,Veinticinco de Mayo,Veinticinco de Mayo
Denmark,DNK,Syddanmark,Vejle,Vejle
Slovenia,SVN,Velenje,Velenje,Velenje
Macedonia,MKD,Veles,Veles,Veles
Serbia,SRB,Velika Plana,Velika Plana,Velika Plana
Slovenia,SVN,Velika Polana,Velika Polana,Velika Polana
Slovenia,SVN,Velike Lašče,Velike Lasce,Velike Lašče
Russia,RUS,Novgorodskaya Oblast’,Velikiy Novgorod,Velikiy Novgorod
Russia,RUS,Vologodskaya Oblast’,Velikiy Ustyug,Velikiy Ustyug
Russia,RUS,Pskovskaya Oblast’,Velikiye Luki,Velikiye Luki
Serbia,SRB,Veliko Gradište,Veliko Gradiste,Veliko Gradište
India,IND,Tamil Nādu ,Vellore,Vellore
Russia,RUS,Arkhangel’skaya Oblast’,Velsk,Velsk
Argentina,ARG,Santa Fe,Venado Tuerto,Venado Tuerto
United States,USA,Oregon,Veneta,Veneta
Italy,ITA,Veneto,Venice,Venice
United States,USA,Florida,Venice,Venice
United States,USA,New Jersey,Ventnor City,Ventnor City
Latvia,LVA,Ventspils,Ventspils,Ventspils
Argentina,ARG,Santa Fe,Vera,Vera
Mexico,MEX,Veracruz,Veracruz,Veracruz
South Africa,ZAF,Gauteng,Vereeniging,Vereeniging
Uruguay,URY,Treinta y Tres,Vergara,Vergara
Russia,RUS,Sakha (Yakutiya),Verkhnevilyuysk,Verkhnevilyuysk
Russia,RUS,Chelyabinskaya Oblast’,Verkhniy Ufaley,Verkhniy Ufaley
Russia,RUS,Sverdlovskaya Oblast’,Verkhnyaya Salda,Verkhnyaya Salda
Russia,RUS,Sakha (Yakutiya),Verkhoyansk,Verkhoyansk
United States,USA,Ohio,Vermilion,Vermilion
United States,USA,South Dakota,Vermillion,Vermillion
United States,USA,Utah,Vernal,Vernal
United States,USA,Texas,Vernon,Vernon
United States,USA,Illinois,Vernon Hills,Vernon Hills
United States,USA,Florida,Vero Beach,Vero Beach
Italy,ITA,Veneto,Verona,Verona
United States,USA,Wisconsin,Verona,Verona
France,FRA,Île-de-France,Versailles,Versailles
United States,USA,Kentucky,Versailles,Versailles
Slovenia,SVN,Veržej,Verzej,Veržej
United States,USA,Alabama,Vestavia Hills,Vestavia Hills
Faroe Islands,FRO,,Vestmanna,Vestmanna
Hungary,HUN,Veszprém,Veszprem,Veszprém
Macedonia,MKD,Vevčani,Vevcani,Vevčani
Maldives,MDV,,Veymandoo,Veymandoo
Vietnam,VNM,Hậu Giang,Vi Thanh,Vị Thanh
Bolivia,BOL,La Paz,Viacha,Viacha
Brazil,BRA,Maranhão,Viana,Viana
Portugal,PRT,Viana do Castelo,Viana Do Castelo,Viana Do Castelo
Luxembourg,LUX,Vianden,Vianden,Vianden
Italy,ITA,Calabria,Vibo Valentia,Vibo Valentia
Denmark,DNK,Midtjylland,Viborg,Viborg
Mexico,MEX,Baja California,Vicente Guerrero,Vicente Guerrero
Russia,RUS,Ivanovskaya Oblast’,Vichuga,Vichuga
France,FRA,Auvergne-Rhône-Alpes,Vichy,Vichy
United States,USA,Mississippi,Vicksburg,Vicksburg
Australia,AUS,South Australia,Victor Harbor,Victor Harbor
Malta,MLT,Rabat (Ghawdex),Victoria,Victoria
Malaysia,MYS,Labuan,Victoria,Victoria
Seychelles,SYC,,Victoria,Victoria
Argentina,ARG,Entre Ríos,Victoria,Victoria
Canada,CAN,British Columbia,Victoria,Victoria
Chile,CHL,Araucanía,Victoria,Victoria
United States,USA,Texas,Victoria,Victoria
United States,USA,Minnesota,Victoria,Victoria
Zimbabwe,ZWE,Matabeleland North,Victoria Falls,Victoria Falls
Canada,CAN,Québec,Victoriaville,Victoriaville
Argentina,ARG,La Pampa,Victorica,Victorica
United States,USA,California,Victorville,Victorville
Chile,CHL,Coquimbo,Vicuna,Vicuña
United States,USA,Georgia,Vidalia,Vidalia
Faroe Islands,FRO,,Vidhareidhi,Viðareiði
Slovenia,SVN,Dobrepolje,Videm,Videm
Slovenia,SVN,Videm,Videm pri Ptuju,Videm pri Ptuju
Bulgaria,BGR,Vidin,Vidin,Vidin
United States,USA,Texas,Vidor,Vidor
Argentina,ARG,Río Negro,Viedma,Viedma
Austria,AUT,Wien,Vienna,Vienna
United States,USA,Virginia,Vienna,Vienna
United States,USA,West Virginia,Vienna,Vienna
Laos,LAO,Viangchan,Vientiane,Vientiane
Latvia,LVA,Viesītes Novads,Viesite,Viesīte
Vietnam,VNM,Phú Thọ,Viet Tri,Việt Trì
Philippines,PHL,Ilocos Sur,Vigan,Vigan
Spain,ESP,Galicia,Vigo,Vigo
India,IND,Andhra Pradesh,Vijayawada,Vijayawada
Russia,RUS,Irkutskaya Oblast’,Vikhorevka,Vikhorevka
Cabo Verde,CPV,Ribeira Brava,Vila da Ribeira Brava,Vila da Ribeira Brava
Cabo Verde,CPV,Boa Vista,Vila de Sal Rei,Vila de Sal Rei
Cabo Verde,CPV,Maio,Vila do Maio,Vila do Maio
Cabo Verde,CPV,Brava,Vila Nova Sintra,Vila Nova Sintra
Portugal,PRT,Vila Real,Vila Real,Vila Real
Brazil,BRA,Espírito Santo,Vila Velha,Vila Velha
Brazil,BRA,Amapá,Vila Velha,Vila Velha
Latvia,LVA,Viļakas Novads,Vilaka,Viļaka
Mozambique,MOZ,Inhambane,Vilanculos,Vilanculos
Latvia,LVA,Viļānu Novads,Vilani,Viļāni
Brazil,BRA,Rondônia,Vilhena,Vilhena
Maldives,MDV,,Viligili,Viligili
Estonia,EST,Viljandimaa,Viljandi,Viljandi
Lithuania,LTU,Vilkaviškis,Vilkaviskis,Vilkaviškis
Mexico,MEX,Chihuahua,Villa Ahumada,Villa Ahumada
Argentina,ARG,Chaco,Villa Angela,Villa Ángela
Argentina,ARG,Córdoba,Villa Carlos Paz,Villa Carlos Paz
Argentina,ARG,Santa Fe,Villa Constitucion,Villa Constitución
Paraguay,PRY,Presidente Hayes,Villa Hayes,Villa Hayes
United States,USA,Kentucky,Villa Hills,Villa Hills
Argentina,ARG,Córdoba,Villa Maria,Villa María
Bolivia,BOL,Potosí,Villa Martin,Villa Martin
Chile,CHL,Aysén,Villa O'Higgins,Villa O'Higgins
United States,USA,California,Villa Park,Villa Park
United States,USA,Illinois,Villa Park,Villa Park
United States,USA,Georgia,Villa Rica,Villa Rica
Argentina,ARG,Córdoba,Villa Rumipal,Villa Rumipal
Mexico,MEX,Sinaloa,Villa Union,Villa Unión
Mexico,MEX,Tabasco,Villahermosa,Villahermosa
Argentina,ARG,Buenos Aires,Villalonga,Villalonga
Bolivia,BOL,Tarija,Villamontes,Villamontes
Mexico,MEX,Zacatecas,Villanueva,Villanueva
Chile,CHL,Araucanía,Villarica,Villarica
Paraguay,PRY,Guairá,Villarrica,Villarrica
Colombia,COL,Meta,Villavicencio,Villavicencio
Bolivia,BOL,Potosí,Villazon,Villazón
United States,USA,Louisiana,Ville Platte,Ville Platte
Lithuania,LTU,Vilniaus Miestas,Vilnius,Vilnius
Russia,RUS,Sakha (Yakutiya),Vilyuysk,Vilyuysk
Chile,CHL,Valparaíso,Vina del Mar,Viña del Mar
United States,USA,Indiana,Vincennes,Vincennes
United States,USA,Kentucky,Vine Grove,Vine Grove
United States,USA,New Jersey,Vineland,Vineland
United States,USA,Utah,Vineyard,Vineyard
Vietnam,VNM,Nghệ An,Vinh,Vinh
Vietnam,VNM,Vĩnh Long,Vinh Long,Vĩnh Long
Vietnam,VNM,Vĩnh Phúc,Vinh Yen,Vĩnh Yên
Macedonia,MKD,Vinica,Vinica,Vinica
United States,USA,Oklahoma,Vinita,Vinita
Ukraine,UKR,Vinnyts’ka Oblast’,Vinnytsya,Vinnytsya
United States,USA,Virginia,Vinton,Vinton
Slovenia,SVN,Vipava,Vipava,Vipava
Timor-Leste,TLS,Viqueque,Viqueque,Viqueque
Philippines,PHL,Catanduanes,Virac,Virac
United States,USA,Minnesota,Virginia,Virginia
United States,USA,Virginia,Virginia Beach,Virginia Beach
Croatia,HRV,Virovitičko-Podravska Županija,Virovitica,Virovitica
Lithuania,LTU,Visaginas,Visaginas,Visaginas
United States,USA,California,Visalia,Visalia
Sweden,SWE,Gotland,Visby,Visby
Portugal,PRT,Viseu,Viseu,Viseu
Brazil,BRA,Pará,Viseu,Viseu
India,IND,Andhra Pradesh,Vishakhapatnam,Vishakhapatnam
United States,USA,California,Vista,Vista
Slovenia,SVN,Vitanje,Vitanje,Vitanje
Kosovo,XKS,Viti,Viti,Viti
Russia,RUS,Sakha (Yakutiya),Vitim,Vitim
Slovenia,SVN,Sveti Andraž v Slovenskih Goricah,Vitomarci,Vitomarci
Spain,ESP,Basque Country,Vitoria,Vitoria
Brazil,BRA,Espírito Santo,Vitoria,Vitória
Brazil,BRA,Bahia,Vitoria da Conquista,Vitória da Conquista
Belarus,BLR,Vitsyebskaya Voblasts’,Vitsyebsk,Vitsyebsk
Malta,MLT,Birgu,Vittoriosa,Vittoriosa
India,IND,Andhra Pradesh,Vizianagaram,Vizianagaram
Serbia,SRB,Vladičin Han,Vladicin Han,Vladičin Han
Russia,RUS,North Ossetia,Vladikavkaz,Vladikavkaz
Russia,RUS,Vladimirskaya Oblast’,Vladimir,Vladimir
Serbia,SRB,Vladimirci,Vladimirci,Vladimirci
Russia,RUS,Primorskiy Kray,Vladivostok,Vladivostok
Serbia,SRB,Vlasotince,Vlasotince,Vlasotince
Albania,ALB,Vlorë,Vlore,Vlorë
Slovenia,SVN,Vodice,Vodice,Vodice
Kenya,KEN,Taita/Taveta,Voi,Voi
Liberia,LBR,Lofa,Voinjama,Voinjama
Slovenia,SVN,Vojnik,Vojnik,Vojnik
Slovenia,SVN,Renče-Vogrsko,Volcja Draga,Volčja Draga
Russia,RUS,Rostovskaya Oblast’,Volgodonsk,Volgodonsk
Russia,RUS,Volgogradskaya Oblast’,Volgograd,Volgograd
Russia,RUS,Leningradskaya Oblast’,Volkhov,Volkhov
South Africa,ZAF,Mpumalanga,Volksrust,Volksrust
United States,USA,Illinois,Volo,Volo
Russia,RUS,Vologodskaya Oblast’,Vologda,Vologda
Greece,GRC,Thessalía,Volos,Volos
Russia,RUS,Saratovskaya Oblast’,Volsk,Volsk
Brazil,BRA,Rio de Janeiro,Volta Redonda,Volta Redonda
Russia,RUS,Volgogradskaya Oblast’,Volzhskiy,Volzhskiy
Russia,RUS,Komi,Vorkuta,Vorkuta
Russia,RUS,Voronezhskaya Oblast’,Voronezh,Voronezh
Russia,RUS,Krasnoyarskiy Kray,Vorontsovo,Vorontsovo
Estonia,EST,Võrumaa,Voru,Võru
Norway,NOR,Hordaland,Vossavangen,Vossavangen
Russia,RUS,Udmurtiya,Votkinsk,Votkinsk
Ukraine,UKR,Mykolayivs’ka Oblast’,Voznesensk,Voznesensk
Serbia,SRB,Vranje,Vranje,Vranje
Slovenia,SVN,Vransko,Vransko,Vransko
Macedonia,MKD,Vrapčište,Vrapciste,Vrapčište
Bulgaria,BGR,Vratsa,Vratsa,Vratsa
Serbia,SRB,Vrbas,Vrbas,Vrbas
Guyana,GUY,Essequibo Islands-West Demerara,Vreed-en-Hoop,Vreed-en-Hoop
Slovenia,SVN,Vrhnika,Vrhnika,Vrhnika
Serbia,SRB,Vrnjačka Banja,Vrnjacka Banja,Vrnjačka Banja
Serbia,SRB,Vršac,Vrsac,Vršac
South Africa,ZAF,North West,Vryburg,Vryburg
South Africa,ZAF,KwaZulu-Natal,Vryheid,Vryheid
Croatia,HRV,Vukovarsko-Srijemska Županija,Vukovar,Vukovar
Vietnam,VNM,Bà Rịa-Vũng Tàu,Vung Tau,Vung Tau
Kosovo,XKS,Vushtrri,Vushtrri,Vushtrri
Slovenia,SVN,Vuzenica,Vuzenica,Vuzenica
Tanzania,TZA,,Vwawa,Vwawa
Russia,RUS,Khabarovskiy Kray,Vyazemskiy,Vyazemskiy
Russia,RUS,Smolenskaya Oblast’,Vyazma,Vyazma
Russia,RUS,Leningradskaya Oblast’,Vyborg,Vyborg
Russia,RUS,Tverskaya Oblast’,Vyshnniy Volochek,Vyshnniy Volochek
Russia,RUS,Nizhegorodskaya Oblast’,Vyska,Vyska
Ghana,GHA,Upper West,Wa,Wa
Papua New Guinea,PNG,Enga,Wabag,Wabag
United States,USA,Indiana,Wabash,Wabash
United States,USA,Texas,Waco,Waco
United States,USA,Minnesota,Waconia,Waconia
United States,USA,North Carolina,Wadesboro,Wadesboro
Sudan,SDN,Northern,Wadi Halfa,Wadi Halfa
United States,USA,Ohio,Wadsworth,Wadsworth
China,CHN,Liaoning,Wafangdian,Wafangdian
Australia,AUS,New South Wales,Wagga Wagga,Wagga Wagga
Australia,AUS,Western Australia,Wagin,Wagin
United States,USA,Oklahoma,Wagoner,Wagoner
United States,USA,North Dakota,Wahpeton,Wahpeton
Indonesia,IDN,Nusa Tenggara Timur,Waingapu,Waingapu
New Zealand,NZL,Auckland,Waitakere,Waitakere
New Zealand,NZL,Chatham Islands,Waitangi,Waitangi
United States,USA,Minnesota,Waite Park,Waite Park
Kenya,KEN,Wajir,Wajir,Wajir
Japan,JPN,Wakayama,Wakayama,Wakayama
United States,USA,North Carolina,Wake Forest,Wake Forest
United States,USA,Texas,Wake Village,Wake Village
United Kingdom,GBR,Wakefield,Wakefield,Wakefield
Burma,MMR,Ayeyawady,Wakema,Wakema
Uganda,UGA,Wakiso,Wakiso,Wakiso
Angola,AGO,Kwanza Sul,Waku Kungo,Waku Kungo
United States,USA,New York,Walden,Walden
United States,USA,New Jersey,Waldwick,Waldwick
United States,USA,Louisiana,Walker,Walker
United States,USA,Michigan,Walker,Walker
United States,USA,Maryland,Walkersville,Walkersville
United States,USA,North Carolina,Walkertown,Walkertown
United States,USA,Washington,Walla Walla,Walla Walla
Australia,AUS,South Australia,Wallaroo,Wallaroo
United Kingdom,GBR,Wirral,Wallasey,Wallasey
United States,USA,Michigan,Walled Lake,Walled Lake
United States,USA,New Jersey,Wallington,Wallington
United Kingdom,GBR,North Tyneside,Wallsend,Wallsend
United States,USA,California,Walnut,Walnut
United States,USA,California,Walnut Creek,Walnut Creek
United States,USA,Arkansas,Walnut Ridge,Walnut Ridge
United Kingdom,GBR,Walsall,Walsall,Walsall
United States,USA,South Carolina,Walterboro,Walterboro
United States,USA,Massachusetts,Waltham,Waltham
United Kingdom,GBR,Waltham Forest,Walthamstow,Walthamstow
Namibia,NAM,Erongo,Walvis Bay,Walvis Bay
Congo (Kinshasa),COD,Haut-Uélé,Wamba,Wamba
New Zealand,NZL,Otago,Wanaka,Wanaka
United States,USA,New Jersey,Wanaque,Wanaque
United Kingdom,GBR,Wandsworth,Wandsworth,Wandsworth
New Zealand,NZL,Manawatu-Wanganui,Wanganui,Wanganui
Australia,AUS,Victoria,Wangaratta,Wangaratta
Bhutan,BTN,Wangdue Phodrang,Wangdue Prodrang,Wangdue Prodrang
China,CHN,Jilin,Wangqing,Wangqing
China,CHN,Chongqing,Wanzhou,Wanzhou
United States,USA,Ohio,Wapakoneta,Wapakoneta
United States,USA,Washington,Wapato,Wapato
United States,USA,New York,Wappingers Falls,Wappingers Falls
India,IND,Andhra Pradesh,Warangal,Warangal
United States,USA,Arkansas,Ward,Ward
United States,USA,Georgia,Warner Robins,Warner Robins
United States,USA,Oklahoma,Warr Acres,Warr Acres
United States,USA,Pennsylvania,Warren,Warren
United States,USA,Arkansas,Warren,Warren
United States,USA,Ohio,Warren,Warren
United States,USA,Michigan,Warren,Warren
United States,USA,Missouri,Warrensburg,Warrensburg
United States,USA,Ohio,Warrensville Heights,Warrensville Heights
United States,USA,Virginia,Warrenton,Warrenton
United States,USA,Missouri,Warrenton,Warrenton
United States,USA,Oregon,Warrenton,Warrenton
United States,USA,Illinois,Warrenville,Warrenville
Nigeria,NGA,Delta,Warri,Warri
United Kingdom,GBR,Warrington,Warrington,Warrington
Australia,AUS,Victoria,Warrnambool,Warrnambool
Poland,POL,Mazowieckie,Warsaw,Warsaw
United States,USA,Indiana,Warsaw,Warsaw
Australia,AUS,Queensland,Warwick,Warwick
United Kingdom,GBR,Warwickshire,Warwick,Warwick
United States,USA,New York,Warwick,Warwick
United States,USA,Rhode Island,Warwick,Warwick
United States,USA,California,Wasco,Wasco
United States,USA,Minnesota,Waseca,Waseca
United States,USA,District of Columbia,Washington,Washington
United States,USA,New Jersey,Washington,Washington
United States,USA,North Carolina,Washington,Washington
United States,USA,Pennsylvania,Washington,Washington
United States,USA,Illinois,Washington,Washington
United States,USA,Indiana,Washington,Washington
United States,USA,Iowa,Washington,Washington
United States,USA,Utah,Washington,Washington
United States,USA,Missouri,Washington,Washington
United States,USA,Ohio,Washington Court House,Washington Court House
United States,USA,Utah,Washington Terrace,Washington Terrace
United States,USA,New York,Washingtonville,Washingtonville
United States,USA,Washington,Washougal,Washougal
United States,USA,Alaska,Wasilla,Wasilla
Indonesia,IDN,Sulawesi Selatan,Watampone,Watampone
United States,USA,Texas,Watauga,Watauga
United States,USA,New Jersey,Watchung,Watchung
United States,USA,Connecticut,Waterbury,Waterbury
Ireland,IRL,Waterford,Waterford,Waterford
United States,USA,Wisconsin,Waterford,Waterford
United States,USA,California,Waterford,Waterford
United States,USA,Illinois,Waterloo,Waterloo
United States,USA,Iowa,Waterloo,Waterloo
United States,USA,Wisconsin,Watertown,Watertown
United States,USA,New York,Watertown,Watertown
United States,USA,Massachusetts,Watertown,Watertown
United States,USA,South Dakota,Watertown,Watertown
United States,USA,Maine,Waterville,Waterville
United States,USA,Ohio,Waterville,Waterville
United States,USA,New York,Watervliet,Watervliet
United States,USA,North Dakota,Watford City,Watford City
Congo (Kinshasa),COD,Haut-Uélé,Watsa,Watsa
Canada,CAN,Yukon,Watson Lake,Watson Lake
United States,USA,California,Watsonville,Watsonville
South Sudan,SSD,Western Bahr el Ghazal,Wau,Wau
United States,USA,Florida,Wauchula,Wauchula
United States,USA,Illinois,Wauconda,Wauconda
United States,USA,Iowa,Waukee,Waukee
United States,USA,Illinois,Waukegan,Waukegan
United States,USA,Wisconsin,Waukesha,Waukesha
United States,USA,Wisconsin,Waunakee,Waunakee
United States,USA,Wisconsin,Waupaca,Waupaca
United States,USA,Wisconsin,Waupun,Waupun
United States,USA,Wisconsin,Wausau,Wausau
United States,USA,Ohio,Wauseon,Wauseon
United States,USA,Wisconsin,Wauwatosa,Wauwatosa
United States,USA,Mississippi,Waveland,Waveland
United States,USA,Iowa,Waverly,Waverly
Canada,CAN,Ontario,Wawa,Wawa
United States,USA,Texas,Waxahachie,Waxahachie
United States,USA,North Carolina,Waxhaw,Waxhaw
United States,USA,Georgia,Waycross,Waycross
United States,USA,Nebraska,Wayne,Wayne
United States,USA,Michigan,Wayne,Wayne
United States,USA,Virginia,Waynesboro,Waynesboro
United States,USA,Pennsylvania,Waynesboro,Waynesboro
United States,USA,Georgia,Waynesboro,Waynesboro
United States,USA,Pennsylvania,Waynesburg,Waynesburg
United States,USA,North Carolina,Waynesville,Waynesville
United States,USA,Missouri,Waynesville,Waynesville
New Caledonia,NCL,Province Îles,We,Wé
United States,USA,Texas,Weatherford,Weatherford
United States,USA,Oklahoma,Weatherford,Weatherford
United States,USA,Missouri,Webb City,Webb City
United States,USA,Texas,Webster,Webster
United States,USA,New York,Webster,Webster
United States,USA,Iowa,Webster City,Webster City
United States,USA,Missouri,Webster Groves,Webster Groves
United States,USA,North Carolina,Weddington,Weddington
China,CHN,Shandong,Weifang,Weifang
China,CHN,Shandong,Weihai,Weihai
China,CHN,Shaanxi,Weinan,Weinan
Australia,AUS,Queensland,Weipa,Weipa
United States,USA,West Virginia,Weirton,Weirton
United States,USA,Idaho,Weiser,Weiser
United States,USA,Missouri,Weldon Spring,Weldon Spring
South Africa,ZAF,Free State,Welkom,Welkom
New Zealand,NZL,,Wellington,Wellington
United States,USA,Florida,Wellington,Wellington
United States,USA,Colorado,Wellington,Wellington
United States,USA,Kansas,Wellington,Wellington
United States,USA,Ohio,Wellston,Wellston
United States,USA,New York,Wellsville,Wellsville
United Kingdom,GBR,Brent,Wembley,Wembley
United States,USA,Washington,Wenatchee,Wenatchee
United States,USA,North Carolina,Wendell,Wendell
"Micronesia, Federated States Of",FSM,Chuuk,Weno,Weno
China,CHN,Yunnan,Wenshan,Wenshan
United States,USA,Missouri,Wentzville,Wentzville
China,CHN,Zhejiang,Wenzhou,Wenzhou
United States,USA,Texas,Weslaco,Weslaco
United States,USA,North Carolina,Wesley Chapel,Wesley Chapel
United States,USA,New York,Wesley Hills,Wesley Hills
United States,USA,Wisconsin,West Allis,West Allis
United States,USA,Wisconsin,West Bend,West Bend
United States,USA,Utah,West Bountiful,West Bountiful
United States,USA,Pennsylvania,West Chester,West Chester
United States,USA,Illinois,West Chicago,West Chicago
United States,USA,South Carolina,West Columbia,West Columbia
United States,USA,California,West Covina,West Covina
United States,USA,Iowa,West Des Moines,West Des Moines
United States,USA,Illinois,West Dundee,West Dundee
United States,USA,North Dakota,West Fargo,West Fargo
United States,USA,Illinois,West Frankfort,West Frankfort
United States,USA,Connecticut,West Haven,West Haven
United States,USA,Utah,West Haven,West Haven
United States,USA,New York,West Haverstraw,West Haverstraw
United States,USA,California,West Hollywood,West Hollywood
United States,USA,Utah,West Jordan,West Jordan
United States,USA,Indiana,West Lafayette,West Lafayette
United States,USA,Oregon,West Linn,West Linn
United States,USA,New Jersey,West Long Branch,West Long Branch
United States,USA,Florida,West Melbourne,West Melbourne
United States,USA,Arkansas,West Memphis,West Memphis
United States,USA,Florida,West Miami,West Miami
United States,USA,Pennsylvania,West Mifflin,West Mifflin
United States,USA,Louisiana,West Monroe,West Monroe
United States,USA,New Jersey,West New York,West New York
United States,USA,Florida,West Palm Beach,West Palm Beach
United States,USA,Florida,West Park,West Park
United States,USA,Missouri,West Plains,West Plains
United States,USA,Utah,West Point,West Point
United States,USA,Mississippi,West Point,West Point
United States,USA,Washington,West Richland,West Richland
United States,USA,California,West Sacramento,West Sacramento
United States,USA,Minnesota,West Saint Paul,West Saint Paul
United States,USA,Wisconsin,West Salem,West Salem
United States,USA,Texas,West Tawakoni,West Tawakoni
United States,USA,Texas,West University Place,West University Place
United States,USA,Utah,West Valley City,West Valley City
United States,USA,Pennsylvania,West View,West View
United States,USA,Nevada,West Wendover,West Wendover
United States,USA,Maine,Westbrook,Westbrook
United States,USA,New York,Westbury,Westbury
United States,USA,Illinois,Westchester,Westchester
United States,USA,Illinois,Western Springs,Western Springs
United States,USA,Maryland,Westernport,Westernport
United States,USA,Ohio,Westerville,Westerville
United States,USA,New Jersey,Westfield,Westfield
United States,USA,Indiana,Westfield,Westfield
United States,USA,Massachusetts,Westfield,Westfield
United States,USA,Ohio,Westlake,Westlake
United States,USA,Michigan,Westland,Westland
United States,USA,California,Westminster,Westminster
United States,USA,Colorado,Westminster,Westminster
United States,USA,Maryland,Westminster,Westminster
United States,USA,Illinois,Westmont,Westmont
United States,USA,Wisconsin,Weston,Weston
United States,USA,Florida,Weston,Weston
United Kingdom,GBR,North Somerset,Weston-super-Mare,Weston-super-Mare
New Zealand,NZL,West Coast,Westport,Westport
United States,USA,Indiana,Westville,Westville
United States,USA,Louisiana,Westwego,Westwego
United States,USA,New Jersey,Westwood,Westwood
Canada,CAN,Alberta,Wetaskiwin,Wetaskiwin
Tanzania,TZA,Pemba North,Wete,Wete
United States,USA,Alabama,Wetumpka,Wetumpka
Papua New Guinea,PNG,East Sepik,Wewak,Wewak
Ireland,IRL,Wexford,Wexford,Wexford
Canada,CAN,Saskatchewan,Weyburn,Weyburn
New Zealand,NZL,Bay of Plenty,Whakatane,Whakatane
New Zealand,NZL,Northland,Whangarei,Whangarei
United States,USA,New Jersey,Wharton,Wharton
United States,USA,Texas,Wharton,Wharton
United States,USA,Colorado,Wheat Ridge,Wheat Ridge
United States,USA,Illinois,Wheaton,Wheaton
United States,USA,West Virginia,Wheeling,Wheeling
United States,USA,Illinois,Wheeling,Wheeling
United States,USA,Minnesota,White Bear Lake,White Bear Lake
United States,USA,Arkansas,White Hall,White Hall
United States,USA,Tennessee,White House,White House
United States,USA,Texas,White Oak,White Oak
United States,USA,Pennsylvania,White Oak,White Oak
United States,USA,New York,White Plains,White Plains
United States,USA,Texas,White Settlement,White Settlement
United States,USA,Montana,Whitefish,Whitefish
United States,USA,Wisconsin,Whitefish Bay,Whitefish Bay
United States,USA,Pennsylvania,Whitehall,Whitehall
United States,USA,Ohio,Whitehall,Whitehall
United States,USA,Michigan,Whitehall,Whitehall
Canada,CAN,Yukon,Whitehorse,Whitehorse
United States,USA,Texas,Whitehouse,Whitehouse
United States,USA,Indiana,Whitestown,Whitestown
United States,USA,North Carolina,Whiteville,Whiteville
United States,USA,Wisconsin,Whitewater,Whitewater
United States,USA,California,Whittier,Whittier
Australia,AUS,South Australia,Whyalla,Whyalla
Canada,CAN,Ontario,Wiarton,Wiarton
United States,USA,Kansas,Wichita,Wichita
United States,USA,Texas,Wichita Falls,Wichita Falls
United Kingdom,GBR,Highland,Wick,Wick
United States,USA,Ohio,Wickliffe,Wickliffe
Ireland,IRL,Wicklow,Wicklow,Wicklow
United Kingdom,GBR,Halton,Widnes,Widnes
Austria,AUT,Niederösterreich,Wiener Neustadt,Wiener Neustadt
Germany,DEU,Hesse,Wiesbaden,Wiesbaden
United Kingdom,GBR,Wigan,Wigan,Wigan
Australia,AUS,New South Wales,Wilcannia,Wilcannia
United States,USA,California,Wildomar,Wildomar
United States,USA,Florida,Wildwood,Wildwood
United States,USA,New Jersey,Wildwood,Wildwood
United States,USA,Missouri,Wildwood,Wildwood
United States,USA,Pennsylvania,Wilkes-Barre,Wilkes-Barre
United States,USA,Pennsylvania,Wilkinsburg,Wilkinsburg
United States,USA,Ohio,Willard,Willard
United States,USA,Missouri,Willard,Willard
Curaçao,CUW,,Willemstad,Willemstad
United States,USA,California,Williams,Williams
Canada,CAN,British Columbia,Williams Lake,Williams Lake
United States,USA,Virginia,Williamsburg,Williamsburg
United States,USA,Kentucky,Williamsburg,Williamsburg
United States,USA,Pennsylvania,Williamsport,Williamsport
United States,USA,North Carolina,Williamston,Williamston
United States,USA,Michigan,Williamston,Williamston
United States,USA,New York,Williamsville,Williamsville
United States,USA,Texas,Willis,Willis
United States,USA,North Dakota,Williston,Williston
United States,USA,New York,Williston Park,Williston Park
United States,USA,California,Willits,Willits
United States,USA,Minnesota,Willmar,Willmar
United States,USA,Ohio,Willoughby,Willoughby
United States,USA,Ohio,Willoughby Hills,Willoughby Hills
United States,USA,Texas,Willow Park,Willow Park
United States,USA,Illinois,Willow Springs,Willow Springs
United States,USA,Illinois,Willowbrook,Willowbrook
United States,USA,Ohio,Willowick,Willowick
United States,USA,California,Willows,Willows
United States,USA,Illinois,Wilmette,Wilmette
United States,USA,Delaware,Wilmington,Wilmington
United States,USA,North Carolina,Wilmington,Wilmington
United States,USA,Illinois,Wilmington,Wilmington
United States,USA,Ohio,Wilmington,Wilmington
United States,USA,Kentucky,Wilmore,Wilmore
United States,USA,North Carolina,Wilson,Wilson
United States,USA,Pennsylvania,Wilson,Wilson
United States,USA,Oregon,Wilsonville,Wilsonville
United States,USA,Florida,Wilton Manors,Wilton Manors
Luxembourg,LUX,Wiltz,Wiltz,Wiltz
United Kingdom,GBR,Hampshire,Winchester,Winchester
United States,USA,Virginia,Winchester,Winchester
United States,USA,Tennessee,Winchester,Winchester
United States,USA,Kentucky,Winchester,Winchester
United States,USA,Texas,Windcrest,Windcrest
United States,USA,Georgia,Winder,Winder
Namibia,NAM,Khomas,Windhoek,Windhoek
Australia,AUS,Queensland,Windorah,Windorah
Canada,CAN,Nova Scotia,Windsor,Windsor
Canada,CAN,Ontario,Windsor,Windsor
United States,USA,Wisconsin,Windsor,Windsor
United States,USA,California,Windsor,Windsor
United States,USA,Colorado,Windsor,Windsor
United States,USA,Illinois,Winfield,Winfield
United States,USA,Indiana,Winfield,Winfield
United States,USA,Kansas,Winfield,Winfield
Ghana,GHA,,Winneba,Winneba
United States,USA,Nevada,Winnemucca,Winnemucca
United States,USA,Illinois,Winnetka,Winnetka
Canada,CAN,Manitoba,Winnipeg,Winnipeg
United States,USA,Louisiana,Winnsboro,Winnsboro
United States,USA,Minnesota,Winona,Winona
United States,USA,Indiana,Winona Lake,Winona Lake
United States,USA,Vermont,Winooski,Winooski
United States,USA,Arizona,Winslow,Winslow
United States,USA,Oregon,Winston,Winston
United States,USA,North Carolina,Winston-Salem,Winston-Salem
United States,USA,Florida,Winter Garden,Winter Garden
United States,USA,Florida,Winter Haven,Winter Haven
United States,USA,Florida,Winter Park,Winter Park
United States,USA,Florida,Winter Springs,Winter Springs
United States,USA,California,Winters,Winters
United States,USA,Iowa,Winterset,Winterset
United States,USA,North Carolina,Winterville,Winterville
United States,USA,Illinois,Winthrop Harbor,Winthrop Harbor
Australia,AUS,Queensland,Winton,Winton
United States,USA,Wisconsin,Wisconsin Rapids,Wisconsin Rapids
Kenya,KEN,Lamu,Witu,Witu
United States,USA,Michigan,Wixom,Wixom
United States,USA,Massachusetts,Woburn,Woburn
United Kingdom,GBR,Wokingham,Wokingham,Wokingham
Australia,AUS,New South Wales,Wollongong,Wollongong
United Kingdom,GBR,Wolverhampton,Wolverhampton,Wolverhampton
"Korea, South",KOR,Gangwon,Wonju,Wonju
"Korea, North",PRK,Kangwŏn,Wonsan,Wonsan
Australia,AUS,Victoria,Wonthaggi,Wonthaggi
United States,USA,Illinois,Wood Dale,Wood Dale
United Kingdom,GBR,Haringey,Wood Green,Wood Green
United States,USA,Illinois,Wood River,Wood River
United States,USA,Oregon,Woodburn,Woodburn
United States,USA,New Jersey,Woodbury,Woodbury
United States,USA,New York,Woodbury,Woodbury
United States,USA,Minnesota,Woodbury,Woodbury
United States,USA,New Jersey,Woodcliff Lake,Woodcliff Lake
United States,USA,Texas,Woodcreek,Woodcreek
United States,USA,North Carolina,Woodfin,Woodfin
United States,USA,Michigan,Woodhaven,Woodhaven
United States,USA,Washington,Woodinville,Woodinville
United States,USA,California,Woodlake,Woodlake
United States,USA,Washington,Woodland,Woodland
United States,USA,California,Woodland,Woodland
United States,USA,Colorado,Woodland Park,Woodland Park
United States,USA,Illinois,Woodridge,Woodridge
United States,USA,New Jersey,Wood-Ridge,Wood-Ridge
United States,USA,Utah,Woods Cross,Woods Cross
United States,USA,California,Woodside,Woodside
United States,USA,Virginia,Woodstock,Woodstock
United States,USA,Illinois,Woodstock,Woodstock
United States,USA,Georgia,Woodstock,Woodstock
United States,USA,Oklahoma,Woodward,Woodward
United States,USA,Texas,Woodway,Woodway
United Kingdom,GBR,Greenwich,Woolwich,Woolwich
Australia,AUS,South Australia,Woomera,Woomera
United States,USA,Rhode Island,Woonsocket,Woonsocket
United States,USA,Ohio,Wooster,Wooster
South Africa,ZAF,Western Cape,Worcester,Worcester
United Kingdom,GBR,Worcestershire,Worcester,Worcester
United States,USA,Massachusetts,Worcester,Worcester
United States,USA,Wyoming,Worland,Worland
United States,USA,Illinois,Worth,Worth
United States,USA,Ohio,Worthington,Worthington
United States,USA,Minnesota,Worthington,Worthington
Kenya,KEN,Makueni,Wote,Wote
United Kingdom,GBR,Wrexham,Wrecsam,Wrecsam
United States,USA,Georgia,Wrightsville,Wrightsville
Poland,POL,Dolnośląskie,Wroclaw,Wrocław
China,CHN,Inner Mongolia,Wuchuan,Wuchuan
China,CHN,Inner Mongolia,Wuhai,Wuhai
China,CHN,Hubei,Wuhan,Wuhan
China,CHN,Anhui,Wuhu,Wuhu
Nigeria,NGA,Taraba,Wukari,Wukari
Cameroon,CMR,North-West,Wum,Wum
Germany,DEU,North Rhine-Westphalia,Wuppertal,Wuppertal
Germany,DEU,Bavaria,Wurzburg,Würzburg
China,CHN,Gansu,Wuwei,Wuwei
China,CHN,Jiangsu,Wuxi,Wuxi
China,CHN,Inner Mongolia,Wuyuan,Wuyuan
China,CHN,Guangxi,Wuzhou,Wuzhou
United States,USA,Michigan,Wyandotte,Wyandotte
United States,USA,Texas,Wylie,Wylie
Australia,AUS,Western Australia,Wyndham,Wyndham
United States,USA,Arkansas,Wynne,Wynne
United States,USA,Ohio,Wyoming,Wyoming
United States,USA,Minnesota,Wyoming,Wyoming
United States,USA,Michigan,Wyoming,Wyoming
United States,USA,Pennsylvania,Wyomissing,Wyomissing
United States,USA,Virginia,Wytheville,Wytheville
Azerbaijan,AZE,Xaçmaz,Xacmaz,Xaçmaz
Malta,MLT,Xagħra,Xaghra,Xagħra
Laos,LAO,Xaignabouli,Xaignabouri,Xaignabouri
Mozambique,MOZ,Gaza,Xai-Xai,Xai-Xai
Mexico,MEX,Veracruz,Xalapa,Xalapa
Laos,LAO,Houaphan,Xam Nua,Xam Nua
Angola,AGO,Cunene,Xangongo,Xangongo
Greece,GRC,Anatolikí Makedonía kai Thráki,Xanthi,Xanthi
Brazil,BRA,Santa Catarina,Xapeco,Xapeco
United States,USA,Ohio,Xenia,Xenia
Malta,MLT,Xewkija,Xewkija,Xewkija
Malta,MLT,Xgħajra,Xghajra,Xgħajra
China,CHN,Fujian,Xiamen,Xiamen
China,CHN,Shaanxi,Xian,Xian
China,CHN,Hubei,Xiangfan,Xiangfan
Laos,LAO,Xiangkhouang,Xiangkhoang,Xiangkhoang
China,CHN,Hebei,Xiangtai,Xiangtai
China,CHN,Hunan,Xiangtan,Xiangtan
China,CHN,Hubei,Xiantao,Xiantao
China,CHN,Shaanxi,Xianyang,Xianyang
China,CHN,Hubei,Xiaogan,Xiaogan
China,CHN,Sichuan,Xichang,Xichang
China,CHN,Tibet,Xigaze,Xigaze
China,CHN,Inner Mongolia,Xilinhot,Xilinhot
Brazil,BRA,Pará,Xinguara,Xinguara
China,CHN,Guizhou,Xingyi,Xingyi
China,CHN,Qinghai,Xining,Xining
China,CHN,Heilongjiang,Xinqing,Xinqing
China,CHN,Henan,Xinxiang,Xinxiang
China,CHN,Henan,Xinyang,Xinyang
China,CHN,Jiangsu,Xinyi,Xinyi
China,CHN,Jiangxi,Xinyu,Xinyu
China,CHN,Shanxi,Xinzhou,Xinzhou
Brazil,BRA,Bahia,Xique-Xique,Xique-Xique
Azerbaijan,AZE,Abşeron,Xirdalan,Xırdalan
Azerbaijan,AZE,Xızı,Xizi,Xızı
Azerbaijan,AZE,Xocalı,Xocali,Xocalı
Azerbaijan,AZE,Xocavənd,Xocavand,Xocavənd
China,CHN,Hebei,Xuanhua,Xuanhua
China,CHN,Anhui,Xuanzhou,Xuanzhou
China,CHN,Henan,Xuchang,Xuchang
China,CHN,Jiangsu,Xuzhou,Xuzhou
China,CHN,Sichuan,Yaan,Yaan
China,CHN,Inner Mongolia,Yakeshi,Yakeshi
United States,USA,Washington,Yakima,Yakima
Burkina Faso,BFA,Nord,Yako,Yako
Central African Republic,CAF,,Yakossi,Yakossi
Russia,RUS,Sakha (Yakutiya),Yakutsk,Yakutsk
Thailand,THA,Yala,Yala,Yala
Turkey,TUR,Yalova,Yalova,Yalova
Russia,RUS,Tyumenskaya Oblast’,Yalutorovsk,Yalutorovsk
Japan,JPN,Yamagata,Yamagata,Yamagata
Japan,JPN,Yamaguchi,Yamaguchi,Yamaguchi
Australia,AUS,New South Wales,Yamba,Yamba
South Sudan,SSD,Western Equatoria,Yambio,Yambio
Bulgaria,BGR,Yambol,Yambol,Yambol
Côte D’Ivoire,CIV,Yamoussoukro,Yamoussoukro,Yamoussoukro
Saudi Arabia,SAU,Al Madīnah al Munawwarah,Yanbu al Bahr,Yanbu al Bahr
China,CHN,Jiangsu,Yancheng,Yancheng
Burma,MMR,Ayeyawady,Yandoon,Yandoon
Congo (Kinshasa),COD,Tshopo,Yangambi,Yangambi
China,CHN,Guangdong,Yangjiang,Yangjiang
Taiwan,TWN,Taoyuan,Yangmei,Yangmei
China,CHN,Shanxi,Yangquan,Yangquan
China,CHN,Jiangsu,Yangzhou,Yangzhou
China,CHN,Jilin,Yanji,Yanji
United States,USA,South Dakota,Yankton,Yankton
China,CHN,Shandong,Yantai,Yantai
Cameroon,CMR,Centre,Yaounde,Yaounde
Azerbaijan,AZE,Yardımlı,Yardimli,Yardımlı
Canada,CAN,Nova Scotia,Yarmouth,Yarmouth
Russia,RUS,Yaroslavskaya Oblast’,Yaroslavl,Yaroslavl
Colombia,COL,Antioquia,Yarumal,Yarumal
Thailand,THA,Yasothon,Yasothon,Yasothon
Iran,IRN,Kohgīlūyeh va Bowyer Aḩmad,Yasuj,Yasuj
Ecuador,ECU,Morona-Santiago,Yaupi,Yaupi
Burma,MMR,Magway,Yaynangyoung,Yaynangyoung
Iran,IRN,Yazd,Yazd,Yazd
United States,USA,Mississippi,Yazoo City,Yazoo City
Burma,MMR,Mon State,Ye,Ye
United States,USA,Pennsylvania,Yeadon,Yeadon
Russia,RUS,Tul’skaya Oblast’,Yefremov,Yefremov
Armenia,ARM,Vayots’ Dzor,Yeghegnadzor,Yeghegnadzor
Russia,RUS,Moskovskaya Oblast’,Yegoryevsk,Yegoryevsk
South Sudan,SSD,Central Equatoria,Yei,Yei
Russia,RUS,Sverdlovskaya Oblast’,Yekaterinburg,Yekaterinburg
Russia,RUS,Lipetskaya Oblast’,Yelets,Yelets
Mali,MLI,Kayes,Yelimane,Yélimané
Canada,CAN,Northwest Territories,Yellowknife,Yellowknife
United States,USA,Washington,Yelm,Yelm
Russia,RUS,Chelyabinskaya Oblast’,Yemanzhelinsk,Yemanzhelinsk
Vietnam,VNM,Yên Bái,Yen Bai,Yên Bái
Nigeria,NGA,Bayelsa,Yenagoa,Yenagoa
Ghana,GHA,,Yendi,Yendi
Russia,RUS,Krasnoyarskiy Kray,Yeniseysk,Yeniseysk
"Korea, South",KOR,Jeonnam,Yeosu,Yeosu
Australia,AUS,Queensland,Yeppoon,Yeppoon
Russia,RUS,Irkutskaya Oblast’,Yerema,Yerema
Armenia,ARM,Yerevan,Yerevan,Yerevan
Russia,RUS,Krasnoyarskiy Kray,Yessey,Yessey
Azerbaijan,AZE,Yevlax,Yevlax,Yevlax
Russia,RUS,Krasnodarskiy Kray,Yeysk,Yeysk
Paraguay,PRY,Canindeyú,Ygatimi,Ygatimí
China,CHN,Heilongjiang,Yian,Yian
China,CHN,Sichuan,Yibin,Yibin
China,CHN,Hubei,Yichang,Yichang
China,CHN,Jiangxi,Yichun,Yichun
China,CHN,Heilongjiang,Yichun,Yichun
Taiwan,TWN,Yilan,Yilan,Yilan
China,CHN,Ningxia,Yinchuan,Yinchuan
China,CHN,Liaoning,Yingkow,Yingkow
China,CHN,Xinjiang,Yining,Yining
Ethiopia,ETH,YeDebub Bihēroch Bihēreseboch na Hizboch,Yirga Alem,Yirga Alem
China,CHN,Guangxi,Yishan,Yishan
China,CHN,Shandong,Yishui,Yishui
China,CHN,Hunan,Yiyang,Yiyang
United States,USA,Texas,Yoakum,Yoakum
Indonesia,IDN,Yogyakarta,Yogyakarta,Yogyakarta
Japan,JPN,Kanagawa,Yokohama,Yokohama
Nigeria,NGA,Adamawa,Yola,Yola
Guinea,GIN,N’Zérékoré,Yomou,Yomou
China,CHN,Hunan,Yongzhou,Yongzhou
United States,USA,New York,Yonkers,Yonkers
Colombia,COL,Casanare,Yopal,Yopal
United States,USA,California,Yorba Linda,Yorba Linda
United Kingdom,GBR,York,York,York
United States,USA,Nebraska,York,York
United States,USA,Pennsylvania,York,York
United States,USA,South Carolina,York,York
Canada,CAN,Saskatchewan,Yorkton,Yorkton
United States,USA,Indiana,Yorktown,Yorktown
United States,USA,Illinois,Yorkville,Yorkville
Honduras,HND,Yoro,Yoro,Yoro
Honduras,HND,Yoro,Yoro,Yoro
Russia,RUS,Mariy-El,Yoshkar Ola,Yoshkar Ola
Australia,AUS,New South Wales,Young,Young
United States,USA,Ohio,Youngstown,Youngstown
United States,USA,Louisiana,Youngsville,Youngsville
United States,USA,Arizona,Youngtown,Youngtown
Turkey,TUR,Yozgat,Yozgat,Yozgat
Paraguay,PRY,Central,Ypacarai,Ypacaraí
Paraguay,PRY,Canindeyú,Ype Jhu,Ype Jhu
United States,USA,Michigan,Ypsilanti,Ypsilanti
United States,USA,California,Yreka,Yreka
United Kingdom,GBR,Caerphilly,Ystrad Mynach,Ystrad Mynach
United States,USA,California,Yuba City,Yuba City
United States,USA,California,Yucaipa,Yucaipa
United States,USA,California,Yucca Valley,Yucca Valley
China,CHN,Shanxi,Yuci,Yuci
China,CHN,Hunan,Yueyang,Yueyang
United States,USA,Oklahoma,Yukon,Yukon
Australia,AUS,Northern Territory,Yulara,Yulara
China,CHN,Guangxi,Yulin,Yulin
China,CHN,Shaanxi,Yulin,Yulin
United States,USA,Arizona,Yuma,Yuma
Uganda,UGA,Yumbe,Yumbe,Yumbe
China,CHN,Gansu,Yumen,Yumen
China,CHN,Hubei,Yunxian,Yunxian
Russia,RUS,Kemerovskaya Oblast’,Yurga,Yurga
Honduras,HND,El Paraíso,Yuscaran,Yuscarán
China,CHN,Yunnan,Yuxi,Yuxi
Russia,RUS,Sakhalinskaya Oblast’,Yuzhno Sakhalinsk,Yuzhno Sakhalinsk
Serbia,SRB,Žabalj,Zabalj,Žabalj
Serbia,SRB,Žabari,Zabari,Žabari
Malta,MLT,Żabbar,Zabbar,Żabbar
Yemen,YEM,Al Ḩudaydah,Zabid,Zabīd
Montenegro,MNE,Žabljak,Zabljak,Žabljak
Iran,IRN,Sīstān va Balūchestān,Zabol,Zabol
Guatemala,GTM,Zacapa,Zacapa,Zacapa
Mexico,MEX,Zacatecas,Zacatecas,Zacatecas
El Salvador,SLV,La Paz,Zacatecoluca,Zacatecoluca
United States,USA,Louisiana,Zachary,Zachary
Croatia,HRV,Zadarska Županija,Zadar,Zadar
Egypt,EGY,Ash Sharqīyah,Zagazig,Zagazig
Tunisia,TUN,Zaghouan,Zaghouan,Zaghouan
Slovenia,SVN,Zagorje ob Savi,Zagorje ob Savi,Zagorje ob Savi
Croatia,HRV,"Zagreb, Grad",Zagreb,Zagreb
Serbia,SRB,Žagubica,Zagubica,Žagubica
Iran,IRN,Sīstān va Balūchestān,Zahedan,Zahedan
Lebanon,LBN,Béqaa,Zahle,Zahlé
Serbia,SRB,Zaječar,Zajecar,Zaječar
Iraq,IRQ,Dahūk,Zakho,Zakho
Hungary,HUN,Zala,Zalaegerszeg,Zalaegerszeg
China,CHN,Inner Mongolia,Zalantun,Zalantun
Romania,ROU,Sălaj,Zalau,Zalău
Slovenia,SVN,Žalec,Zalec,Žalec
Sudan,SDN,Central Darfur,Zalingei,Zalingei
Zambia,ZMB,North-Western,Zambezi,Zambezi
Philippines,PHL,Zamboanga,Zamboanga,Zamboanga
Mexico,MEX,Michoacán de Ocampo,Zamora,Zamora
Ecuador,ECU,Zamora-Chinchipe,Zamora,Zamora
United States,USA,Ohio,Zanesville,Zanesville
Iran,IRN,Zanjān,Zanjan,Zanjan
Tanzania,TZA,Zanzibar Urban/West,Zanzibar,Zanzibar
Russia,RUS,Krasnoyarskiy Kray,Zaozernyy,Zaozernyy
China,CHN,Shandong,Zaozhuang,Zaozhuang
Argentina,ARG,Neuquén,Zapala,Zapala
Ukraine,UKR,Zaporiz’ka Oblast’,Zaporizhzhya,Zaporizhzhya
Azerbaijan,AZE,Zaqatala,Zaqatala,Zaqatala
Uzbekistan,UZB,Navoiy,Zarafshon,Zarafshon
Spain,ESP,Aragon,Zaragoza,Zaragoza
Afghanistan,AFG,Nīmrōz,Zaranj,Zaranj
Lithuania,LTU,Zarasai,Zarasai,Zarasai
Argentina,ARG,Buenos Aires,Zarate,Zárate
Venezuela,VEN,Guárico,Zaraza,Zaraza
Afghanistan,AFG,Paktīkā,Zareh Sharan,Zareh Sharan
Nigeria,NGA,Kaduna,Zaria,Zaria
Tunisia,TUN,Médenine,Zarzis,Zarzis
Slovenia,SVN,Zavrč,Zavrc,Zavrč
Kazakhstan,KAZ,Shyghys Qazaqstan,Zaysan,Zaysan
Malta,MLT,Żebbuġ,Zebbug,Żebbuġ
Malta,MLT,Żebbuġ (Ghawdex),Zebbug,Żebbuġ
United States,USA,North Carolina,Zebulon,Zebulon
United States,USA,Michigan,Zeeland,Zeeland
Malta,MLT,Żejtun,Zejtun,Żejtun
Macedonia,MKD,Zelenikovo,Zelenikovo,Zelenikovo
Russia,RUS,Tatarstan,Zelenodolsk,Zelenodolsk
Russia,RUS,Stavropol’skiy Kray,Zelenokumsk,Zelenokumsk
Slovenia,SVN,Železniki,Zelezniki,Železniki
Macedonia,MKD,Želino,Zelino,Želino
Central African Republic,CAF,,Zemio,Zemio
Russia,RUS,Sakha (Yakutiya),Zemlya Bunge,Zemlya Bunge
Azerbaijan,AZE,Zəngilan,Zangilan,Zəngilan
Bosnia And Herzegovina,BIH,"Bosnia and Herzegovina, Federation of",Zenica,Zenica
United States,USA,Florida,Zephyrhills,Zephyrhills
Azerbaijan,AZE,Zərdab,Zardab,Zərdab
Slovenia,SVN,Žetale,Zetale,Žetale
Russia,RUS,Amurskaya Oblast’,Zeya,Zeya
Slovenia,SVN,Kungota,Zgornja Kungota,Zgornja Kungota
Slovenia,SVN,Gorje,Zgornje Gorje,Zgornje Gorje
Slovenia,SVN,Jezersko,Zgornje Jezersko,Zgornje Jezersko
Kazakhstan,KAZ,Aqmola,Zhaltyr,Zhaltyr
Kazakhstan,KAZ,Mangghystaū,Zhangaozen,Zhangaozen
China,CHN,Hebei,Zhangjiakou,Zhangjiakou
China,CHN,Gansu,Zhangye,Zhangye
China,CHN,Fujian,Zhangzhou,Zhangzhou
Kazakhstan,KAZ,Batys Qazaqstan,Zhanibek,Zhanibek
China,CHN,Guangdong,Zhanjiang,Zhanjiang
China,CHN,Yunnan,Zhanyi,Zhanyi
China,CHN,Heilongjiang,Zhaodong,Zhaodong
China,CHN,Guangdong,Zhaoqing,Zhaoqing
China,CHN,Yunnan,Zhaotang,Zhaotang
Kazakhstan,KAZ,Almaty,Zharkent,Zharkent
Russia,RUS,Kurskaya Oblast’,Zheleznogorsk,Zheleznogorsk
Russia,RUS,Irkutskaya Oblast’,Zheleznogorsk Ilimskiy,Zheleznogorsk Ilimskiy
Bhutan,BTN,Zhemgang,Zhemgang,Zhemgang
China,CHN,Henan,Zhengzhou,Zhengzhou
China,CHN,Jiangsu,Zhenjiang,Zhenjiang
Kazakhstan,KAZ,Qostanay,Zhetiqara,Zhetiqara
Kazakhstan,KAZ,Qaraghandy,Zhezqazghan,Zhezqazghan
Russia,RUS,Sakha (Yakutiya),Zhigansk,Zhigansk
China,CHN,Hunan,Zhijiang,Zhijiang
Russia,RUS,Sakha (Yakutiya),Zhilinda,Zhilinda
Pakistan,PAK,Balochistān,Zhob,Zhob
Kazakhstan,KAZ,Aqmola,Zholymbet,Zholymbet
Taiwan,TWN,Taoyuan,Zhongli,Zhongli
Kazakhstan,KAZ,Qyzylorda,Zhosaly,Zhosaly
China,CHN,Henan,Zhoukou,Zhoukou
China,CHN,Liaoning,Zhuanghe,Zhuanghe
Taiwan,TWN,Hsinchu,Zhubei,Zhubei
China,CHN,Shandong,Zhucheng,Zhucheng
China,CHN,Guangdong,Zhuhai,Zhuhai
China,CHN,Hebei,Zhuozhou,Zhuozhou
China,CHN,Hunan,Zhuzhou,Zhuzhou
Ukraine,UKR,Zhytomyrs’ka Oblast’,Zhytomyr,Zhytomyr
China,CHN,Shandong,Zibo,Zibo
China,CHN,Hubei,Zicheng,Zicheng
Poland,POL,Lubuskie,Zielona Gora,Zielona Góra
China,CHN,Sichuan,Zigong,Zigong
Senegal,SEN,Ziguinchor,Ziguinchor,Ziguinchor
Slovakia,SVK,Žilinský,Zilina,Žilina
Libya,LBY,Al Jufrah,Zillah,Zillah
Latvia,LVA,Zilupes Novads,Zilupe,Zilupe
Russia,RUS,Irkutskaya Oblast’,Zima,Zima
United States,USA,Minnesota,Zimmerman,Zimmerman
Niger,NER,Zinder,Zinder,Zinder
Burkina Faso,BFA,Plateau-Central,Ziniare,Ziniaré
Yemen,YEM,Abyan,Zinjibar,Zinjibār
United States,USA,Illinois,Zion,Zion
United States,USA,Indiana,Zionsville,Zionsville
Slovenia,SVN,Žiri,Ziri,Žiri
Slovenia,SVN,Žirovnica,Zirovnica,Žirovnica
Serbia,SRB,Žitište,Zitiste,Žitište
Serbia,SRB,Žitorađa,Zitorada,Žitorađa
China,CHN,Hunan,Zixing,Zixing
Russia,RUS,Chelyabinskaya Oblast’,Zlatoust,Zlatoust
Czechia,CZE,Zlínský Kraj,Zlin,Zlín
Russia,RUS,Altayskiy Kray,Zmeinogorsk,Zmeinogorsk
Malawi,MWI,Zomba,Zomba,Zomba
Uganda,UGA,Zombo,Zombo,Zombo
Congo (Kinshasa),COD,Sud-Ubangi,Zongo,Zongo
Turkey,TUR,Zonguldak,Zonguldak,Zonguldak
Burkina Faso,BFA,Plateau-Central,Zorgo,Zorgo
Chad,TCD,Tibesti,Zouar,Zouar
Mauritania,MRT,Tiris Zemmour,Zouirat,Zouirat
Slovenia,SVN,Zreče,Zrece,Zreče
Serbia,SRB,Zrenjanin,Zrenjanin,Zrenjanin
Macedonia,MKD,Zrnovci,Zrnovci,Zrnovci
Kosovo,XKS,Zubin Potok,Zubin Potok,Zubin Potok
Switzerland,CHE,Zug,Zug,Zug
Georgia,GEO,Samegrelo-Zemo Svaneti,Zugdidi,Zugdidi
Mexico,MEX,México,Zumpango,Zumpango
China,CHN,Guizhou,Zunyi,Zunyi
Switzerland,CHE,Zürich,Zurich,Zürich
Malta,MLT,Żurrieq,Zurrieq,Żurrieq
Libya,LBY,An Nuqāţ al Khams,Zuwarah,Zuwarah
Slovenia,SVN,Žužemberk,Zuzemberk,Žužemberk
Kosovo,XKS,Zveçan,Zvecan,Zveçan
Russia,RUS,Chukotskiy Avtonomnyy Okrug,Zvezdnyy,Zvezdnyy
Zimbabwe,ZWE,Masvingo,Zvishavane,Zvishavane
Slovakia,SVK,Banskobystrický,Zvolen,Zvolen
Liberia,LBR,Grand Gedeh,Zwedru,Zwedru
Netherlands,NLD,Overijssel,Zwolle,Zwolle
Russia,RUS,Sakha (Yakutiya),Zyryanka,Zyryanka
Kazakhstan,KAZ,Shyghys Qazaqstan,Zyryanovsk,Zyryanovsk
